e_number,official_name_fr,official_name_nl,official_name_en,official_name_de,eu_category,annex_section,source_celex,source_consolidation_date,source_url_fr,source_url_nl,source_url_en,source_url_de,commission_database_url,verification_status,verification_note
E100,Curcumine,Curcumine,Curcumin,Kurkumin,Annex II Part B,II-B,02008R1333,18.08.2026,https://eur-lex.europa.eu/legal-content/FR/TXT/PDF/?uri=CELEX:02008R1333-20260818,https://eur-lex.europa.eu/legal-content/NL/TXT/PDF/?uri=CELEX:02008R1333-20260818,https://eur-lex.europa.eu/legal-content/EN/TXT/PDF/?uri=CELEX:02008R1333-20260818,https://eur-lex.europa.eu/legal-content/DE/TXT/PDF/?uri=CELEX:02008R1333-20260818,https://food.ec.europa.eu/food-safety/food-improvement-agents/additives/database_en,COMPLETE_4_LANGUAGES,
E101,Riboflavines,Riboflavinen,Riboflavins,Riboflavine,Annex II Part B,II-B,02008R1333,18.08.2026,https://eur-lex.europa.eu/legal-content/FR/TXT/PDF/?uri=CELEX:02008R1333-20260818,https://eur-lex.europa.eu/legal-content/NL/TXT/PDF/?uri=CELEX:02008R1333-20260818,https://eur-lex.europa.eu/legal-content/EN/TXT/PDF/?uri=CELEX:02008R1333-20260818,https://eur-lex.europa.eu/legal-content/DE/TXT/PDF/?uri=CELEX:02008R1333-20260818,https://food.ec.europa.eu/food-safety/food-improvement-agents/additives/database_en,COMPLETE_4_LANGUAGES,
E102,Tartrazine,Tartrazine,Tartrazine,Tartrazin,Annex II Part B,II-B,02008R1333,18.08.2026,https://eur-lex.europa.eu/legal-content/FR/TXT/PDF/?uri=CELEX:02008R1333-20260818,https://eur-lex.europa.eu/legal-content/NL/TXT/PDF/?uri=CELEX:02008R1333-20260818,https://eur-lex.europa.eu/legal-content/EN/TXT/PDF/?uri=CELEX:02008R1333-20260818,https://eur-lex.europa.eu/legal-content/DE/TXT/PDF/?uri=CELEX:02008R1333-20260818,https://food.ec.europa.eu/food-safety/food-improvement-agents/additives/database_en,COMPLETE_4_LANGUAGES,
E104,Jaune de quinoléine,Chinolinegeel,Quinoline Yellow,Chinolingelb,Annex II Part B,II-B,02008R1333,18.08.2026,https://eur-lex.europa.eu/legal-content/FR/TXT/PDF/?uri=CELEX:02008R1333-20260818,https://eur-lex.europa.eu/legal-content/NL/TXT/PDF/?uri=CELEX:02008R1333-20260818,https://eur-lex.europa.eu/legal-content/EN/TXT/PDF/?uri=CELEX:02008R1333-20260818,https://eur-lex.europa.eu/legal-content/DE/TXT/PDF/?uri=CELEX:02008R1333-20260818,https://food.ec.europa.eu/food-safety/food-improvement-agents/additives/database_en,COMPLETE_4_LANGUAGES,
E110,Sunset Yellow  FCF/Jaune orange S,Zonnegeel FCF/oranjegeel S,Sunset Yellow FCF/Orange Yellow S,Gelborange S,Annex II Part B,II-B,02008R1333,18.08.2026,https://eur-lex.europa.eu/legal-content/FR/TXT/PDF/?uri=CELEX:02008R1333-20260818,https://eur-lex.europa.eu/legal-content/NL/TXT/PDF/?uri=CELEX:02008R1333-20260818,https://eur-lex.europa.eu/legal-content/EN/TXT/PDF/?uri=CELEX:02008R1333-20260818,https://eur-lex.europa.eu/legal-content/DE/TXT/PDF/?uri=CELEX:02008R1333-20260818,https://food.ec.europa.eu/food-safety/food-improvement-agents/additives/database_en,COMPLETE_4_LANGUAGES,
E120,"Acide carminique, carmins","Karmijnzuur, karmijn","Carminic acid, Carmine",Echtes Karmin,Annex II Part B,II-B,02008R1333,18.08.2026,https://eur-lex.europa.eu/legal-content/FR/TXT/PDF/?uri=CELEX:02008R1333-20260818,https://eur-lex.europa.eu/legal-content/NL/TXT/PDF/?uri=CELEX:02008R1333-20260818,https://eur-lex.europa.eu/legal-content/EN/TXT/PDF/?uri=CELEX:02008R1333-20260818,https://eur-lex.europa.eu/legal-content/DE/TXT/PDF/?uri=CELEX:02008R1333-20260818,https://food.ec.europa.eu/food-safety/food-improvement-agents/additives/database_en,COMPLETE_4_LANGUAGES,
E122,"Azorubine, carmoisine","Azorubine, karmozijn","Azorubine, Carmoisine",Azorubin (Carmoisin),Annex II Part B,II-B,02008R1333,18.08.2026,https://eur-lex.europa.eu/legal-content/FR/TXT/PDF/?uri=CELEX:02008R1333-20260818,https://eur-lex.europa.eu/legal-content/NL/TXT/PDF/?uri=CELEX:02008R1333-20260818,https://eur-lex.europa.eu/legal-content/EN/TXT/PDF/?uri=CELEX:02008R1333-20260818,https://eur-lex.europa.eu/legal-content/DE/TXT/PDF/?uri=CELEX:02008R1333-20260818,https://food.ec.europa.eu/food-safety/food-improvement-agents/additives/database_en,COMPLETE_4_LANGUAGES,
E123,Amarante,Amarant,Amaranth,Amaranth,Annex II Part B,II-B,02008R1333,18.08.2026,https://eur-lex.europa.eu/legal-content/FR/TXT/PDF/?uri=CELEX:02008R1333-20260818,https://eur-lex.europa.eu/legal-content/NL/TXT/PDF/?uri=CELEX:02008R1333-20260818,https://eur-lex.europa.eu/legal-content/EN/TXT/PDF/?uri=CELEX:02008R1333-20260818,https://eur-lex.europa.eu/legal-content/DE/TXT/PDF/?uri=CELEX:02008R1333-20260818,https://food.ec.europa.eu/food-safety/food-improvement-agents/additives/database_en,COMPLETE_4_LANGUAGES,
E124,"Ponceau 4R, rouge cochenille A","Ponceau 4R, cochenillerood A","Ponceau 4R, Cochineal Red A",Cochenillerot A (Ponceau 4R),Annex II Part B,II-B,02008R1333,18.08.2026,https://eur-lex.europa.eu/legal-content/FR/TXT/PDF/?uri=CELEX:02008R1333-20260818,https://eur-lex.europa.eu/legal-content/NL/TXT/PDF/?uri=CELEX:02008R1333-20260818,https://eur-lex.europa.eu/legal-content/EN/TXT/PDF/?uri=CELEX:02008R1333-20260818,https://eur-lex.europa.eu/legal-content/DE/TXT/PDF/?uri=CELEX:02008R1333-20260818,https://food.ec.europa.eu/food-safety/food-improvement-agents/additives/database_en,COMPLETE_4_LANGUAGES,
E127,Erythrosine,Erytrosine,Erythrosine,Erythrosin,Annex II Part B,II-B,02008R1333,18.08.2026,https://eur-lex.europa.eu/legal-content/FR/TXT/PDF/?uri=CELEX:02008R1333-20260818,https://eur-lex.europa.eu/legal-content/NL/TXT/PDF/?uri=CELEX:02008R1333-20260818,https://eur-lex.europa.eu/legal-content/EN/TXT/PDF/?uri=CELEX:02008R1333-20260818,https://eur-lex.europa.eu/legal-content/DE/TXT/PDF/?uri=CELEX:02008R1333-20260818,https://food.ec.europa.eu/food-safety/food-improvement-agents/additives/database_en,COMPLETE_4_LANGUAGES,
E129,Rouge allura AC,Allurarood AC,Allura Red AC,Allurarot AC,Annex II Part B,II-B,02008R1333,18.08.2026,https://eur-lex.europa.eu/legal-content/FR/TXT/PDF/?uri=CELEX:02008R1333-20260818,https://eur-lex.europa.eu/legal-content/NL/TXT/PDF/?uri=CELEX:02008R1333-20260818,https://eur-lex.europa.eu/legal-content/EN/TXT/PDF/?uri=CELEX:02008R1333-20260818,https://eur-lex.europa.eu/legal-content/DE/TXT/PDF/?uri=CELEX:02008R1333-20260818,https://food.ec.europa.eu/food-safety/food-improvement-agents/additives/database_en,COMPLETE_4_LANGUAGES,
E131,Bleu patenté V,Patentblauw V,Patent Blue V,Patentblau V,Annex II Part B,II-B,02008R1333,18.08.2026,https://eur-lex.europa.eu/legal-content/FR/TXT/PDF/?uri=CELEX:02008R1333-20260818,https://eur-lex.europa.eu/legal-content/NL/TXT/PDF/?uri=CELEX:02008R1333-20260818,https://eur-lex.europa.eu/legal-content/EN/TXT/PDF/?uri=CELEX:02008R1333-20260818,https://eur-lex.europa.eu/legal-content/DE/TXT/PDF/?uri=CELEX:02008R1333-20260818,https://food.ec.europa.eu/food-safety/food-improvement-agents/additives/database_en,COMPLETE_4_LANGUAGES,
E132,"Indigotine, carmin d’indigo","Indigotine, indigokarmijn","Indigotine, Indigo carmine",Indigotin (Indigokarmin),Annex II Part B,II-B,02008R1333,18.08.2026,https://eur-lex.europa.eu/legal-content/FR/TXT/PDF/?uri=CELEX:02008R1333-20260818,https://eur-lex.europa.eu/legal-content/NL/TXT/PDF/?uri=CELEX:02008R1333-20260818,https://eur-lex.europa.eu/legal-content/EN/TXT/PDF/?uri=CELEX:02008R1333-20260818,https://eur-lex.europa.eu/legal-content/DE/TXT/PDF/?uri=CELEX:02008R1333-20260818,https://food.ec.europa.eu/food-safety/food-improvement-agents/additives/database_en,COMPLETE_4_LANGUAGES,
E133,Bleu brillant FCF,Briljantblauw FCF,Brilliant Blue FCF,Brillantblau FCF,Annex II Part B,II-B,02008R1333,18.08.2026,https://eur-lex.europa.eu/legal-content/FR/TXT/PDF/?uri=CELEX:02008R1333-20260818,https://eur-lex.europa.eu/legal-content/NL/TXT/PDF/?uri=CELEX:02008R1333-20260818,https://eur-lex.europa.eu/legal-content/EN/TXT/PDF/?uri=CELEX:02008R1333-20260818,https://eur-lex.europa.eu/legal-content/DE/TXT/PDF/?uri=CELEX:02008R1333-20260818,https://food.ec.europa.eu/food-safety/food-improvement-agents/additives/database_en,COMPLETE_4_LANGUAGES,
E140,Chlorophylles et chlorophyllines,Chlorofylen en chlorofylinen,Chlorophylls and chlorophyllins,Chlorophylle und Chlorophylline,Annex II Part B,II-B,02008R1333,18.08.2026,https://eur-lex.europa.eu/legal-content/FR/TXT/PDF/?uri=CELEX:02008R1333-20260818,https://eur-lex.europa.eu/legal-content/NL/TXT/PDF/?uri=CELEX:02008R1333-20260818,https://eur-lex.europa.eu/legal-content/EN/TXT/PDF/?uri=CELEX:02008R1333-20260818,https://eur-lex.europa.eu/legal-content/DE/TXT/PDF/?uri=CELEX:02008R1333-20260818,https://food.ec.europa.eu/food-safety/food-improvement-agents/additives/database_en,COMPLETE_4_LANGUAGES,
E141,Complexes cuivre-chlorophylles et cuivre-chlorophyllines,Kopercomplexen van chlorofylen en chlorofylinen,"Copper complexes of chlorophylls, chlorophyllins",Kupferkomplexe der Chlorophylle und Chlorophylline,Annex II Part B,II-B,02008R1333,18.08.2026,https://eur-lex.europa.eu/legal-content/FR/TXT/PDF/?uri=CELEX:02008R1333-20260818,https://eur-lex.europa.eu/legal-content/NL/TXT/PDF/?uri=CELEX:02008R1333-20260818,https://eur-lex.europa.eu/legal-content/EN/TXT/PDF/?uri=CELEX:02008R1333-20260818,https://eur-lex.europa.eu/legal-content/DE/TXT/PDF/?uri=CELEX:02008R1333-20260818,https://food.ec.europa.eu/food-safety/food-improvement-agents/additives/database_en,COMPLETE_4_LANGUAGES,
E142,Vert S,Groen S,Green S,Grün S,Annex II Part B,II-B,02008R1333,18.08.2026,https://eur-lex.europa.eu/legal-content/FR/TXT/PDF/?uri=CELEX:02008R1333-20260818,https://eur-lex.europa.eu/legal-content/NL/TXT/PDF/?uri=CELEX:02008R1333-20260818,https://eur-lex.europa.eu/legal-content/EN/TXT/PDF/?uri=CELEX:02008R1333-20260818,https://eur-lex.europa.eu/legal-content/DE/TXT/PDF/?uri=CELEX:02008R1333-20260818,https://food.ec.europa.eu/food-safety/food-improvement-agents/additives/database_en,COMPLETE_4_LANGUAGES,
E150a,Caramel ordinaire (  1 ),Karamel (  1 ),Plain caramel (  1 ),Zuckerkulör (  1 ),Annex II Part B,II-B,02008R1333,18.08.2026,https://eur-lex.europa.eu/legal-content/FR/TXT/PDF/?uri=CELEX:02008R1333-20260818,https://eur-lex.europa.eu/legal-content/NL/TXT/PDF/?uri=CELEX:02008R1333-20260818,https://eur-lex.europa.eu/legal-content/EN/TXT/PDF/?uri=CELEX:02008R1333-20260818,https://eur-lex.europa.eu/legal-content/DE/TXT/PDF/?uri=CELEX:02008R1333-20260818,https://food.ec.europa.eu/food-safety/food-improvement-agents/additives/database_en,COMPLETE_4_LANGUAGES,
E150b,Caramel de sulfite caustique,Alkali-sulfietkaramel,Caustic sulphite caramel,Sulfitlaugen-Zuckerkulör,Annex II Part B,II-B,02008R1333,18.08.2026,https://eur-lex.europa.eu/legal-content/FR/TXT/PDF/?uri=CELEX:02008R1333-20260818,https://eur-lex.europa.eu/legal-content/NL/TXT/PDF/?uri=CELEX:02008R1333-20260818,https://eur-lex.europa.eu/legal-content/EN/TXT/PDF/?uri=CELEX:02008R1333-20260818,https://eur-lex.europa.eu/legal-content/DE/TXT/PDF/?uri=CELEX:02008R1333-20260818,https://food.ec.europa.eu/food-safety/food-improvement-agents/additives/database_en,COMPLETE_4_LANGUAGES,
E150c,Caramel ammoniacal,Ammoniakkaramel,Ammonia caramel,Ammoniak-Zuckerkulör,Annex II Part B,II-B,02008R1333,18.08.2026,https://eur-lex.europa.eu/legal-content/FR/TXT/PDF/?uri=CELEX:02008R1333-20260818,https://eur-lex.europa.eu/legal-content/NL/TXT/PDF/?uri=CELEX:02008R1333-20260818,https://eur-lex.europa.eu/legal-content/EN/TXT/PDF/?uri=CELEX:02008R1333-20260818,https://eur-lex.europa.eu/legal-content/DE/TXT/PDF/?uri=CELEX:02008R1333-20260818,https://food.ec.europa.eu/food-safety/food-improvement-agents/additives/database_en,COMPLETE_4_LANGUAGES,
E150d,Caramel au sulfite d’ammonium,Sulfiet-ammoniakkaramel,Sulphite ammonia caramel,Ammonsulfit-Zuckerkulör,Annex II Part B,II-B,02008R1333,18.08.2026,https://eur-lex.europa.eu/legal-content/FR/TXT/PDF/?uri=CELEX:02008R1333-20260818,https://eur-lex.europa.eu/legal-content/NL/TXT/PDF/?uri=CELEX:02008R1333-20260818,https://eur-lex.europa.eu/legal-content/EN/TXT/PDF/?uri=CELEX:02008R1333-20260818,https://eur-lex.europa.eu/legal-content/DE/TXT/PDF/?uri=CELEX:02008R1333-20260818,https://food.ec.europa.eu/food-safety/food-improvement-agents/additives/database_en,COMPLETE_4_LANGUAGES,
E151,Noir brillant PN,Briljantzwart PN,Brilliant Black PN,Brillantschwarz PN,Annex II Part B,II-B,02008R1333,18.08.2026,https://eur-lex.europa.eu/legal-content/FR/TXT/PDF/?uri=CELEX:02008R1333-20260818,https://eur-lex.europa.eu/legal-content/NL/TXT/PDF/?uri=CELEX:02008R1333-20260818,https://eur-lex.europa.eu/legal-content/EN/TXT/PDF/?uri=CELEX:02008R1333-20260818,https://eur-lex.europa.eu/legal-content/DE/TXT/PDF/?uri=CELEX:02008R1333-20260818,https://food.ec.europa.eu/food-safety/food-improvement-agents/additives/database_en,COMPLETE_4_LANGUAGES,
E153,Charbon végétal médicinal,Plantaardige koolstof,Vegetable carbon,Pflanzenkohle,Annex II Part B,II-B,02008R1333,18.08.2026,https://eur-lex.europa.eu/legal-content/FR/TXT/PDF/?uri=CELEX:02008R1333-20260818,https://eur-lex.europa.eu/legal-content/NL/TXT/PDF/?uri=CELEX:02008R1333-20260818,https://eur-lex.europa.eu/legal-content/EN/TXT/PDF/?uri=CELEX:02008R1333-20260818,https://eur-lex.europa.eu/legal-content/DE/TXT/PDF/?uri=CELEX:02008R1333-20260818,https://food.ec.europa.eu/food-safety/food-improvement-agents/additives/database_en,COMPLETE_4_LANGUAGES,
E155,Brun HT,Bruin HT,Brown HT,Braun HT,Annex II Part B,II-B,02008R1333,18.08.2026,https://eur-lex.europa.eu/legal-content/FR/TXT/PDF/?uri=CELEX:02008R1333-20260818,https://eur-lex.europa.eu/legal-content/NL/TXT/PDF/?uri=CELEX:02008R1333-20260818,https://eur-lex.europa.eu/legal-content/EN/TXT/PDF/?uri=CELEX:02008R1333-20260818,https://eur-lex.europa.eu/legal-content/DE/TXT/PDF/?uri=CELEX:02008R1333-20260818,https://food.ec.europa.eu/food-safety/food-improvement-agents/additives/database_en,COMPLETE_4_LANGUAGES,
E160a,Caroténoïdes,Carotenen,Carotenes,Carotin,Annex II Part B,II-B,02008R1333,18.08.2026,https://eur-lex.europa.eu/legal-content/FR/TXT/PDF/?uri=CELEX:02008R1333-20260818,https://eur-lex.europa.eu/legal-content/NL/TXT/PDF/?uri=CELEX:02008R1333-20260818,https://eur-lex.europa.eu/legal-content/EN/TXT/PDF/?uri=CELEX:02008R1333-20260818,https://eur-lex.europa.eu/legal-content/DE/TXT/PDF/?uri=CELEX:02008R1333-20260818,https://food.ec.europa.eu/food-safety/food-improvement-agents/additives/database_en,COMPLETE_4_LANGUAGES,
E160b(i),Bixine de rocou,Annatto bixine,Annatto bixin,Annatto Bixin,Annex II Part B,II-B,02008R1333,18.08.2026,https://eur-lex.europa.eu/legal-content/FR/TXT/PDF/?uri=CELEX:02008R1333-20260818,https://eur-lex.europa.eu/legal-content/NL/TXT/PDF/?uri=CELEX:02008R1333-20260818,https://eur-lex.europa.eu/legal-content/EN/TXT/PDF/?uri=CELEX:02008R1333-20260818,https://eur-lex.europa.eu/legal-content/DE/TXT/PDF/?uri=CELEX:02008R1333-20260818,https://food.ec.europa.eu/food-safety/food-improvement-agents/additives/database_en,COMPLETE_4_LANGUAGES,
E160b(ii),Norbixine de rocou,Annatto norbixine,Annatto norbixin,Annatto Norbixin,Annex II Part B,II-B,02008R1333,18.08.2026,https://eur-lex.europa.eu/legal-content/FR/TXT/PDF/?uri=CELEX:02008R1333-20260818,https://eur-lex.europa.eu/legal-content/NL/TXT/PDF/?uri=CELEX:02008R1333-20260818,https://eur-lex.europa.eu/legal-content/EN/TXT/PDF/?uri=CELEX:02008R1333-20260818,https://eur-lex.europa.eu/legal-content/DE/TXT/PDF/?uri=CELEX:02008R1333-20260818,https://food.ec.europa.eu/food-safety/food-improvement-agents/additives/database_en,COMPLETE_4_LANGUAGES,
E160c,"Extrait de paprika, capsanthine, capsorubine","Paprika-extract, capsanthine, capsorubine","Paprika extract, capsanthin, capsorubin","Paprikaextrakt (Capsanthin, Capsorubin)",Annex II Part B,II-B,02008R1333,18.08.2026,https://eur-lex.europa.eu/legal-content/FR/TXT/PDF/?uri=CELEX:02008R1333-20260818,https://eur-lex.europa.eu/legal-content/NL/TXT/PDF/?uri=CELEX:02008R1333-20260818,https://eur-lex.europa.eu/legal-content/EN/TXT/PDF/?uri=CELEX:02008R1333-20260818,https://eur-lex.europa.eu/legal-content/DE/TXT/PDF/?uri=CELEX:02008R1333-20260818,https://food.ec.europa.eu/food-safety/food-improvement-agents/additives/database_en,COMPLETE_4_LANGUAGES,
E160d,Lycopène,Lycopeen,Lycopene,Lycopin,Annex II Part B,II-B,02008R1333,18.08.2026,https://eur-lex.europa.eu/legal-content/FR/TXT/PDF/?uri=CELEX:02008R1333-20260818,https://eur-lex.europa.eu/legal-content/NL/TXT/PDF/?uri=CELEX:02008R1333-20260818,https://eur-lex.europa.eu/legal-content/EN/TXT/PDF/?uri=CELEX:02008R1333-20260818,https://eur-lex.europa.eu/legal-content/DE/TXT/PDF/?uri=CELEX:02008R1333-20260818,https://food.ec.europa.eu/food-safety/food-improvement-agents/additives/database_en,COMPLETE_4_LANGUAGES,
E160e,β-apocaroténal-8' (C 30),Bèta-apo-8'-carotenal (C30),Beta-apo-8′-carotenal (C 30),Beta-apo-8′-Carotinal (C 30),Annex II Part B,II-B,02008R1333,18.08.2026,https://eur-lex.europa.eu/legal-content/FR/TXT/PDF/?uri=CELEX:02008R1333-20260818,https://eur-lex.europa.eu/legal-content/NL/TXT/PDF/?uri=CELEX:02008R1333-20260818,https://eur-lex.europa.eu/legal-content/EN/TXT/PDF/?uri=CELEX:02008R1333-20260818,https://eur-lex.europa.eu/legal-content/DE/TXT/PDF/?uri=CELEX:02008R1333-20260818,https://food.ec.europa.eu/food-safety/food-improvement-agents/additives/database_en,COMPLETE_4_LANGUAGES,
E161b,Lutéine,Luteïne,Lutein,Lutein E-Nummer Bezeichnung,Annex II Part B,II-B,02008R1333,18.08.2026,https://eur-lex.europa.eu/legal-content/FR/TXT/PDF/?uri=CELEX:02008R1333-20260818,https://eur-lex.europa.eu/legal-content/NL/TXT/PDF/?uri=CELEX:02008R1333-20260818,https://eur-lex.europa.eu/legal-content/EN/TXT/PDF/?uri=CELEX:02008R1333-20260818,https://eur-lex.europa.eu/legal-content/DE/TXT/PDF/?uri=CELEX:02008R1333-20260818,https://food.ec.europa.eu/food-safety/food-improvement-agents/additives/database_en,COMPLETE_4_LANGUAGES,
E161g,Canthaxanthine (*),Canthaxanthine (*),Canthaxanthin (*),Canthaxanthin (*),Annex II Part B,II-B,02008R1333,18.08.2026,https://eur-lex.europa.eu/legal-content/FR/TXT/PDF/?uri=CELEX:02008R1333-20260818,https://eur-lex.europa.eu/legal-content/NL/TXT/PDF/?uri=CELEX:02008R1333-20260818,https://eur-lex.europa.eu/legal-content/EN/TXT/PDF/?uri=CELEX:02008R1333-20260818,https://eur-lex.europa.eu/legal-content/DE/TXT/PDF/?uri=CELEX:02008R1333-20260818,https://food.ec.europa.eu/food-safety/food-improvement-agents/additives/database_en,COMPLETE_4_LANGUAGES,
E162,"Rouge de betterave, bétanine","Bietenrood, betanine","Beetroot Red, betanin",Betanin (Betenrot),Annex II Part B,II-B,02008R1333,18.08.2026,https://eur-lex.europa.eu/legal-content/FR/TXT/PDF/?uri=CELEX:02008R1333-20260818,https://eur-lex.europa.eu/legal-content/NL/TXT/PDF/?uri=CELEX:02008R1333-20260818,https://eur-lex.europa.eu/legal-content/EN/TXT/PDF/?uri=CELEX:02008R1333-20260818,https://eur-lex.europa.eu/legal-content/DE/TXT/PDF/?uri=CELEX:02008R1333-20260818,https://food.ec.europa.eu/food-safety/food-improvement-agents/additives/database_en,COMPLETE_4_LANGUAGES,
E163,Anthocyanes,Anthocyanen,Anthocyanins,Anthocyane,Annex II Part B,II-B,02008R1333,18.08.2026,https://eur-lex.europa.eu/legal-content/FR/TXT/PDF/?uri=CELEX:02008R1333-20260818,https://eur-lex.europa.eu/legal-content/NL/TXT/PDF/?uri=CELEX:02008R1333-20260818,https://eur-lex.europa.eu/legal-content/EN/TXT/PDF/?uri=CELEX:02008R1333-20260818,https://eur-lex.europa.eu/legal-content/DE/TXT/PDF/?uri=CELEX:02008R1333-20260818,https://food.ec.europa.eu/food-safety/food-improvement-agents/additives/database_en,COMPLETE_4_LANGUAGES,
E170,Carbonate de calcium,Calciumcarbonaat,Calcium carbonate,Calciumcarbonat,Annex II Part B,II-B,02008R1333,18.08.2026,https://eur-lex.europa.eu/legal-content/FR/TXT/PDF/?uri=CELEX:02008R1333-20260818,https://eur-lex.europa.eu/legal-content/NL/TXT/PDF/?uri=CELEX:02008R1333-20260818,https://eur-lex.europa.eu/legal-content/EN/TXT/PDF/?uri=CELEX:02008R1333-20260818,https://eur-lex.europa.eu/legal-content/DE/TXT/PDF/?uri=CELEX:02008R1333-20260818,https://food.ec.europa.eu/food-safety/food-improvement-agents/additives/database_en,COMPLETE_4_LANGUAGES,
E171,Dioxyde de titane (**),Titaandioxide (**),Titanium dioxide (**),Titandioxid (**),Annex II Part B,II-B,02008R1333,18.08.2026,https://eur-lex.europa.eu/legal-content/FR/TXT/PDF/?uri=CELEX:02008R1333-20260818,https://eur-lex.europa.eu/legal-content/NL/TXT/PDF/?uri=CELEX:02008R1333-20260818,https://eur-lex.europa.eu/legal-content/EN/TXT/PDF/?uri=CELEX:02008R1333-20260818,https://eur-lex.europa.eu/legal-content/DE/TXT/PDF/?uri=CELEX:02008R1333-20260818,https://food.ec.europa.eu/food-safety/food-improvement-agents/additives/database_en,COMPLETE_4_LANGUAGES,
E172,Oxydes et hydroxydes de fer,IJzeroxiden en ijzerhydroxiden,Iron oxides and hydroxides,Eisenoxide und -hydroxide,Annex II Part B,II-B,02008R1333,18.08.2026,https://eur-lex.europa.eu/legal-content/FR/TXT/PDF/?uri=CELEX:02008R1333-20260818,https://eur-lex.europa.eu/legal-content/NL/TXT/PDF/?uri=CELEX:02008R1333-20260818,https://eur-lex.europa.eu/legal-content/EN/TXT/PDF/?uri=CELEX:02008R1333-20260818,https://eur-lex.europa.eu/legal-content/DE/TXT/PDF/?uri=CELEX:02008R1333-20260818,https://food.ec.europa.eu/food-safety/food-improvement-agents/additives/database_en,COMPLETE_4_LANGUAGES,
E173,Aluminium,Aluminium,Aluminium,Aluminium,Annex II Part B,II-B,02008R1333,18.08.2026,https://eur-lex.europa.eu/legal-content/FR/TXT/PDF/?uri=CELEX:02008R1333-20260818,https://eur-lex.europa.eu/legal-content/NL/TXT/PDF/?uri=CELEX:02008R1333-20260818,https://eur-lex.europa.eu/legal-content/EN/TXT/PDF/?uri=CELEX:02008R1333-20260818,https://eur-lex.europa.eu/legal-content/DE/TXT/PDF/?uri=CELEX:02008R1333-20260818,https://food.ec.europa.eu/food-safety/food-improvement-agents/additives/database_en,COMPLETE_4_LANGUAGES,
E174,Argent,Zilver,Silver,Silber,Annex II Part B,II-B,02008R1333,18.08.2026,https://eur-lex.europa.eu/legal-content/FR/TXT/PDF/?uri=CELEX:02008R1333-20260818,https://eur-lex.europa.eu/legal-content/NL/TXT/PDF/?uri=CELEX:02008R1333-20260818,https://eur-lex.europa.eu/legal-content/EN/TXT/PDF/?uri=CELEX:02008R1333-20260818,https://eur-lex.europa.eu/legal-content/DE/TXT/PDF/?uri=CELEX:02008R1333-20260818,https://food.ec.europa.eu/food-safety/food-improvement-agents/additives/database_en,COMPLETE_4_LANGUAGES,
E175,O r,Goud,Gold,Gold,Annex II Part B,II-B,02008R1333,18.08.2026,https://eur-lex.europa.eu/legal-content/FR/TXT/PDF/?uri=CELEX:02008R1333-20260818,https://eur-lex.europa.eu/legal-content/NL/TXT/PDF/?uri=CELEX:02008R1333-20260818,https://eur-lex.europa.eu/legal-content/EN/TXT/PDF/?uri=CELEX:02008R1333-20260818,https://eur-lex.europa.eu/legal-content/DE/TXT/PDF/?uri=CELEX:02008R1333-20260818,https://food.ec.europa.eu/food-safety/food-improvement-agents/additives/database_en,COMPLETE_4_LANGUAGES,
E180,"Lithol-rubine BK ( 1 ) Le terme «caramel» se réfère à des produits de couleur brune plus ou moins intense, destinés à la coloration. Il ne s’agit pas du produit aromatique sucré obtenu  en chauffant des sucres et destiné à aromatiser des aliments (confiserie, pâtisserie, boissons alcoo lisées). (*) La canthaxanthine n’est pas autorisée dans les catégories d e denrées alimentaires énumérées dans les parties D et E. Cette substance figure sur la liste B1 car elle  est utilisée dans des médicaments conformément à la directive 2009/35/CE du Parlement européen et  du Conseil (JO L 109 du 30.4.2009, p. 10). ►M98 (**) Le dioxyde de titane n’est pas autorisé dans les catégori es de denrées alimentaires énumérées dans les parties D et E. Cette substance figure sur la liste B1  car elle est utilisée dans des médicaments conformément à la directive 2009/35/CE du Parlement  européen et du Conseil (JO L 109 du 30.4.2009, p. 10). ◄ 2. Édulcorants","Litholrubine BK ( 1 ) Met „karamel” worden bedoeld producten van min of meer bruine  kleur, bestemd voor kleuring. Deze naam komt niet overeen met het zoete aromatische product dat wo rdt verkregen door verhitting van suiker en als aroma voor levensmiddelen (bv. suikerwerk, gebak,  alcoholhoudende dranken) wordt gebruikt. (*) Canthaxanthine is niet toegestaan in de levensmiddelencateg orieën van de delen D en E. De stof is in lijst B1 opgenomen omdat zij in geneesmiddelen wordt gebruikt o vereenkomstig Richtlijn 2009/35/EG van het Europees Parlement en de Raad (PB L 109 van 30.4.2009, blz. 10). ►M98 (**) Titaandioxide is niet toegestaan in de levensmiddelencate gorieën van de delen D en E. De stof is in lijst B1 opgenomen omdat zij in geneesmiddelen wordt gebr uikt overeenkomstig Richt­ lijn 2009/35/EG van het Europees Parlement en de Raad (PB L 109  van 30.4.2009, blz. 10). ◄ 2. Zoetstoffen","Litholrubine BK ( 1 ) The term caramel relates to products of a more or less intens e brown colour which are intended for colouring. It does not correspond to the sugary aromatic produc t obtained from heating sugars and which is used for flavouring food (e.g. confectionery, pastry, alcoholic drinks). (*) Canthaxanthin is not authorised in the food categories list ed in Part D and E. The substance is in list B1 because it is used in medicinal products in accordance with Dir ective 2009/35/EC of the European Parliament and of the Council (OJ L 109, 30.4.2009, p. 10). ►M98 (**) Titanium dioxide is not authorised in the food categories  listed in Part D and E. The substance is in list B1 because it is used in medicinal products in accor dance with Directive 2009/35/EC of the European Parliament and of the Council (OJ L 109, 30.4.2 009, p. 10). ◄ 2. Sweeteners","Litholrubin BK ( 1 ) Als Zuckerkulör werden mehr oder weniger braune Produkte beze ichnet, die als Farbstoffe verwendet werden. Es ist nicht zu verwechseln mit dem süßen und angenehm duftenden Karamell, das sich bildet, wenn Zucker allein erhitzt wird, und das Lebensmitteln (Süßware n, Gebäck, alkoholische Getränke) zur Geschmacksgebung zugesetzt wird. (*) Canthaxanthin ist in den Lebensmittelkategorien in Teil D b zw. E nicht zugelassen. Der Stoff ist in der Liste B.1 aufgeführt, da er in Übereinstimmung mit der Richtlin ie 2009/35/EG des Europäischen Parlaments und des Rates (ABl. L 109 vom 30.4.2009, S. 10) in A rzneimitteln verwendet wird. ►M98 (**) Titandioxid ist in den Lebensmittelkategorien in Teil D b zw. E nicht zugelassen. Der Stoff ist in der Liste B.1 aufgeführt, da er in Übereinstimmung mit der R ichtlinie 2009/35/EG des Europäischen Parlaments und des Rates (ABl. L 109 vom 30.4.2009 , S. 10) in Arzneimitteln verwendet wird. ◄ 2. Süßungsmittel E-Nummer Bezeichnung",Annex II Part B,II-B,02008R1333,18.08.2026,https://eur-lex.europa.eu/legal-content/FR/TXT/PDF/?uri=CELEX:02008R1333-20260818,https://eur-lex.europa.eu/legal-content/NL/TXT/PDF/?uri=CELEX:02008R1333-20260818,https://eur-lex.europa.eu/legal-content/EN/TXT/PDF/?uri=CELEX:02008R1333-20260818,https://eur-lex.europa.eu/legal-content/DE/TXT/PDF/?uri=CELEX:02008R1333-20260818,https://food.ec.europa.eu/food-safety/food-improvement-agents/additives/database_en,COMPLETE_4_LANGUAGES,
E200,Acide sorbique,Sorbinezuur,Sorbic acid,Sorbinsäure,Annex II Part B,II-B,02008R1333,18.08.2026,https://eur-lex.europa.eu/legal-content/FR/TXT/PDF/?uri=CELEX:02008R1333-20260818,https://eur-lex.europa.eu/legal-content/NL/TXT/PDF/?uri=CELEX:02008R1333-20260818,https://eur-lex.europa.eu/legal-content/EN/TXT/PDF/?uri=CELEX:02008R1333-20260818,https://eur-lex.europa.eu/legal-content/DE/TXT/PDF/?uri=CELEX:02008R1333-20260818,https://food.ec.europa.eu/food-safety/food-improvement-agents/additives/database_en,COMPLETE_4_LANGUAGES,
E202,Sorbate de potassium __________,Kaliumsorbaat __________,Potassium sorbate __________,Kaliumsorbat __________,Annex II Part B,II-B,02008R1333,18.08.2026,https://eur-lex.europa.eu/legal-content/FR/TXT/PDF/?uri=CELEX:02008R1333-20260818,https://eur-lex.europa.eu/legal-content/NL/TXT/PDF/?uri=CELEX:02008R1333-20260818,https://eur-lex.europa.eu/legal-content/EN/TXT/PDF/?uri=CELEX:02008R1333-20260818,https://eur-lex.europa.eu/legal-content/DE/TXT/PDF/?uri=CELEX:02008R1333-20260818,https://food.ec.europa.eu/food-safety/food-improvement-agents/additives/database_en,COMPLETE_4_LANGUAGES,
E210,Acide benzoïque (  1 ),Benzoëzuur (  1 ),Benzoic acid (  1 ),Benzoesäure (  1 ),Annex II Part B,II-B,02008R1333,18.08.2026,https://eur-lex.europa.eu/legal-content/FR/TXT/PDF/?uri=CELEX:02008R1333-20260818,https://eur-lex.europa.eu/legal-content/NL/TXT/PDF/?uri=CELEX:02008R1333-20260818,https://eur-lex.europa.eu/legal-content/EN/TXT/PDF/?uri=CELEX:02008R1333-20260818,https://eur-lex.europa.eu/legal-content/DE/TXT/PDF/?uri=CELEX:02008R1333-20260818,https://food.ec.europa.eu/food-safety/food-improvement-agents/additives/database_en,COMPLETE_4_LANGUAGES,
E211,Benzoate de sodium (  1 ),Natriumbenzoaat (  1 ),Sodium benzoate (  1 ),Natriumbenzoat (  1 ),Annex II Part B,II-B,02008R1333,18.08.2026,https://eur-lex.europa.eu/legal-content/FR/TXT/PDF/?uri=CELEX:02008R1333-20260818,https://eur-lex.europa.eu/legal-content/NL/TXT/PDF/?uri=CELEX:02008R1333-20260818,https://eur-lex.europa.eu/legal-content/EN/TXT/PDF/?uri=CELEX:02008R1333-20260818,https://eur-lex.europa.eu/legal-content/DE/TXT/PDF/?uri=CELEX:02008R1333-20260818,https://food.ec.europa.eu/food-safety/food-improvement-agents/additives/database_en,COMPLETE_4_LANGUAGES,
E212,Benzoate de potassium (  1 ),Kaliumbenzoaat (  1 ),Potassium benzoate (  1 ),Kaliumbenzoat (  1 ),Annex II Part B,II-B,02008R1333,18.08.2026,https://eur-lex.europa.eu/legal-content/FR/TXT/PDF/?uri=CELEX:02008R1333-20260818,https://eur-lex.europa.eu/legal-content/NL/TXT/PDF/?uri=CELEX:02008R1333-20260818,https://eur-lex.europa.eu/legal-content/EN/TXT/PDF/?uri=CELEX:02008R1333-20260818,https://eur-lex.europa.eu/legal-content/DE/TXT/PDF/?uri=CELEX:02008R1333-20260818,https://food.ec.europa.eu/food-safety/food-improvement-agents/additives/database_en,COMPLETE_4_LANGUAGES,
E213,Benzoate de calcium (  1 ),Calciumbenzoaat (  1 ),Calcium benzoate (  1 ),Calciumbenzoat (  1 ),Annex II Part B,II-B,02008R1333,18.08.2026,https://eur-lex.europa.eu/legal-content/FR/TXT/PDF/?uri=CELEX:02008R1333-20260818,https://eur-lex.europa.eu/legal-content/NL/TXT/PDF/?uri=CELEX:02008R1333-20260818,https://eur-lex.europa.eu/legal-content/EN/TXT/PDF/?uri=CELEX:02008R1333-20260818,https://eur-lex.europa.eu/legal-content/DE/TXT/PDF/?uri=CELEX:02008R1333-20260818,https://food.ec.europa.eu/food-safety/food-improvement-agents/additives/database_en,COMPLETE_4_LANGUAGES,
E214,P-hydroxybenzoate d’éthyle,Ethyl-p-hydroxybenzoaat,Ethyl-p-hydroxybenzoate,PHB-Ester (Ethyl-p-hydroxybenzoat),Annex II Part B,II-B,02008R1333,18.08.2026,https://eur-lex.europa.eu/legal-content/FR/TXT/PDF/?uri=CELEX:02008R1333-20260818,https://eur-lex.europa.eu/legal-content/NL/TXT/PDF/?uri=CELEX:02008R1333-20260818,https://eur-lex.europa.eu/legal-content/EN/TXT/PDF/?uri=CELEX:02008R1333-20260818,https://eur-lex.europa.eu/legal-content/DE/TXT/PDF/?uri=CELEX:02008R1333-20260818,https://food.ec.europa.eu/food-safety/food-improvement-agents/additives/database_en,COMPLETE_4_LANGUAGES,
E215,Dérivé sodique de l’ester éthylique de l’acide p-hydroxybenzoï que,"Ethyl-p-hydroxybenzoaat, natriumzout",Sodium ethyl p-hydroxybenzoate,PHB-Ethylester-Natriumsalz (Natriumethyl-p-hydroxybenzoat),Annex II Part B,II-B,02008R1333,18.08.2026,https://eur-lex.europa.eu/legal-content/FR/TXT/PDF/?uri=CELEX:02008R1333-20260818,https://eur-lex.europa.eu/legal-content/NL/TXT/PDF/?uri=CELEX:02008R1333-20260818,https://eur-lex.europa.eu/legal-content/EN/TXT/PDF/?uri=CELEX:02008R1333-20260818,https://eur-lex.europa.eu/legal-content/DE/TXT/PDF/?uri=CELEX:02008R1333-20260818,https://food.ec.europa.eu/food-safety/food-improvement-agents/additives/database_en,COMPLETE_4_LANGUAGES,
E218,P-hydroxybenzoate de méthyle,Methyl-p-hydroxybenzoaat,Methyl p-hydroxybenzoate,PHB-Methylester (Methyl-p-hydroxybenzoat),Annex II Part B,II-B,02008R1333,18.08.2026,https://eur-lex.europa.eu/legal-content/FR/TXT/PDF/?uri=CELEX:02008R1333-20260818,https://eur-lex.europa.eu/legal-content/NL/TXT/PDF/?uri=CELEX:02008R1333-20260818,https://eur-lex.europa.eu/legal-content/EN/TXT/PDF/?uri=CELEX:02008R1333-20260818,https://eur-lex.europa.eu/legal-content/DE/TXT/PDF/?uri=CELEX:02008R1333-20260818,https://food.ec.europa.eu/food-safety/food-improvement-agents/additives/database_en,COMPLETE_4_LANGUAGES,
E219,Dérivé sodique de l’ester méthylique de l’acide p-hydroxybenzo ïque,"Methyl-p-hydroxybenzoaat, natriumzout",Sodium methyl p-hydroxybenzoate,PHB-Methylester-Natriumsalz (Natriummethyl-p-hydroxybenzoat),Annex II Part B,II-B,02008R1333,18.08.2026,https://eur-lex.europa.eu/legal-content/FR/TXT/PDF/?uri=CELEX:02008R1333-20260818,https://eur-lex.europa.eu/legal-content/NL/TXT/PDF/?uri=CELEX:02008R1333-20260818,https://eur-lex.europa.eu/legal-content/EN/TXT/PDF/?uri=CELEX:02008R1333-20260818,https://eur-lex.europa.eu/legal-content/DE/TXT/PDF/?uri=CELEX:02008R1333-20260818,https://food.ec.europa.eu/food-safety/food-improvement-agents/additives/database_en,COMPLETE_4_LANGUAGES,
E220,Anhydride sulfureux,Zwaveldioxide,Sulphur dioxide,Schwefeldioxid,Annex II Part B,II-B,02008R1333,18.08.2026,https://eur-lex.europa.eu/legal-content/FR/TXT/PDF/?uri=CELEX:02008R1333-20260818,https://eur-lex.europa.eu/legal-content/NL/TXT/PDF/?uri=CELEX:02008R1333-20260818,https://eur-lex.europa.eu/legal-content/EN/TXT/PDF/?uri=CELEX:02008R1333-20260818,https://eur-lex.europa.eu/legal-content/DE/TXT/PDF/?uri=CELEX:02008R1333-20260818,https://food.ec.europa.eu/food-safety/food-improvement-agents/additives/database_en,COMPLETE_4_LANGUAGES,
E221,Sulfite de sodium,Natriumsulfiet,Sodium sulphite,Natriumsulfit,Annex II Part B,II-B,02008R1333,18.08.2026,https://eur-lex.europa.eu/legal-content/FR/TXT/PDF/?uri=CELEX:02008R1333-20260818,https://eur-lex.europa.eu/legal-content/NL/TXT/PDF/?uri=CELEX:02008R1333-20260818,https://eur-lex.europa.eu/legal-content/EN/TXT/PDF/?uri=CELEX:02008R1333-20260818,https://eur-lex.europa.eu/legal-content/DE/TXT/PDF/?uri=CELEX:02008R1333-20260818,https://food.ec.europa.eu/food-safety/food-improvement-agents/additives/database_en,COMPLETE_4_LANGUAGES,
E222,Sulfite acide de sodium,Natriumwaterstofsulfiet,Sodium hydrogen sulphite,Natriumhydrogensulfit,Annex II Part B,II-B,02008R1333,18.08.2026,https://eur-lex.europa.eu/legal-content/FR/TXT/PDF/?uri=CELEX:02008R1333-20260818,https://eur-lex.europa.eu/legal-content/NL/TXT/PDF/?uri=CELEX:02008R1333-20260818,https://eur-lex.europa.eu/legal-content/EN/TXT/PDF/?uri=CELEX:02008R1333-20260818,https://eur-lex.europa.eu/legal-content/DE/TXT/PDF/?uri=CELEX:02008R1333-20260818,https://food.ec.europa.eu/food-safety/food-improvement-agents/additives/database_en,COMPLETE_4_LANGUAGES,
E223,Disulfite de sodium,Natriumdisulfiet,Sodium metabisulphite,Natriummetabisulfit,Annex II Part B,II-B,02008R1333,18.08.2026,https://eur-lex.europa.eu/legal-content/FR/TXT/PDF/?uri=CELEX:02008R1333-20260818,https://eur-lex.europa.eu/legal-content/NL/TXT/PDF/?uri=CELEX:02008R1333-20260818,https://eur-lex.europa.eu/legal-content/EN/TXT/PDF/?uri=CELEX:02008R1333-20260818,https://eur-lex.europa.eu/legal-content/DE/TXT/PDF/?uri=CELEX:02008R1333-20260818,https://food.ec.europa.eu/food-safety/food-improvement-agents/additives/database_en,COMPLETE_4_LANGUAGES,
E224,Disulfite de potassium,Kaliumdisulfiet,Potassium metabisulphite,Kaliummetabisulfit,Annex II Part B,II-B,02008R1333,18.08.2026,https://eur-lex.europa.eu/legal-content/FR/TXT/PDF/?uri=CELEX:02008R1333-20260818,https://eur-lex.europa.eu/legal-content/NL/TXT/PDF/?uri=CELEX:02008R1333-20260818,https://eur-lex.europa.eu/legal-content/EN/TXT/PDF/?uri=CELEX:02008R1333-20260818,https://eur-lex.europa.eu/legal-content/DE/TXT/PDF/?uri=CELEX:02008R1333-20260818,https://food.ec.europa.eu/food-safety/food-improvement-agents/additives/database_en,COMPLETE_4_LANGUAGES,
E226,Sulfite de calcium,Calciumsulfiet,Calcium sulphite,Calciumsulfit,Annex II Part B,II-B,02008R1333,18.08.2026,https://eur-lex.europa.eu/legal-content/FR/TXT/PDF/?uri=CELEX:02008R1333-20260818,https://eur-lex.europa.eu/legal-content/NL/TXT/PDF/?uri=CELEX:02008R1333-20260818,https://eur-lex.europa.eu/legal-content/EN/TXT/PDF/?uri=CELEX:02008R1333-20260818,https://eur-lex.europa.eu/legal-content/DE/TXT/PDF/?uri=CELEX:02008R1333-20260818,https://food.ec.europa.eu/food-safety/food-improvement-agents/additives/database_en,COMPLETE_4_LANGUAGES,
E227,Sulfite acide de calcium,Calciumwaterstofsulfiet,Calcium hydrogen sulphite,Calciumhydrogensulfit,Annex II Part B,II-B,02008R1333,18.08.2026,https://eur-lex.europa.eu/legal-content/FR/TXT/PDF/?uri=CELEX:02008R1333-20260818,https://eur-lex.europa.eu/legal-content/NL/TXT/PDF/?uri=CELEX:02008R1333-20260818,https://eur-lex.europa.eu/legal-content/EN/TXT/PDF/?uri=CELEX:02008R1333-20260818,https://eur-lex.europa.eu/legal-content/DE/TXT/PDF/?uri=CELEX:02008R1333-20260818,https://food.ec.europa.eu/food-safety/food-improvement-agents/additives/database_en,COMPLETE_4_LANGUAGES,
E228,Sulfite acide de potassium,Kaliumwaterstofsulfiet,Potassium hydrogen sulphite,Kaliumhydrogensulfit,Annex II Part B,II-B,02008R1333,18.08.2026,https://eur-lex.europa.eu/legal-content/FR/TXT/PDF/?uri=CELEX:02008R1333-20260818,https://eur-lex.europa.eu/legal-content/NL/TXT/PDF/?uri=CELEX:02008R1333-20260818,https://eur-lex.europa.eu/legal-content/EN/TXT/PDF/?uri=CELEX:02008R1333-20260818,https://eur-lex.europa.eu/legal-content/DE/TXT/PDF/?uri=CELEX:02008R1333-20260818,https://food.ec.europa.eu/food-safety/food-improvement-agents/additives/database_en,COMPLETE_4_LANGUAGES,
E234,Nisine,Nisine,Nisin,Nisin,Annex II Part B,II-B,02008R1333,18.08.2026,https://eur-lex.europa.eu/legal-content/FR/TXT/PDF/?uri=CELEX:02008R1333-20260818,https://eur-lex.europa.eu/legal-content/NL/TXT/PDF/?uri=CELEX:02008R1333-20260818,https://eur-lex.europa.eu/legal-content/EN/TXT/PDF/?uri=CELEX:02008R1333-20260818,https://eur-lex.europa.eu/legal-content/DE/TXT/PDF/?uri=CELEX:02008R1333-20260818,https://food.ec.europa.eu/food-safety/food-improvement-agents/additives/database_en,COMPLETE_4_LANGUAGES,
E235,Natamycine,Natamycine,Natamycin,Natamycin,Annex II Part B,II-B,02008R1333,18.08.2026,https://eur-lex.europa.eu/legal-content/FR/TXT/PDF/?uri=CELEX:02008R1333-20260818,https://eur-lex.europa.eu/legal-content/NL/TXT/PDF/?uri=CELEX:02008R1333-20260818,https://eur-lex.europa.eu/legal-content/EN/TXT/PDF/?uri=CELEX:02008R1333-20260818,https://eur-lex.europa.eu/legal-content/DE/TXT/PDF/?uri=CELEX:02008R1333-20260818,https://food.ec.europa.eu/food-safety/food-improvement-agents/additives/database_en,COMPLETE_4_LANGUAGES,
E239,Hexaméthylènetétramine,Hexamethyleentetramine,Hexamethylene tetramine,Hexamethylentetramin E-Nummer Bezeichnung,Annex II Part B,II-B,02008R1333,18.08.2026,https://eur-lex.europa.eu/legal-content/FR/TXT/PDF/?uri=CELEX:02008R1333-20260818,https://eur-lex.europa.eu/legal-content/NL/TXT/PDF/?uri=CELEX:02008R1333-20260818,https://eur-lex.europa.eu/legal-content/EN/TXT/PDF/?uri=CELEX:02008R1333-20260818,https://eur-lex.europa.eu/legal-content/DE/TXT/PDF/?uri=CELEX:02008R1333-20260818,https://food.ec.europa.eu/food-safety/food-improvement-agents/additives/database_en,COMPLETE_4_LANGUAGES,
E242,Dicarbonate de diméthyle,Dimethyldicarbonaat,Dimethyl dicarbonate,Dimethyldicarbonat,Annex II Part B,II-B,02008R1333,18.08.2026,https://eur-lex.europa.eu/legal-content/FR/TXT/PDF/?uri=CELEX:02008R1333-20260818,https://eur-lex.europa.eu/legal-content/NL/TXT/PDF/?uri=CELEX:02008R1333-20260818,https://eur-lex.europa.eu/legal-content/EN/TXT/PDF/?uri=CELEX:02008R1333-20260818,https://eur-lex.europa.eu/legal-content/DE/TXT/PDF/?uri=CELEX:02008R1333-20260818,https://food.ec.europa.eu/food-safety/food-improvement-agents/additives/database_en,COMPLETE_4_LANGUAGES,
E243,Éthyl Lauroyl Arginate,Ethyllauroylarginaat,Ethyl lauroyl arginate,Ethyllaurylarginat,Annex II Part B,II-B,02008R1333,18.08.2026,https://eur-lex.europa.eu/legal-content/FR/TXT/PDF/?uri=CELEX:02008R1333-20260818,https://eur-lex.europa.eu/legal-content/NL/TXT/PDF/?uri=CELEX:02008R1333-20260818,https://eur-lex.europa.eu/legal-content/EN/TXT/PDF/?uri=CELEX:02008R1333-20260818,https://eur-lex.europa.eu/legal-content/DE/TXT/PDF/?uri=CELEX:02008R1333-20260818,https://food.ec.europa.eu/food-safety/food-improvement-agents/additives/database_en,COMPLETE_4_LANGUAGES,
E246,Glycolipides,Glycolipiden,Glycolipids,Glykolipide,Annex II Part B,II-B,02008R1333,18.08.2026,https://eur-lex.europa.eu/legal-content/FR/TXT/PDF/?uri=CELEX:02008R1333-20260818,https://eur-lex.europa.eu/legal-content/NL/TXT/PDF/?uri=CELEX:02008R1333-20260818,https://eur-lex.europa.eu/legal-content/EN/TXT/PDF/?uri=CELEX:02008R1333-20260818,https://eur-lex.europa.eu/legal-content/DE/TXT/PDF/?uri=CELEX:02008R1333-20260818,https://food.ec.europa.eu/food-safety/food-improvement-agents/additives/database_en,COMPLETE_4_LANGUAGES,
E249,Nitrite de potassium,Kaliumnitriet,Potassium nitrite,Kaliumnitrit,Annex II Part B,II-B,02008R1333,18.08.2026,https://eur-lex.europa.eu/legal-content/FR/TXT/PDF/?uri=CELEX:02008R1333-20260818,https://eur-lex.europa.eu/legal-content/NL/TXT/PDF/?uri=CELEX:02008R1333-20260818,https://eur-lex.europa.eu/legal-content/EN/TXT/PDF/?uri=CELEX:02008R1333-20260818,https://eur-lex.europa.eu/legal-content/DE/TXT/PDF/?uri=CELEX:02008R1333-20260818,https://food.ec.europa.eu/food-safety/food-improvement-agents/additives/database_en,COMPLETE_4_LANGUAGES,
E250,Nitrite de sodium,Natriumnitriet,Sodium nitrite,Natriumnitrit,Annex II Part B,II-B,02008R1333,18.08.2026,https://eur-lex.europa.eu/legal-content/FR/TXT/PDF/?uri=CELEX:02008R1333-20260818,https://eur-lex.europa.eu/legal-content/NL/TXT/PDF/?uri=CELEX:02008R1333-20260818,https://eur-lex.europa.eu/legal-content/EN/TXT/PDF/?uri=CELEX:02008R1333-20260818,https://eur-lex.europa.eu/legal-content/DE/TXT/PDF/?uri=CELEX:02008R1333-20260818,https://food.ec.europa.eu/food-safety/food-improvement-agents/additives/database_en,COMPLETE_4_LANGUAGES,
E251,Nitrate de sodium,Natriumnitraat,Sodium nitrate,Natriumnitrat,Annex II Part B,II-B,02008R1333,18.08.2026,https://eur-lex.europa.eu/legal-content/FR/TXT/PDF/?uri=CELEX:02008R1333-20260818,https://eur-lex.europa.eu/legal-content/NL/TXT/PDF/?uri=CELEX:02008R1333-20260818,https://eur-lex.europa.eu/legal-content/EN/TXT/PDF/?uri=CELEX:02008R1333-20260818,https://eur-lex.europa.eu/legal-content/DE/TXT/PDF/?uri=CELEX:02008R1333-20260818,https://food.ec.europa.eu/food-safety/food-improvement-agents/additives/database_en,COMPLETE_4_LANGUAGES,
E252,Nitrate de potassium,Kaliumnitraat,Potassium nitrate,Kaliumnitrat,Annex II Part B,II-B,02008R1333,18.08.2026,https://eur-lex.europa.eu/legal-content/FR/TXT/PDF/?uri=CELEX:02008R1333-20260818,https://eur-lex.europa.eu/legal-content/NL/TXT/PDF/?uri=CELEX:02008R1333-20260818,https://eur-lex.europa.eu/legal-content/EN/TXT/PDF/?uri=CELEX:02008R1333-20260818,https://eur-lex.europa.eu/legal-content/DE/TXT/PDF/?uri=CELEX:02008R1333-20260818,https://food.ec.europa.eu/food-safety/food-improvement-agents/additives/database_en,COMPLETE_4_LANGUAGES,
E260,Acide acétique,Azijnzuur,Acetic acid,Essigsäure,Annex II Part B,II-B,02008R1333,18.08.2026,https://eur-lex.europa.eu/legal-content/FR/TXT/PDF/?uri=CELEX:02008R1333-20260818,https://eur-lex.europa.eu/legal-content/NL/TXT/PDF/?uri=CELEX:02008R1333-20260818,https://eur-lex.europa.eu/legal-content/EN/TXT/PDF/?uri=CELEX:02008R1333-20260818,https://eur-lex.europa.eu/legal-content/DE/TXT/PDF/?uri=CELEX:02008R1333-20260818,https://food.ec.europa.eu/food-safety/food-improvement-agents/additives/database_en,COMPLETE_4_LANGUAGES,
E261,Acétates de potassium (  4 ),Kaliumacetaten (  4 ),Potassium acetates (  4 ),Kaliumacetate (  4 ),Annex II Part B,II-B,02008R1333,18.08.2026,https://eur-lex.europa.eu/legal-content/FR/TXT/PDF/?uri=CELEX:02008R1333-20260818,https://eur-lex.europa.eu/legal-content/NL/TXT/PDF/?uri=CELEX:02008R1333-20260818,https://eur-lex.europa.eu/legal-content/EN/TXT/PDF/?uri=CELEX:02008R1333-20260818,https://eur-lex.europa.eu/legal-content/DE/TXT/PDF/?uri=CELEX:02008R1333-20260818,https://food.ec.europa.eu/food-safety/food-improvement-agents/additives/database_en,COMPLETE_4_LANGUAGES,
E262,Acétates de sodium,Natriumacetaten,Sodium acetates,Natriumacetate,Annex II Part B,II-B,02008R1333,18.08.2026,https://eur-lex.europa.eu/legal-content/FR/TXT/PDF/?uri=CELEX:02008R1333-20260818,https://eur-lex.europa.eu/legal-content/NL/TXT/PDF/?uri=CELEX:02008R1333-20260818,https://eur-lex.europa.eu/legal-content/EN/TXT/PDF/?uri=CELEX:02008R1333-20260818,https://eur-lex.europa.eu/legal-content/DE/TXT/PDF/?uri=CELEX:02008R1333-20260818,https://food.ec.europa.eu/food-safety/food-improvement-agents/additives/database_en,COMPLETE_4_LANGUAGES,
E263,Acétate de calcium,Calciumacetaat,Calcium acetate,Calciumacetat,Annex II Part B,II-B,02008R1333,18.08.2026,https://eur-lex.europa.eu/legal-content/FR/TXT/PDF/?uri=CELEX:02008R1333-20260818,https://eur-lex.europa.eu/legal-content/NL/TXT/PDF/?uri=CELEX:02008R1333-20260818,https://eur-lex.europa.eu/legal-content/EN/TXT/PDF/?uri=CELEX:02008R1333-20260818,https://eur-lex.europa.eu/legal-content/DE/TXT/PDF/?uri=CELEX:02008R1333-20260818,https://food.ec.europa.eu/food-safety/food-improvement-agents/additives/database_en,COMPLETE_4_LANGUAGES,
E267,Vinaigre tamponné,Gebufferde azijn,Buffered vinegar,Gepufferter Essig,Annex II Part B,II-B,02008R1333,18.08.2026,https://eur-lex.europa.eu/legal-content/FR/TXT/PDF/?uri=CELEX:02008R1333-20260818,https://eur-lex.europa.eu/legal-content/NL/TXT/PDF/?uri=CELEX:02008R1333-20260818,https://eur-lex.europa.eu/legal-content/EN/TXT/PDF/?uri=CELEX:02008R1333-20260818,https://eur-lex.europa.eu/legal-content/DE/TXT/PDF/?uri=CELEX:02008R1333-20260818,https://food.ec.europa.eu/food-safety/food-improvement-agents/additives/database_en,COMPLETE_4_LANGUAGES,
E270,Acide lactique,Melkzuur,Lactic acid,Milchsäure,Annex II Part B,II-B,02008R1333,18.08.2026,https://eur-lex.europa.eu/legal-content/FR/TXT/PDF/?uri=CELEX:02008R1333-20260818,https://eur-lex.europa.eu/legal-content/NL/TXT/PDF/?uri=CELEX:02008R1333-20260818,https://eur-lex.europa.eu/legal-content/EN/TXT/PDF/?uri=CELEX:02008R1333-20260818,https://eur-lex.europa.eu/legal-content/DE/TXT/PDF/?uri=CELEX:02008R1333-20260818,https://food.ec.europa.eu/food-safety/food-improvement-agents/additives/database_en,COMPLETE_4_LANGUAGES,
E280,Acide propionique,Propionzuur,Propionic acid,Propionsäure,Annex II Part B,II-B,02008R1333,18.08.2026,https://eur-lex.europa.eu/legal-content/FR/TXT/PDF/?uri=CELEX:02008R1333-20260818,https://eur-lex.europa.eu/legal-content/NL/TXT/PDF/?uri=CELEX:02008R1333-20260818,https://eur-lex.europa.eu/legal-content/EN/TXT/PDF/?uri=CELEX:02008R1333-20260818,https://eur-lex.europa.eu/legal-content/DE/TXT/PDF/?uri=CELEX:02008R1333-20260818,https://food.ec.europa.eu/food-safety/food-improvement-agents/additives/database_en,COMPLETE_4_LANGUAGES,
E281,Propionate de sodium,Natriumpropionaat,Sodium propionate,Natriumpropionat,Annex II Part B,II-B,02008R1333,18.08.2026,https://eur-lex.europa.eu/legal-content/FR/TXT/PDF/?uri=CELEX:02008R1333-20260818,https://eur-lex.europa.eu/legal-content/NL/TXT/PDF/?uri=CELEX:02008R1333-20260818,https://eur-lex.europa.eu/legal-content/EN/TXT/PDF/?uri=CELEX:02008R1333-20260818,https://eur-lex.europa.eu/legal-content/DE/TXT/PDF/?uri=CELEX:02008R1333-20260818,https://food.ec.europa.eu/food-safety/food-improvement-agents/additives/database_en,COMPLETE_4_LANGUAGES,
E282,Propionate de calcium,Calciumpropionaat,Calcium propionate,Calciumpropionat,Annex II Part B,II-B,02008R1333,18.08.2026,https://eur-lex.europa.eu/legal-content/FR/TXT/PDF/?uri=CELEX:02008R1333-20260818,https://eur-lex.europa.eu/legal-content/NL/TXT/PDF/?uri=CELEX:02008R1333-20260818,https://eur-lex.europa.eu/legal-content/EN/TXT/PDF/?uri=CELEX:02008R1333-20260818,https://eur-lex.europa.eu/legal-content/DE/TXT/PDF/?uri=CELEX:02008R1333-20260818,https://food.ec.europa.eu/food-safety/food-improvement-agents/additives/database_en,COMPLETE_4_LANGUAGES,
E283,Propionate de potassium,Kaliumpropionaat,Potassium propionate,Kaliumpropionat,Annex II Part B,II-B,02008R1333,18.08.2026,https://eur-lex.europa.eu/legal-content/FR/TXT/PDF/?uri=CELEX:02008R1333-20260818,https://eur-lex.europa.eu/legal-content/NL/TXT/PDF/?uri=CELEX:02008R1333-20260818,https://eur-lex.europa.eu/legal-content/EN/TXT/PDF/?uri=CELEX:02008R1333-20260818,https://eur-lex.europa.eu/legal-content/DE/TXT/PDF/?uri=CELEX:02008R1333-20260818,https://food.ec.europa.eu/food-safety/food-improvement-agents/additives/database_en,COMPLETE_4_LANGUAGES,
E284,Acide borique,Boorzuur,Boric acid,Borsäure,Annex II Part B,II-B,02008R1333,18.08.2026,https://eur-lex.europa.eu/legal-content/FR/TXT/PDF/?uri=CELEX:02008R1333-20260818,https://eur-lex.europa.eu/legal-content/NL/TXT/PDF/?uri=CELEX:02008R1333-20260818,https://eur-lex.europa.eu/legal-content/EN/TXT/PDF/?uri=CELEX:02008R1333-20260818,https://eur-lex.europa.eu/legal-content/DE/TXT/PDF/?uri=CELEX:02008R1333-20260818,https://food.ec.europa.eu/food-safety/food-improvement-agents/additives/database_en,COMPLETE_4_LANGUAGES,
E285,Tétraborate de sodium (borax),Natriumtetraboraat (borax),Sodium tetraborate (borax),Natriumtetraborat (Borax),Annex II Part B,II-B,02008R1333,18.08.2026,https://eur-lex.europa.eu/legal-content/FR/TXT/PDF/?uri=CELEX:02008R1333-20260818,https://eur-lex.europa.eu/legal-content/NL/TXT/PDF/?uri=CELEX:02008R1333-20260818,https://eur-lex.europa.eu/legal-content/EN/TXT/PDF/?uri=CELEX:02008R1333-20260818,https://eur-lex.europa.eu/legal-content/DE/TXT/PDF/?uri=CELEX:02008R1333-20260818,https://food.ec.europa.eu/food-safety/food-improvement-agents/additives/database_en,COMPLETE_4_LANGUAGES,
E290,Dioxyde de carbone,Koolstofdioxide,Carbon dioxide,Kohlendioxid,Annex II Part B,II-B,02008R1333,18.08.2026,https://eur-lex.europa.eu/legal-content/FR/TXT/PDF/?uri=CELEX:02008R1333-20260818,https://eur-lex.europa.eu/legal-content/NL/TXT/PDF/?uri=CELEX:02008R1333-20260818,https://eur-lex.europa.eu/legal-content/EN/TXT/PDF/?uri=CELEX:02008R1333-20260818,https://eur-lex.europa.eu/legal-content/DE/TXT/PDF/?uri=CELEX:02008R1333-20260818,https://food.ec.europa.eu/food-safety/food-improvement-agents/additives/database_en,COMPLETE_4_LANGUAGES,
E296,Acide malique,Appelzuur,Malic acid,Äpfelsäure,Annex II Part B,II-B,02008R1333,18.08.2026,https://eur-lex.europa.eu/legal-content/FR/TXT/PDF/?uri=CELEX:02008R1333-20260818,https://eur-lex.europa.eu/legal-content/NL/TXT/PDF/?uri=CELEX:02008R1333-20260818,https://eur-lex.europa.eu/legal-content/EN/TXT/PDF/?uri=CELEX:02008R1333-20260818,https://eur-lex.europa.eu/legal-content/DE/TXT/PDF/?uri=CELEX:02008R1333-20260818,https://food.ec.europa.eu/food-safety/food-improvement-agents/additives/database_en,COMPLETE_4_LANGUAGES,
E297,Acide fumarique,Fumaarzuur,Fumaric acid,Fumarsäure,Annex II Part B,II-B,02008R1333,18.08.2026,https://eur-lex.europa.eu/legal-content/FR/TXT/PDF/?uri=CELEX:02008R1333-20260818,https://eur-lex.europa.eu/legal-content/NL/TXT/PDF/?uri=CELEX:02008R1333-20260818,https://eur-lex.europa.eu/legal-content/EN/TXT/PDF/?uri=CELEX:02008R1333-20260818,https://eur-lex.europa.eu/legal-content/DE/TXT/PDF/?uri=CELEX:02008R1333-20260818,https://food.ec.europa.eu/food-safety/food-improvement-agents/additives/database_en,COMPLETE_4_LANGUAGES,
E300,Acide ascorbique,Ascorbinezuur,Ascorbic acid,Ascorbinsäure,Annex II Part B,II-B,02008R1333,18.08.2026,https://eur-lex.europa.eu/legal-content/FR/TXT/PDF/?uri=CELEX:02008R1333-20260818,https://eur-lex.europa.eu/legal-content/NL/TXT/PDF/?uri=CELEX:02008R1333-20260818,https://eur-lex.europa.eu/legal-content/EN/TXT/PDF/?uri=CELEX:02008R1333-20260818,https://eur-lex.europa.eu/legal-content/DE/TXT/PDF/?uri=CELEX:02008R1333-20260818,https://food.ec.europa.eu/food-safety/food-improvement-agents/additives/database_en,COMPLETE_4_LANGUAGES,
E301,Ascorbate de sodium,Natriumascorbaat,Sodium ascorbate,Natriumascorbat,Annex II Part B,II-B,02008R1333,18.08.2026,https://eur-lex.europa.eu/legal-content/FR/TXT/PDF/?uri=CELEX:02008R1333-20260818,https://eur-lex.europa.eu/legal-content/NL/TXT/PDF/?uri=CELEX:02008R1333-20260818,https://eur-lex.europa.eu/legal-content/EN/TXT/PDF/?uri=CELEX:02008R1333-20260818,https://eur-lex.europa.eu/legal-content/DE/TXT/PDF/?uri=CELEX:02008R1333-20260818,https://food.ec.europa.eu/food-safety/food-improvement-agents/additives/database_en,COMPLETE_4_LANGUAGES,
E302,Ascorbate de calcium,Calciumascorbaat,Calcium ascorbate,Calciumascorbat,Annex II Part B,II-B,02008R1333,18.08.2026,https://eur-lex.europa.eu/legal-content/FR/TXT/PDF/?uri=CELEX:02008R1333-20260818,https://eur-lex.europa.eu/legal-content/NL/TXT/PDF/?uri=CELEX:02008R1333-20260818,https://eur-lex.europa.eu/legal-content/EN/TXT/PDF/?uri=CELEX:02008R1333-20260818,https://eur-lex.europa.eu/legal-content/DE/TXT/PDF/?uri=CELEX:02008R1333-20260818,https://food.ec.europa.eu/food-safety/food-improvement-agents/additives/database_en,COMPLETE_4_LANGUAGES,
E304,Esters d’acides gras de l’acide ascorbique,Vetzuuresters van ascorbinezuur,Fatty acid esters of ascorbic acid,Fettsäureester der Ascorbinsäure,Annex II Part B,II-B,02008R1333,18.08.2026,https://eur-lex.europa.eu/legal-content/FR/TXT/PDF/?uri=CELEX:02008R1333-20260818,https://eur-lex.europa.eu/legal-content/NL/TXT/PDF/?uri=CELEX:02008R1333-20260818,https://eur-lex.europa.eu/legal-content/EN/TXT/PDF/?uri=CELEX:02008R1333-20260818,https://eur-lex.europa.eu/legal-content/DE/TXT/PDF/?uri=CELEX:02008R1333-20260818,https://food.ec.europa.eu/food-safety/food-improvement-agents/additives/database_en,COMPLETE_4_LANGUAGES,
E306,Extrait riche en tocophérols,Tocoferolrijk extract,Tocopherol-rich extract,Stark tocopherolhaltige Extrakte,Annex II Part B,II-B,02008R1333,18.08.2026,https://eur-lex.europa.eu/legal-content/FR/TXT/PDF/?uri=CELEX:02008R1333-20260818,https://eur-lex.europa.eu/legal-content/NL/TXT/PDF/?uri=CELEX:02008R1333-20260818,https://eur-lex.europa.eu/legal-content/EN/TXT/PDF/?uri=CELEX:02008R1333-20260818,https://eur-lex.europa.eu/legal-content/DE/TXT/PDF/?uri=CELEX:02008R1333-20260818,https://food.ec.europa.eu/food-safety/food-improvement-agents/additives/database_en,COMPLETE_4_LANGUAGES,
E307,Alpha-tocophérol,Alfa-tocoferol,Alpha-tocopherol,Alpha-Tocopherol,Annex II Part B,II-B,02008R1333,18.08.2026,https://eur-lex.europa.eu/legal-content/FR/TXT/PDF/?uri=CELEX:02008R1333-20260818,https://eur-lex.europa.eu/legal-content/NL/TXT/PDF/?uri=CELEX:02008R1333-20260818,https://eur-lex.europa.eu/legal-content/EN/TXT/PDF/?uri=CELEX:02008R1333-20260818,https://eur-lex.europa.eu/legal-content/DE/TXT/PDF/?uri=CELEX:02008R1333-20260818,https://food.ec.europa.eu/food-safety/food-improvement-agents/additives/database_en,COMPLETE_4_LANGUAGES,
E308,Gamma-tocophérol,Gamma-tocoferol,Gamma-tocopherol,Gamma-Tocopherol,Annex II Part B,II-B,02008R1333,18.08.2026,https://eur-lex.europa.eu/legal-content/FR/TXT/PDF/?uri=CELEX:02008R1333-20260818,https://eur-lex.europa.eu/legal-content/NL/TXT/PDF/?uri=CELEX:02008R1333-20260818,https://eur-lex.europa.eu/legal-content/EN/TXT/PDF/?uri=CELEX:02008R1333-20260818,https://eur-lex.europa.eu/legal-content/DE/TXT/PDF/?uri=CELEX:02008R1333-20260818,https://food.ec.europa.eu/food-safety/food-improvement-agents/additives/database_en,COMPLETE_4_LANGUAGES,
E309,Delta-tocophérol,Delta-tocoferol,Delta-tocopherol,Delta-Tocopherol,Annex II Part B,II-B,02008R1333,18.08.2026,https://eur-lex.europa.eu/legal-content/FR/TXT/PDF/?uri=CELEX:02008R1333-20260818,https://eur-lex.europa.eu/legal-content/NL/TXT/PDF/?uri=CELEX:02008R1333-20260818,https://eur-lex.europa.eu/legal-content/EN/TXT/PDF/?uri=CELEX:02008R1333-20260818,https://eur-lex.europa.eu/legal-content/DE/TXT/PDF/?uri=CELEX:02008R1333-20260818,https://food.ec.europa.eu/food-safety/food-improvement-agents/additives/database_en,COMPLETE_4_LANGUAGES,
E310,Gallate de propyle __________,Propylgallaat __________,Propyl gallate __________,Propylgallat __________,Annex II Part B,II-B,02008R1333,18.08.2026,https://eur-lex.europa.eu/legal-content/FR/TXT/PDF/?uri=CELEX:02008R1333-20260818,https://eur-lex.europa.eu/legal-content/NL/TXT/PDF/?uri=CELEX:02008R1333-20260818,https://eur-lex.europa.eu/legal-content/EN/TXT/PDF/?uri=CELEX:02008R1333-20260818,https://eur-lex.europa.eu/legal-content/DE/TXT/PDF/?uri=CELEX:02008R1333-20260818,https://food.ec.europa.eu/food-safety/food-improvement-agents/additives/database_en,COMPLETE_4_LANGUAGES,
E315,Acide érythorbique,Erythorbinezuur,Erythorbic acid,Isoascorbinsäure (Erythorbinsäure),Annex II Part B,II-B,02008R1333,18.08.2026,https://eur-lex.europa.eu/legal-content/FR/TXT/PDF/?uri=CELEX:02008R1333-20260818,https://eur-lex.europa.eu/legal-content/NL/TXT/PDF/?uri=CELEX:02008R1333-20260818,https://eur-lex.europa.eu/legal-content/EN/TXT/PDF/?uri=CELEX:02008R1333-20260818,https://eur-lex.europa.eu/legal-content/DE/TXT/PDF/?uri=CELEX:02008R1333-20260818,https://food.ec.europa.eu/food-safety/food-improvement-agents/additives/database_en,COMPLETE_4_LANGUAGES,
E316,Érythorbate de sodium,Natriumerythorbaat,Sodium erythorbate,Natriumisoascorbat E-Nummer Bezeichnung,Annex II Part B,II-B,02008R1333,18.08.2026,https://eur-lex.europa.eu/legal-content/FR/TXT/PDF/?uri=CELEX:02008R1333-20260818,https://eur-lex.europa.eu/legal-content/NL/TXT/PDF/?uri=CELEX:02008R1333-20260818,https://eur-lex.europa.eu/legal-content/EN/TXT/PDF/?uri=CELEX:02008R1333-20260818,https://eur-lex.europa.eu/legal-content/DE/TXT/PDF/?uri=CELEX:02008R1333-20260818,https://food.ec.europa.eu/food-safety/food-improvement-agents/additives/database_en,COMPLETE_4_LANGUAGES,
E319,Butylhydro-quinone tertiaire (BHQT),tert-Butylhydrochinon (TBHQ),Tertiary-butyl hydroquinone (TBHQ),Tertiär-Butylhydrochinon (TBHQ),Annex II Part B,II-B,02008R1333,18.08.2026,https://eur-lex.europa.eu/legal-content/FR/TXT/PDF/?uri=CELEX:02008R1333-20260818,https://eur-lex.europa.eu/legal-content/NL/TXT/PDF/?uri=CELEX:02008R1333-20260818,https://eur-lex.europa.eu/legal-content/EN/TXT/PDF/?uri=CELEX:02008R1333-20260818,https://eur-lex.europa.eu/legal-content/DE/TXT/PDF/?uri=CELEX:02008R1333-20260818,https://food.ec.europa.eu/food-safety/food-improvement-agents/additives/database_en,COMPLETE_4_LANGUAGES,
E320,Butylhydroxy-anisol (BHA),Butylhydroxyanisool (BHA),Butylated hydroxyanisole (BHA),Butylhydroxyanisol (BHA),Annex II Part B,II-B,02008R1333,18.08.2026,https://eur-lex.europa.eu/legal-content/FR/TXT/PDF/?uri=CELEX:02008R1333-20260818,https://eur-lex.europa.eu/legal-content/NL/TXT/PDF/?uri=CELEX:02008R1333-20260818,https://eur-lex.europa.eu/legal-content/EN/TXT/PDF/?uri=CELEX:02008R1333-20260818,https://eur-lex.europa.eu/legal-content/DE/TXT/PDF/?uri=CELEX:02008R1333-20260818,https://food.ec.europa.eu/food-safety/food-improvement-agents/additives/database_en,COMPLETE_4_LANGUAGES,
E321,Butylhydroxy-toluène (BHT),Butylhydroxytolueen (BHT),Butylated hydroxytoluene (BHT),Butylhydroxytoluen (BHT),Annex II Part B,II-B,02008R1333,18.08.2026,https://eur-lex.europa.eu/legal-content/FR/TXT/PDF/?uri=CELEX:02008R1333-20260818,https://eur-lex.europa.eu/legal-content/NL/TXT/PDF/?uri=CELEX:02008R1333-20260818,https://eur-lex.europa.eu/legal-content/EN/TXT/PDF/?uri=CELEX:02008R1333-20260818,https://eur-lex.europa.eu/legal-content/DE/TXT/PDF/?uri=CELEX:02008R1333-20260818,https://food.ec.europa.eu/food-safety/food-improvement-agents/additives/database_en,COMPLETE_4_LANGUAGES,
E322,Lécithines,Lecithinen,Lecithins,a  Haferlecithin,Annex II Part B,II-B,02008R1333,18.08.2026,https://eur-lex.europa.eu/legal-content/FR/TXT/PDF/?uri=CELEX:02008R1333-20260818,https://eur-lex.europa.eu/legal-content/NL/TXT/PDF/?uri=CELEX:02008R1333-20260818,https://eur-lex.europa.eu/legal-content/EN/TXT/PDF/?uri=CELEX:02008R1333-20260818,https://eur-lex.europa.eu/legal-content/DE/TXT/PDF/?uri=CELEX:02008R1333-20260818,https://food.ec.europa.eu/food-safety/food-improvement-agents/additives/database_en,COMPLETE_4_LANGUAGES,
E322a,Lécithine d’avoine,Haverlecithine,Oat lecithin,,Annex II Part B,II-B,02008R1333,18.08.2026,https://eur-lex.europa.eu/legal-content/FR/TXT/PDF/?uri=CELEX:02008R1333-20260818,https://eur-lex.europa.eu/legal-content/NL/TXT/PDF/?uri=CELEX:02008R1333-20260818,https://eur-lex.europa.eu/legal-content/EN/TXT/PDF/?uri=CELEX:02008R1333-20260818,https://eur-lex.europa.eu/legal-content/DE/TXT/PDF/?uri=CELEX:02008R1333-20260818,https://food.ec.europa.eu/food-safety/food-improvement-agents/additives/database_en,PARTIAL_OFFICIAL,Absent from official PDF: DE
E325,Lactate de sodium,Natriumlactaat,Sodium lactate,Natriumlactat,Annex II Part B,II-B,02008R1333,18.08.2026,https://eur-lex.europa.eu/legal-content/FR/TXT/PDF/?uri=CELEX:02008R1333-20260818,https://eur-lex.europa.eu/legal-content/NL/TXT/PDF/?uri=CELEX:02008R1333-20260818,https://eur-lex.europa.eu/legal-content/EN/TXT/PDF/?uri=CELEX:02008R1333-20260818,https://eur-lex.europa.eu/legal-content/DE/TXT/PDF/?uri=CELEX:02008R1333-20260818,https://food.ec.europa.eu/food-safety/food-improvement-agents/additives/database_en,COMPLETE_4_LANGUAGES,
E326,Lactate de potassium,Kaliumlactaat,Potassium lactate,Kaliumlactat,Annex II Part B,II-B,02008R1333,18.08.2026,https://eur-lex.europa.eu/legal-content/FR/TXT/PDF/?uri=CELEX:02008R1333-20260818,https://eur-lex.europa.eu/legal-content/NL/TXT/PDF/?uri=CELEX:02008R1333-20260818,https://eur-lex.europa.eu/legal-content/EN/TXT/PDF/?uri=CELEX:02008R1333-20260818,https://eur-lex.europa.eu/legal-content/DE/TXT/PDF/?uri=CELEX:02008R1333-20260818,https://food.ec.europa.eu/food-safety/food-improvement-agents/additives/database_en,COMPLETE_4_LANGUAGES,
E327,Lactate de calcium,Calciumlactaat,Calcium lactate,Calciumlactat,Annex II Part B,II-B,02008R1333,18.08.2026,https://eur-lex.europa.eu/legal-content/FR/TXT/PDF/?uri=CELEX:02008R1333-20260818,https://eur-lex.europa.eu/legal-content/NL/TXT/PDF/?uri=CELEX:02008R1333-20260818,https://eur-lex.europa.eu/legal-content/EN/TXT/PDF/?uri=CELEX:02008R1333-20260818,https://eur-lex.europa.eu/legal-content/DE/TXT/PDF/?uri=CELEX:02008R1333-20260818,https://food.ec.europa.eu/food-safety/food-improvement-agents/additives/database_en,COMPLETE_4_LANGUAGES,
E330,Acide citrique,Citroenzuur,Citric acid,Citronensäure,Annex II Part B,II-B,02008R1333,18.08.2026,https://eur-lex.europa.eu/legal-content/FR/TXT/PDF/?uri=CELEX:02008R1333-20260818,https://eur-lex.europa.eu/legal-content/NL/TXT/PDF/?uri=CELEX:02008R1333-20260818,https://eur-lex.europa.eu/legal-content/EN/TXT/PDF/?uri=CELEX:02008R1333-20260818,https://eur-lex.europa.eu/legal-content/DE/TXT/PDF/?uri=CELEX:02008R1333-20260818,https://food.ec.europa.eu/food-safety/food-improvement-agents/additives/database_en,COMPLETE_4_LANGUAGES,
E331,Citrates de sodium,Natriumcitraten,Sodium citrates,Natriumcitrate,Annex II Part B,II-B,02008R1333,18.08.2026,https://eur-lex.europa.eu/legal-content/FR/TXT/PDF/?uri=CELEX:02008R1333-20260818,https://eur-lex.europa.eu/legal-content/NL/TXT/PDF/?uri=CELEX:02008R1333-20260818,https://eur-lex.europa.eu/legal-content/EN/TXT/PDF/?uri=CELEX:02008R1333-20260818,https://eur-lex.europa.eu/legal-content/DE/TXT/PDF/?uri=CELEX:02008R1333-20260818,https://food.ec.europa.eu/food-safety/food-improvement-agents/additives/database_en,COMPLETE_4_LANGUAGES,
E332,Citrates de potassium,Kaliumcitraten,Potassium citrates,Kaliumcitrate,Annex II Part B,II-B,02008R1333,18.08.2026,https://eur-lex.europa.eu/legal-content/FR/TXT/PDF/?uri=CELEX:02008R1333-20260818,https://eur-lex.europa.eu/legal-content/NL/TXT/PDF/?uri=CELEX:02008R1333-20260818,https://eur-lex.europa.eu/legal-content/EN/TXT/PDF/?uri=CELEX:02008R1333-20260818,https://eur-lex.europa.eu/legal-content/DE/TXT/PDF/?uri=CELEX:02008R1333-20260818,https://food.ec.europa.eu/food-safety/food-improvement-agents/additives/database_en,COMPLETE_4_LANGUAGES,
E333,Citrates de calcium,Calciumcitraten,Calcium citrates,Calciumcitrate,Annex II Part B,II-B,02008R1333,18.08.2026,https://eur-lex.europa.eu/legal-content/FR/TXT/PDF/?uri=CELEX:02008R1333-20260818,https://eur-lex.europa.eu/legal-content/NL/TXT/PDF/?uri=CELEX:02008R1333-20260818,https://eur-lex.europa.eu/legal-content/EN/TXT/PDF/?uri=CELEX:02008R1333-20260818,https://eur-lex.europa.eu/legal-content/DE/TXT/PDF/?uri=CELEX:02008R1333-20260818,https://food.ec.europa.eu/food-safety/food-improvement-agents/additives/database_en,COMPLETE_4_LANGUAGES,
E334,Acide tartrique [L (+)],L(+)-Wijnsteenzuur,Tartaric acid (L(+)-),Weinsäure (L+),Annex II Part B,II-B,02008R1333,18.08.2026,https://eur-lex.europa.eu/legal-content/FR/TXT/PDF/?uri=CELEX:02008R1333-20260818,https://eur-lex.europa.eu/legal-content/NL/TXT/PDF/?uri=CELEX:02008R1333-20260818,https://eur-lex.europa.eu/legal-content/EN/TXT/PDF/?uri=CELEX:02008R1333-20260818,https://eur-lex.europa.eu/legal-content/DE/TXT/PDF/?uri=CELEX:02008R1333-20260818,https://food.ec.europa.eu/food-safety/food-improvement-agents/additives/database_en,COMPLETE_4_LANGUAGES,
E335,Tartrates de sodium,Natriumtartraten,Sodium tartrates,Natriumtartrate,Annex II Part B,II-B,02008R1333,18.08.2026,https://eur-lex.europa.eu/legal-content/FR/TXT/PDF/?uri=CELEX:02008R1333-20260818,https://eur-lex.europa.eu/legal-content/NL/TXT/PDF/?uri=CELEX:02008R1333-20260818,https://eur-lex.europa.eu/legal-content/EN/TXT/PDF/?uri=CELEX:02008R1333-20260818,https://eur-lex.europa.eu/legal-content/DE/TXT/PDF/?uri=CELEX:02008R1333-20260818,https://food.ec.europa.eu/food-safety/food-improvement-agents/additives/database_en,COMPLETE_4_LANGUAGES,
E336,Tartrates de potassium,Kaliumtartraten,Potassium tartrates,Kaliumtartrate,Annex II Part B,II-B,02008R1333,18.08.2026,https://eur-lex.europa.eu/legal-content/FR/TXT/PDF/?uri=CELEX:02008R1333-20260818,https://eur-lex.europa.eu/legal-content/NL/TXT/PDF/?uri=CELEX:02008R1333-20260818,https://eur-lex.europa.eu/legal-content/EN/TXT/PDF/?uri=CELEX:02008R1333-20260818,https://eur-lex.europa.eu/legal-content/DE/TXT/PDF/?uri=CELEX:02008R1333-20260818,https://food.ec.europa.eu/food-safety/food-improvement-agents/additives/database_en,COMPLETE_4_LANGUAGES,
E337,Tartrate double de sodium et de potassium,Kaliumnatriumtartraat,Sodium potassium tartrate,Natrium-Kaliumtartrat,Annex II Part B,II-B,02008R1333,18.08.2026,https://eur-lex.europa.eu/legal-content/FR/TXT/PDF/?uri=CELEX:02008R1333-20260818,https://eur-lex.europa.eu/legal-content/NL/TXT/PDF/?uri=CELEX:02008R1333-20260818,https://eur-lex.europa.eu/legal-content/EN/TXT/PDF/?uri=CELEX:02008R1333-20260818,https://eur-lex.europa.eu/legal-content/DE/TXT/PDF/?uri=CELEX:02008R1333-20260818,https://food.ec.europa.eu/food-safety/food-improvement-agents/additives/database_en,COMPLETE_4_LANGUAGES,
E338,Acide phosphorique,Fosforzuur,Phosphoric acid,Phosphorsäure,Annex II Part B,II-B,02008R1333,18.08.2026,https://eur-lex.europa.eu/legal-content/FR/TXT/PDF/?uri=CELEX:02008R1333-20260818,https://eur-lex.europa.eu/legal-content/NL/TXT/PDF/?uri=CELEX:02008R1333-20260818,https://eur-lex.europa.eu/legal-content/EN/TXT/PDF/?uri=CELEX:02008R1333-20260818,https://eur-lex.europa.eu/legal-content/DE/TXT/PDF/?uri=CELEX:02008R1333-20260818,https://food.ec.europa.eu/food-safety/food-improvement-agents/additives/database_en,COMPLETE_4_LANGUAGES,
E339,Phosphates de sodium,Natriumfosfaten,Sodium phosphates,Natriumphosphate,Annex II Part B,II-B,02008R1333,18.08.2026,https://eur-lex.europa.eu/legal-content/FR/TXT/PDF/?uri=CELEX:02008R1333-20260818,https://eur-lex.europa.eu/legal-content/NL/TXT/PDF/?uri=CELEX:02008R1333-20260818,https://eur-lex.europa.eu/legal-content/EN/TXT/PDF/?uri=CELEX:02008R1333-20260818,https://eur-lex.europa.eu/legal-content/DE/TXT/PDF/?uri=CELEX:02008R1333-20260818,https://food.ec.europa.eu/food-safety/food-improvement-agents/additives/database_en,COMPLETE_4_LANGUAGES,
E340,Phosphates de potassium,Kaliumfosfaten,Potassium phosphates,Kaliumphosphate,Annex II Part B,II-B,02008R1333,18.08.2026,https://eur-lex.europa.eu/legal-content/FR/TXT/PDF/?uri=CELEX:02008R1333-20260818,https://eur-lex.europa.eu/legal-content/NL/TXT/PDF/?uri=CELEX:02008R1333-20260818,https://eur-lex.europa.eu/legal-content/EN/TXT/PDF/?uri=CELEX:02008R1333-20260818,https://eur-lex.europa.eu/legal-content/DE/TXT/PDF/?uri=CELEX:02008R1333-20260818,https://food.ec.europa.eu/food-safety/food-improvement-agents/additives/database_en,COMPLETE_4_LANGUAGES,
E341,Phosphates de calcium,Calciumfosfaten,Calcium phosphates,Calciumphosphate,Annex II Part B,II-B,02008R1333,18.08.2026,https://eur-lex.europa.eu/legal-content/FR/TXT/PDF/?uri=CELEX:02008R1333-20260818,https://eur-lex.europa.eu/legal-content/NL/TXT/PDF/?uri=CELEX:02008R1333-20260818,https://eur-lex.europa.eu/legal-content/EN/TXT/PDF/?uri=CELEX:02008R1333-20260818,https://eur-lex.europa.eu/legal-content/DE/TXT/PDF/?uri=CELEX:02008R1333-20260818,https://food.ec.europa.eu/food-safety/food-improvement-agents/additives/database_en,COMPLETE_4_LANGUAGES,
E343,Phosphates de magnésium,Magnesiumfosfaten,Magnesium phosphates,Magnesiumphosphate,Annex II Part B,II-B,02008R1333,18.08.2026,https://eur-lex.europa.eu/legal-content/FR/TXT/PDF/?uri=CELEX:02008R1333-20260818,https://eur-lex.europa.eu/legal-content/NL/TXT/PDF/?uri=CELEX:02008R1333-20260818,https://eur-lex.europa.eu/legal-content/EN/TXT/PDF/?uri=CELEX:02008R1333-20260818,https://eur-lex.europa.eu/legal-content/DE/TXT/PDF/?uri=CELEX:02008R1333-20260818,https://food.ec.europa.eu/food-safety/food-improvement-agents/additives/database_en,COMPLETE_4_LANGUAGES,
E345,,(i)  Trimagnesiumdicitraat,,,Annex II Part B,II-B,02008R1333,18.08.2026,https://eur-lex.europa.eu/legal-content/FR/TXT/PDF/?uri=CELEX:02008R1333-20260818,https://eur-lex.europa.eu/legal-content/NL/TXT/PDF/?uri=CELEX:02008R1333-20260818,https://eur-lex.europa.eu/legal-content/EN/TXT/PDF/?uri=CELEX:02008R1333-20260818,https://eur-lex.europa.eu/legal-content/DE/TXT/PDF/?uri=CELEX:02008R1333-20260818,https://food.ec.europa.eu/food-safety/food-improvement-agents/additives/database_en,AMBIGUOUS_GROUP_OR_RANGE,E345 and E345(i) retained as distinct PDF keys; equivalence not demonstrated
E345(i),Dicitrate de trimagnesium,,Trimagnesium dicitrate,Trimagnesiumdicitrat,Annex II Part B,II-B,02008R1333,18.08.2026,https://eur-lex.europa.eu/legal-content/FR/TXT/PDF/?uri=CELEX:02008R1333-20260818,https://eur-lex.europa.eu/legal-content/NL/TXT/PDF/?uri=CELEX:02008R1333-20260818,https://eur-lex.europa.eu/legal-content/EN/TXT/PDF/?uri=CELEX:02008R1333-20260818,https://eur-lex.europa.eu/legal-content/DE/TXT/PDF/?uri=CELEX:02008R1333-20260818,https://food.ec.europa.eu/food-safety/food-improvement-agents/additives/database_en,AMBIGUOUS_GROUP_OR_RANGE,E345 and E345(i) retained as distinct PDF keys; equivalence not demonstrated
E350,Malates de sodium,Natriummalaten,Sodium malates,Natriummalate,Annex II Part B,II-B,02008R1333,18.08.2026,https://eur-lex.europa.eu/legal-content/FR/TXT/PDF/?uri=CELEX:02008R1333-20260818,https://eur-lex.europa.eu/legal-content/NL/TXT/PDF/?uri=CELEX:02008R1333-20260818,https://eur-lex.europa.eu/legal-content/EN/TXT/PDF/?uri=CELEX:02008R1333-20260818,https://eur-lex.europa.eu/legal-content/DE/TXT/PDF/?uri=CELEX:02008R1333-20260818,https://food.ec.europa.eu/food-safety/food-improvement-agents/additives/database_en,COMPLETE_4_LANGUAGES,
E351,Malate de potassium,Kaliummalaat,Potassium malate,Kaliummalat,Annex II Part B,II-B,02008R1333,18.08.2026,https://eur-lex.europa.eu/legal-content/FR/TXT/PDF/?uri=CELEX:02008R1333-20260818,https://eur-lex.europa.eu/legal-content/NL/TXT/PDF/?uri=CELEX:02008R1333-20260818,https://eur-lex.europa.eu/legal-content/EN/TXT/PDF/?uri=CELEX:02008R1333-20260818,https://eur-lex.europa.eu/legal-content/DE/TXT/PDF/?uri=CELEX:02008R1333-20260818,https://food.ec.europa.eu/food-safety/food-improvement-agents/additives/database_en,COMPLETE_4_LANGUAGES,
E352,Malates de calcium,Calciummalaten,Calcium malates,Calciummalate,Annex II Part B,II-B,02008R1333,18.08.2026,https://eur-lex.europa.eu/legal-content/FR/TXT/PDF/?uri=CELEX:02008R1333-20260818,https://eur-lex.europa.eu/legal-content/NL/TXT/PDF/?uri=CELEX:02008R1333-20260818,https://eur-lex.europa.eu/legal-content/EN/TXT/PDF/?uri=CELEX:02008R1333-20260818,https://eur-lex.europa.eu/legal-content/DE/TXT/PDF/?uri=CELEX:02008R1333-20260818,https://food.ec.europa.eu/food-safety/food-improvement-agents/additives/database_en,COMPLETE_4_LANGUAGES,
E353,Acide métatartrique,Metawijnsteenzuur,Metatartaric acid,Metaweinsäure,Annex II Part B,II-B,02008R1333,18.08.2026,https://eur-lex.europa.eu/legal-content/FR/TXT/PDF/?uri=CELEX:02008R1333-20260818,https://eur-lex.europa.eu/legal-content/NL/TXT/PDF/?uri=CELEX:02008R1333-20260818,https://eur-lex.europa.eu/legal-content/EN/TXT/PDF/?uri=CELEX:02008R1333-20260818,https://eur-lex.europa.eu/legal-content/DE/TXT/PDF/?uri=CELEX:02008R1333-20260818,https://food.ec.europa.eu/food-safety/food-improvement-agents/additives/database_en,COMPLETE_4_LANGUAGES,
E354,Tartrate de calcium,Calciumtartraat,Calcium tartrate,Calciumtartrat,Annex II Part B,II-B,02008R1333,18.08.2026,https://eur-lex.europa.eu/legal-content/FR/TXT/PDF/?uri=CELEX:02008R1333-20260818,https://eur-lex.europa.eu/legal-content/NL/TXT/PDF/?uri=CELEX:02008R1333-20260818,https://eur-lex.europa.eu/legal-content/EN/TXT/PDF/?uri=CELEX:02008R1333-20260818,https://eur-lex.europa.eu/legal-content/DE/TXT/PDF/?uri=CELEX:02008R1333-20260818,https://food.ec.europa.eu/food-safety/food-improvement-agents/additives/database_en,COMPLETE_4_LANGUAGES,
E355,Acide adipique,Adipinezuur,Adipic acid,Adipinsäure,Annex II Part B,II-B,02008R1333,18.08.2026,https://eur-lex.europa.eu/legal-content/FR/TXT/PDF/?uri=CELEX:02008R1333-20260818,https://eur-lex.europa.eu/legal-content/NL/TXT/PDF/?uri=CELEX:02008R1333-20260818,https://eur-lex.europa.eu/legal-content/EN/TXT/PDF/?uri=CELEX:02008R1333-20260818,https://eur-lex.europa.eu/legal-content/DE/TXT/PDF/?uri=CELEX:02008R1333-20260818,https://food.ec.europa.eu/food-safety/food-improvement-agents/additives/database_en,COMPLETE_4_LANGUAGES,
E356,Adipate de sodium,Natriumadipaat,Sodium adipate,Natriumadipat,Annex II Part B,II-B,02008R1333,18.08.2026,https://eur-lex.europa.eu/legal-content/FR/TXT/PDF/?uri=CELEX:02008R1333-20260818,https://eur-lex.europa.eu/legal-content/NL/TXT/PDF/?uri=CELEX:02008R1333-20260818,https://eur-lex.europa.eu/legal-content/EN/TXT/PDF/?uri=CELEX:02008R1333-20260818,https://eur-lex.europa.eu/legal-content/DE/TXT/PDF/?uri=CELEX:02008R1333-20260818,https://food.ec.europa.eu/food-safety/food-improvement-agents/additives/database_en,COMPLETE_4_LANGUAGES,
E357,Adipate de potassium,Kaliumadipaat,Potassium adipate,Kaliumadipat,Annex II Part B,II-B,02008R1333,18.08.2026,https://eur-lex.europa.eu/legal-content/FR/TXT/PDF/?uri=CELEX:02008R1333-20260818,https://eur-lex.europa.eu/legal-content/NL/TXT/PDF/?uri=CELEX:02008R1333-20260818,https://eur-lex.europa.eu/legal-content/EN/TXT/PDF/?uri=CELEX:02008R1333-20260818,https://eur-lex.europa.eu/legal-content/DE/TXT/PDF/?uri=CELEX:02008R1333-20260818,https://food.ec.europa.eu/food-safety/food-improvement-agents/additives/database_en,COMPLETE_4_LANGUAGES,
E363,Acide succinique,Barnsteenzuur,Succinic acid,Bernsteinsäure,Annex II Part B,II-B,02008R1333,18.08.2026,https://eur-lex.europa.eu/legal-content/FR/TXT/PDF/?uri=CELEX:02008R1333-20260818,https://eur-lex.europa.eu/legal-content/NL/TXT/PDF/?uri=CELEX:02008R1333-20260818,https://eur-lex.europa.eu/legal-content/EN/TXT/PDF/?uri=CELEX:02008R1333-20260818,https://eur-lex.europa.eu/legal-content/DE/TXT/PDF/?uri=CELEX:02008R1333-20260818,https://food.ec.europa.eu/food-safety/food-improvement-agents/additives/database_en,COMPLETE_4_LANGUAGES,
E380,Citrate de triammonium,Triammoniumcitraat,Triammonium citrate,Triammoniumcitrat E-Nummer Bezeichnung,Annex II Part B,II-B,02008R1333,18.08.2026,https://eur-lex.europa.eu/legal-content/FR/TXT/PDF/?uri=CELEX:02008R1333-20260818,https://eur-lex.europa.eu/legal-content/NL/TXT/PDF/?uri=CELEX:02008R1333-20260818,https://eur-lex.europa.eu/legal-content/EN/TXT/PDF/?uri=CELEX:02008R1333-20260818,https://eur-lex.europa.eu/legal-content/DE/TXT/PDF/?uri=CELEX:02008R1333-20260818,https://food.ec.europa.eu/food-safety/food-improvement-agents/additives/database_en,COMPLETE_4_LANGUAGES,
E385,Éthylène-diamine-tétra-acétate de calcium disodium (calcium di sodium EDTA),Calciumdinatrium-ethyleendiaminetetraäcetaat (calciumdinatrium -EDTA),Calcium disodium ethylene diamine tetra-acetate (Calcium disod ium EDTA),Calcium-Dinatrium-Ethylendiamintetraacetat (Calcium-Dinatrium- EDTA),Annex II Part B,II-B,02008R1333,18.08.2026,https://eur-lex.europa.eu/legal-content/FR/TXT/PDF/?uri=CELEX:02008R1333-20260818,https://eur-lex.europa.eu/legal-content/NL/TXT/PDF/?uri=CELEX:02008R1333-20260818,https://eur-lex.europa.eu/legal-content/EN/TXT/PDF/?uri=CELEX:02008R1333-20260818,https://eur-lex.europa.eu/legal-content/DE/TXT/PDF/?uri=CELEX:02008R1333-20260818,https://food.ec.europa.eu/food-safety/food-improvement-agents/additives/database_en,COMPLETE_4_LANGUAGES,
E392,Extraits de romarin,Extracten van rozemarijn,Extracts of rosemary,Extrakt aus Rosmarin,Annex II Part B,II-B,02008R1333,18.08.2026,https://eur-lex.europa.eu/legal-content/FR/TXT/PDF/?uri=CELEX:02008R1333-20260818,https://eur-lex.europa.eu/legal-content/NL/TXT/PDF/?uri=CELEX:02008R1333-20260818,https://eur-lex.europa.eu/legal-content/EN/TXT/PDF/?uri=CELEX:02008R1333-20260818,https://eur-lex.europa.eu/legal-content/DE/TXT/PDF/?uri=CELEX:02008R1333-20260818,https://food.ec.europa.eu/food-safety/food-improvement-agents/additives/database_en,COMPLETE_4_LANGUAGES,
E400,Acide alginique,Alginezuur,Alginic acid,Alginsäure,Annex II Part B,II-B,02008R1333,18.08.2026,https://eur-lex.europa.eu/legal-content/FR/TXT/PDF/?uri=CELEX:02008R1333-20260818,https://eur-lex.europa.eu/legal-content/NL/TXT/PDF/?uri=CELEX:02008R1333-20260818,https://eur-lex.europa.eu/legal-content/EN/TXT/PDF/?uri=CELEX:02008R1333-20260818,https://eur-lex.europa.eu/legal-content/DE/TXT/PDF/?uri=CELEX:02008R1333-20260818,https://food.ec.europa.eu/food-safety/food-improvement-agents/additives/database_en,COMPLETE_4_LANGUAGES,
E401,Alginate de sodium,Natriumalginaat,Sodium alginate,Natriumalginat,Annex II Part B,II-B,02008R1333,18.08.2026,https://eur-lex.europa.eu/legal-content/FR/TXT/PDF/?uri=CELEX:02008R1333-20260818,https://eur-lex.europa.eu/legal-content/NL/TXT/PDF/?uri=CELEX:02008R1333-20260818,https://eur-lex.europa.eu/legal-content/EN/TXT/PDF/?uri=CELEX:02008R1333-20260818,https://eur-lex.europa.eu/legal-content/DE/TXT/PDF/?uri=CELEX:02008R1333-20260818,https://food.ec.europa.eu/food-safety/food-improvement-agents/additives/database_en,COMPLETE_4_LANGUAGES,
E402,Alginate de potassium,Kaliumalginaat,Potassium alginate,Kaliumalginat,Annex II Part B,II-B,02008R1333,18.08.2026,https://eur-lex.europa.eu/legal-content/FR/TXT/PDF/?uri=CELEX:02008R1333-20260818,https://eur-lex.europa.eu/legal-content/NL/TXT/PDF/?uri=CELEX:02008R1333-20260818,https://eur-lex.europa.eu/legal-content/EN/TXT/PDF/?uri=CELEX:02008R1333-20260818,https://eur-lex.europa.eu/legal-content/DE/TXT/PDF/?uri=CELEX:02008R1333-20260818,https://food.ec.europa.eu/food-safety/food-improvement-agents/additives/database_en,COMPLETE_4_LANGUAGES,
E403,Alginate d’ammonium,Ammoniumalginaat,Ammonium alginate,Ammoniumalginat,Annex II Part B,II-B,02008R1333,18.08.2026,https://eur-lex.europa.eu/legal-content/FR/TXT/PDF/?uri=CELEX:02008R1333-20260818,https://eur-lex.europa.eu/legal-content/NL/TXT/PDF/?uri=CELEX:02008R1333-20260818,https://eur-lex.europa.eu/legal-content/EN/TXT/PDF/?uri=CELEX:02008R1333-20260818,https://eur-lex.europa.eu/legal-content/DE/TXT/PDF/?uri=CELEX:02008R1333-20260818,https://food.ec.europa.eu/food-safety/food-improvement-agents/additives/database_en,COMPLETE_4_LANGUAGES,
E404,Alginate de calcium,Calciumalginaat,Calcium alginate,Calciumalginat,Annex II Part B,II-B,02008R1333,18.08.2026,https://eur-lex.europa.eu/legal-content/FR/TXT/PDF/?uri=CELEX:02008R1333-20260818,https://eur-lex.europa.eu/legal-content/NL/TXT/PDF/?uri=CELEX:02008R1333-20260818,https://eur-lex.europa.eu/legal-content/EN/TXT/PDF/?uri=CELEX:02008R1333-20260818,https://eur-lex.europa.eu/legal-content/DE/TXT/PDF/?uri=CELEX:02008R1333-20260818,https://food.ec.europa.eu/food-safety/food-improvement-agents/additives/database_en,COMPLETE_4_LANGUAGES,
E405,"Alginate de propane-1,2-diol",Propyleenglycolalginaat,"Propane-1, 2-diol alginate",Propylenglycolalginat,Annex II Part B,II-B,02008R1333,18.08.2026,https://eur-lex.europa.eu/legal-content/FR/TXT/PDF/?uri=CELEX:02008R1333-20260818,https://eur-lex.europa.eu/legal-content/NL/TXT/PDF/?uri=CELEX:02008R1333-20260818,https://eur-lex.europa.eu/legal-content/EN/TXT/PDF/?uri=CELEX:02008R1333-20260818,https://eur-lex.europa.eu/legal-content/DE/TXT/PDF/?uri=CELEX:02008R1333-20260818,https://food.ec.europa.eu/food-safety/food-improvement-agents/additives/database_en,COMPLETE_4_LANGUAGES,
E406,Agar-agar,Agaragar,Agar,Agar-Agar,Annex II Part B,II-B,02008R1333,18.08.2026,https://eur-lex.europa.eu/legal-content/FR/TXT/PDF/?uri=CELEX:02008R1333-20260818,https://eur-lex.europa.eu/legal-content/NL/TXT/PDF/?uri=CELEX:02008R1333-20260818,https://eur-lex.europa.eu/legal-content/EN/TXT/PDF/?uri=CELEX:02008R1333-20260818,https://eur-lex.europa.eu/legal-content/DE/TXT/PDF/?uri=CELEX:02008R1333-20260818,https://food.ec.europa.eu/food-safety/food-improvement-agents/additives/database_en,COMPLETE_4_LANGUAGES,
E407,Carraghénanes,Carrageen,Carrageenan,Carrageen,Annex II Part B,II-B,02008R1333,18.08.2026,https://eur-lex.europa.eu/legal-content/FR/TXT/PDF/?uri=CELEX:02008R1333-20260818,https://eur-lex.europa.eu/legal-content/NL/TXT/PDF/?uri=CELEX:02008R1333-20260818,https://eur-lex.europa.eu/legal-content/EN/TXT/PDF/?uri=CELEX:02008R1333-20260818,https://eur-lex.europa.eu/legal-content/DE/TXT/PDF/?uri=CELEX:02008R1333-20260818,https://food.ec.europa.eu/food-safety/food-improvement-agents/additives/database_en,COMPLETE_4_LANGUAGES,
E407a,Algues  Euchema  transformées,Verwerkt Eucheuma-wier,Processed euchema seaweed,Verarbeitete Euchema-Algen,Annex II Part B,II-B,02008R1333,18.08.2026,https://eur-lex.europa.eu/legal-content/FR/TXT/PDF/?uri=CELEX:02008R1333-20260818,https://eur-lex.europa.eu/legal-content/NL/TXT/PDF/?uri=CELEX:02008R1333-20260818,https://eur-lex.europa.eu/legal-content/EN/TXT/PDF/?uri=CELEX:02008R1333-20260818,https://eur-lex.europa.eu/legal-content/DE/TXT/PDF/?uri=CELEX:02008R1333-20260818,https://food.ec.europa.eu/food-safety/food-improvement-agents/additives/database_en,COMPLETE_4_LANGUAGES,
E410,Farine de graines de caroube,Johannesbroodpitmeel,Locust bean gum,Johannisbrotkernmehl,Annex II Part B,II-B,02008R1333,18.08.2026,https://eur-lex.europa.eu/legal-content/FR/TXT/PDF/?uri=CELEX:02008R1333-20260818,https://eur-lex.europa.eu/legal-content/NL/TXT/PDF/?uri=CELEX:02008R1333-20260818,https://eur-lex.europa.eu/legal-content/EN/TXT/PDF/?uri=CELEX:02008R1333-20260818,https://eur-lex.europa.eu/legal-content/DE/TXT/PDF/?uri=CELEX:02008R1333-20260818,https://food.ec.europa.eu/food-safety/food-improvement-agents/additives/database_en,COMPLETE_4_LANGUAGES,
E412,Gomme guar,Guarpitmeel,Guar gum,Guarkernmehl,Annex II Part B,II-B,02008R1333,18.08.2026,https://eur-lex.europa.eu/legal-content/FR/TXT/PDF/?uri=CELEX:02008R1333-20260818,https://eur-lex.europa.eu/legal-content/NL/TXT/PDF/?uri=CELEX:02008R1333-20260818,https://eur-lex.europa.eu/legal-content/EN/TXT/PDF/?uri=CELEX:02008R1333-20260818,https://eur-lex.europa.eu/legal-content/DE/TXT/PDF/?uri=CELEX:02008R1333-20260818,https://food.ec.europa.eu/food-safety/food-improvement-agents/additives/database_en,COMPLETE_4_LANGUAGES,
E413,Gomme adragante,Tragant,Tragacanth,Traganth,Annex II Part B,II-B,02008R1333,18.08.2026,https://eur-lex.europa.eu/legal-content/FR/TXT/PDF/?uri=CELEX:02008R1333-20260818,https://eur-lex.europa.eu/legal-content/NL/TXT/PDF/?uri=CELEX:02008R1333-20260818,https://eur-lex.europa.eu/legal-content/EN/TXT/PDF/?uri=CELEX:02008R1333-20260818,https://eur-lex.europa.eu/legal-content/DE/TXT/PDF/?uri=CELEX:02008R1333-20260818,https://food.ec.europa.eu/food-safety/food-improvement-agents/additives/database_en,COMPLETE_4_LANGUAGES,
E414,Gomme arabique ou gomme d’acacia,Arabische gom,Gum arabic (acacia gum),Gummi arabicum,Annex II Part B,II-B,02008R1333,18.08.2026,https://eur-lex.europa.eu/legal-content/FR/TXT/PDF/?uri=CELEX:02008R1333-20260818,https://eur-lex.europa.eu/legal-content/NL/TXT/PDF/?uri=CELEX:02008R1333-20260818,https://eur-lex.europa.eu/legal-content/EN/TXT/PDF/?uri=CELEX:02008R1333-20260818,https://eur-lex.europa.eu/legal-content/DE/TXT/PDF/?uri=CELEX:02008R1333-20260818,https://food.ec.europa.eu/food-safety/food-improvement-agents/additives/database_en,COMPLETE_4_LANGUAGES,
E415,Gomme xanthane,Xanthaangom,Xanthan gum,Xanthan,Annex II Part B,II-B,02008R1333,18.08.2026,https://eur-lex.europa.eu/legal-content/FR/TXT/PDF/?uri=CELEX:02008R1333-20260818,https://eur-lex.europa.eu/legal-content/NL/TXT/PDF/?uri=CELEX:02008R1333-20260818,https://eur-lex.europa.eu/legal-content/EN/TXT/PDF/?uri=CELEX:02008R1333-20260818,https://eur-lex.europa.eu/legal-content/DE/TXT/PDF/?uri=CELEX:02008R1333-20260818,https://food.ec.europa.eu/food-safety/food-improvement-agents/additives/database_en,COMPLETE_4_LANGUAGES,
E416,Gomme Karaya,Karayagom,Karaya gum,Karayagummi,Annex II Part B,II-B,02008R1333,18.08.2026,https://eur-lex.europa.eu/legal-content/FR/TXT/PDF/?uri=CELEX:02008R1333-20260818,https://eur-lex.europa.eu/legal-content/NL/TXT/PDF/?uri=CELEX:02008R1333-20260818,https://eur-lex.europa.eu/legal-content/EN/TXT/PDF/?uri=CELEX:02008R1333-20260818,https://eur-lex.europa.eu/legal-content/DE/TXT/PDF/?uri=CELEX:02008R1333-20260818,https://food.ec.europa.eu/food-safety/food-improvement-agents/additives/database_en,COMPLETE_4_LANGUAGES,
E417,Gomme Tara,Taragom,Tara gum,Tarakernmehl,Annex II Part B,II-B,02008R1333,18.08.2026,https://eur-lex.europa.eu/legal-content/FR/TXT/PDF/?uri=CELEX:02008R1333-20260818,https://eur-lex.europa.eu/legal-content/NL/TXT/PDF/?uri=CELEX:02008R1333-20260818,https://eur-lex.europa.eu/legal-content/EN/TXT/PDF/?uri=CELEX:02008R1333-20260818,https://eur-lex.europa.eu/legal-content/DE/TXT/PDF/?uri=CELEX:02008R1333-20260818,https://food.ec.europa.eu/food-safety/food-improvement-agents/additives/database_en,COMPLETE_4_LANGUAGES,
E418,Gomme Gellane,Gellangom,Gellan gum,Gellan,Annex II Part B,II-B,02008R1333,18.08.2026,https://eur-lex.europa.eu/legal-content/FR/TXT/PDF/?uri=CELEX:02008R1333-20260818,https://eur-lex.europa.eu/legal-content/NL/TXT/PDF/?uri=CELEX:02008R1333-20260818,https://eur-lex.europa.eu/legal-content/EN/TXT/PDF/?uri=CELEX:02008R1333-20260818,https://eur-lex.europa.eu/legal-content/DE/TXT/PDF/?uri=CELEX:02008R1333-20260818,https://food.ec.europa.eu/food-safety/food-improvement-agents/additives/database_en,COMPLETE_4_LANGUAGES,
E420,Sorbitols,Sorbitolen,Sorbitols,Sorbit,Annex II Part B,II-B,02008R1333,18.08.2026,https://eur-lex.europa.eu/legal-content/FR/TXT/PDF/?uri=CELEX:02008R1333-20260818,https://eur-lex.europa.eu/legal-content/NL/TXT/PDF/?uri=CELEX:02008R1333-20260818,https://eur-lex.europa.eu/legal-content/EN/TXT/PDF/?uri=CELEX:02008R1333-20260818,https://eur-lex.europa.eu/legal-content/DE/TXT/PDF/?uri=CELEX:02008R1333-20260818,https://food.ec.europa.eu/food-safety/food-improvement-agents/additives/database_en,COMPLETE_4_LANGUAGES,
E421,Mannitol,Mannitol,Mannitol,Mannit,Annex II Part B,II-B,02008R1333,18.08.2026,https://eur-lex.europa.eu/legal-content/FR/TXT/PDF/?uri=CELEX:02008R1333-20260818,https://eur-lex.europa.eu/legal-content/NL/TXT/PDF/?uri=CELEX:02008R1333-20260818,https://eur-lex.europa.eu/legal-content/EN/TXT/PDF/?uri=CELEX:02008R1333-20260818,https://eur-lex.europa.eu/legal-content/DE/TXT/PDF/?uri=CELEX:02008R1333-20260818,https://food.ec.europa.eu/food-safety/food-improvement-agents/additives/database_en,COMPLETE_4_LANGUAGES,
E422,Glycérol,Glycerol,Glycerol,Glycerin,Annex II Part B,II-B,02008R1333,18.08.2026,https://eur-lex.europa.eu/legal-content/FR/TXT/PDF/?uri=CELEX:02008R1333-20260818,https://eur-lex.europa.eu/legal-content/NL/TXT/PDF/?uri=CELEX:02008R1333-20260818,https://eur-lex.europa.eu/legal-content/EN/TXT/PDF/?uri=CELEX:02008R1333-20260818,https://eur-lex.europa.eu/legal-content/DE/TXT/PDF/?uri=CELEX:02008R1333-20260818,https://food.ec.europa.eu/food-safety/food-improvement-agents/additives/database_en,COMPLETE_4_LANGUAGES,
E423,Gomme arabique modifiée à l’acide octénylsuccinique (OSA),Octenylbarnsteenzuurgemodificeerde Arabische gom,Octenyl succinic acid modified gum arabic,Octenylbernsteinsäuremodifiziertes Gummi arabicum,Annex II Part B,II-B,02008R1333,18.08.2026,https://eur-lex.europa.eu/legal-content/FR/TXT/PDF/?uri=CELEX:02008R1333-20260818,https://eur-lex.europa.eu/legal-content/NL/TXT/PDF/?uri=CELEX:02008R1333-20260818,https://eur-lex.europa.eu/legal-content/EN/TXT/PDF/?uri=CELEX:02008R1333-20260818,https://eur-lex.europa.eu/legal-content/DE/TXT/PDF/?uri=CELEX:02008R1333-20260818,https://food.ec.europa.eu/food-safety/food-improvement-agents/additives/database_en,COMPLETE_4_LANGUAGES,
E425,Konjac,Konjac,Konjac,Konjak,Annex II Part B,II-B,02008R1333,18.08.2026,https://eur-lex.europa.eu/legal-content/FR/TXT/PDF/?uri=CELEX:02008R1333-20260818,https://eur-lex.europa.eu/legal-content/NL/TXT/PDF/?uri=CELEX:02008R1333-20260818,https://eur-lex.europa.eu/legal-content/EN/TXT/PDF/?uri=CELEX:02008R1333-20260818,https://eur-lex.europa.eu/legal-content/DE/TXT/PDF/?uri=CELEX:02008R1333-20260818,https://food.ec.europa.eu/food-safety/food-improvement-agents/additives/database_en,COMPLETE_4_LANGUAGES,
E426,Hémicellulose de soja,Hemicellulose van soja,Soybean hemicellulose,Sojabohnen-Polyose,Annex II Part B,II-B,02008R1333,18.08.2026,https://eur-lex.europa.eu/legal-content/FR/TXT/PDF/?uri=CELEX:02008R1333-20260818,https://eur-lex.europa.eu/legal-content/NL/TXT/PDF/?uri=CELEX:02008R1333-20260818,https://eur-lex.europa.eu/legal-content/EN/TXT/PDF/?uri=CELEX:02008R1333-20260818,https://eur-lex.europa.eu/legal-content/DE/TXT/PDF/?uri=CELEX:02008R1333-20260818,https://food.ec.europa.eu/food-safety/food-improvement-agents/additives/database_en,COMPLETE_4_LANGUAGES,
E427,Gomme cassia,Cassiagom,Cassia gum,Cassia-Gummi,Annex II Part B,II-B,02008R1333,18.08.2026,https://eur-lex.europa.eu/legal-content/FR/TXT/PDF/?uri=CELEX:02008R1333-20260818,https://eur-lex.europa.eu/legal-content/NL/TXT/PDF/?uri=CELEX:02008R1333-20260818,https://eur-lex.europa.eu/legal-content/EN/TXT/PDF/?uri=CELEX:02008R1333-20260818,https://eur-lex.europa.eu/legal-content/DE/TXT/PDF/?uri=CELEX:02008R1333-20260818,https://food.ec.europa.eu/food-safety/food-improvement-agents/additives/database_en,COMPLETE_4_LANGUAGES,
E431,Stéarate de polyoxyéthylène (40),Polyoxyethyleen(40)stearaat,Polyoxyethylene (40) stearate,Polyoxyethylen(40)stearat,Annex II Part B,II-B,02008R1333,18.08.2026,https://eur-lex.europa.eu/legal-content/FR/TXT/PDF/?uri=CELEX:02008R1333-20260818,https://eur-lex.europa.eu/legal-content/NL/TXT/PDF/?uri=CELEX:02008R1333-20260818,https://eur-lex.europa.eu/legal-content/EN/TXT/PDF/?uri=CELEX:02008R1333-20260818,https://eur-lex.europa.eu/legal-content/DE/TXT/PDF/?uri=CELEX:02008R1333-20260818,https://food.ec.europa.eu/food-safety/food-improvement-agents/additives/database_en,COMPLETE_4_LANGUAGES,
E432,Monolaurate de polyoxyéthylène de sorbitane (polysorbate 20),Polyoxyethyleensorbitaanmonolauraat (polysorbaat 20),Polyoxyethylene sorbitan monolaurate (polysorbate 20),Polyoxyethylensorbitanmonolaurat (Polysorbat 20),Annex II Part B,II-B,02008R1333,18.08.2026,https://eur-lex.europa.eu/legal-content/FR/TXT/PDF/?uri=CELEX:02008R1333-20260818,https://eur-lex.europa.eu/legal-content/NL/TXT/PDF/?uri=CELEX:02008R1333-20260818,https://eur-lex.europa.eu/legal-content/EN/TXT/PDF/?uri=CELEX:02008R1333-20260818,https://eur-lex.europa.eu/legal-content/DE/TXT/PDF/?uri=CELEX:02008R1333-20260818,https://food.ec.europa.eu/food-safety/food-improvement-agents/additives/database_en,COMPLETE_4_LANGUAGES,
E433,Monooléate de polyoxyéthylène de sorbitane (polysorbate 80),Polyoxyethyleensorbitaanmonoöleaat (polysorbaat 80),Polyoxyethylene sorbitan monooleate (polysorbate 80),Polyoxyethylensorbitanmonooleat (Polysorbat 80),Annex II Part B,II-B,02008R1333,18.08.2026,https://eur-lex.europa.eu/legal-content/FR/TXT/PDF/?uri=CELEX:02008R1333-20260818,https://eur-lex.europa.eu/legal-content/NL/TXT/PDF/?uri=CELEX:02008R1333-20260818,https://eur-lex.europa.eu/legal-content/EN/TXT/PDF/?uri=CELEX:02008R1333-20260818,https://eur-lex.europa.eu/legal-content/DE/TXT/PDF/?uri=CELEX:02008R1333-20260818,https://food.ec.europa.eu/food-safety/food-improvement-agents/additives/database_en,COMPLETE_4_LANGUAGES,
E434,Monopalmitate de polyoxyéthylène de sorbitane (polysorbate 40),Polyoxyethyleensorbitaanmonopalmitaat (polysorbaat 40),Polyoxyethylene sorbitan monopalmitate (polysorbate 40),Polyoxyethylensorbitanmonopalmitat (Polysorbat 40),Annex II Part B,II-B,02008R1333,18.08.2026,https://eur-lex.europa.eu/legal-content/FR/TXT/PDF/?uri=CELEX:02008R1333-20260818,https://eur-lex.europa.eu/legal-content/NL/TXT/PDF/?uri=CELEX:02008R1333-20260818,https://eur-lex.europa.eu/legal-content/EN/TXT/PDF/?uri=CELEX:02008R1333-20260818,https://eur-lex.europa.eu/legal-content/DE/TXT/PDF/?uri=CELEX:02008R1333-20260818,https://food.ec.europa.eu/food-safety/food-improvement-agents/additives/database_en,COMPLETE_4_LANGUAGES,
E435,Monostéarate de polyoxyéthylène de sorbitane (polysorbate 60),Polyoxyethyleensorbitaanmonostearaat (polysorbaat 60),Polyoxyethylene sorbitan monostearate (polysorbate 60),Polyoxyethylensorbitanmonostearat (Polysorbat 60),Annex II Part B,II-B,02008R1333,18.08.2026,https://eur-lex.europa.eu/legal-content/FR/TXT/PDF/?uri=CELEX:02008R1333-20260818,https://eur-lex.europa.eu/legal-content/NL/TXT/PDF/?uri=CELEX:02008R1333-20260818,https://eur-lex.europa.eu/legal-content/EN/TXT/PDF/?uri=CELEX:02008R1333-20260818,https://eur-lex.europa.eu/legal-content/DE/TXT/PDF/?uri=CELEX:02008R1333-20260818,https://food.ec.europa.eu/food-safety/food-improvement-agents/additives/database_en,COMPLETE_4_LANGUAGES,
E436,Tristéarate de polyoxyéthylène de sorbitane (polysorbate 65),Polyoxyethyleensorbitaantristearaat (polysorbaat 65),Polyoxyethylene sorbitan tristearate (polysorbate 65),Polyoxyethylensorbitantristearat (Polysorbat 65),Annex II Part B,II-B,02008R1333,18.08.2026,https://eur-lex.europa.eu/legal-content/FR/TXT/PDF/?uri=CELEX:02008R1333-20260818,https://eur-lex.europa.eu/legal-content/NL/TXT/PDF/?uri=CELEX:02008R1333-20260818,https://eur-lex.europa.eu/legal-content/EN/TXT/PDF/?uri=CELEX:02008R1333-20260818,https://eur-lex.europa.eu/legal-content/DE/TXT/PDF/?uri=CELEX:02008R1333-20260818,https://food.ec.europa.eu/food-safety/food-improvement-agents/additives/database_en,COMPLETE_4_LANGUAGES,
E440,Pectines,Pectinen,Pectins,Pektine E-Nummer Bezeichnung,Annex II Part B,II-B,02008R1333,18.08.2026,https://eur-lex.europa.eu/legal-content/FR/TXT/PDF/?uri=CELEX:02008R1333-20260818,https://eur-lex.europa.eu/legal-content/NL/TXT/PDF/?uri=CELEX:02008R1333-20260818,https://eur-lex.europa.eu/legal-content/EN/TXT/PDF/?uri=CELEX:02008R1333-20260818,https://eur-lex.europa.eu/legal-content/DE/TXT/PDF/?uri=CELEX:02008R1333-20260818,https://food.ec.europa.eu/food-safety/food-improvement-agents/additives/database_en,COMPLETE_4_LANGUAGES,
E442,Phosphatides d’ammonium,Ammoniumfosfatiden,Ammonium phosphatides,Ammoniumphosphatide,Annex II Part B,II-B,02008R1333,18.08.2026,https://eur-lex.europa.eu/legal-content/FR/TXT/PDF/?uri=CELEX:02008R1333-20260818,https://eur-lex.europa.eu/legal-content/NL/TXT/PDF/?uri=CELEX:02008R1333-20260818,https://eur-lex.europa.eu/legal-content/EN/TXT/PDF/?uri=CELEX:02008R1333-20260818,https://eur-lex.europa.eu/legal-content/DE/TXT/PDF/?uri=CELEX:02008R1333-20260818,https://food.ec.europa.eu/food-safety/food-improvement-agents/additives/database_en,COMPLETE_4_LANGUAGES,
E444,Acétate isobutyrate de saccharose,Sucroseacetaatisobutyraat,Sucrose acetate isobutyrate,Saccharoseacetatisobutyrat,Annex II Part B,II-B,02008R1333,18.08.2026,https://eur-lex.europa.eu/legal-content/FR/TXT/PDF/?uri=CELEX:02008R1333-20260818,https://eur-lex.europa.eu/legal-content/NL/TXT/PDF/?uri=CELEX:02008R1333-20260818,https://eur-lex.europa.eu/legal-content/EN/TXT/PDF/?uri=CELEX:02008R1333-20260818,https://eur-lex.europa.eu/legal-content/DE/TXT/PDF/?uri=CELEX:02008R1333-20260818,https://food.ec.europa.eu/food-safety/food-improvement-agents/additives/database_en,COMPLETE_4_LANGUAGES,
E445,Esters glycériques de résine de bois,Glycerolesters van houthars,Glycerol esters of wood rosins,Glycerinester aus Wurzelharz,Annex II Part B,II-B,02008R1333,18.08.2026,https://eur-lex.europa.eu/legal-content/FR/TXT/PDF/?uri=CELEX:02008R1333-20260818,https://eur-lex.europa.eu/legal-content/NL/TXT/PDF/?uri=CELEX:02008R1333-20260818,https://eur-lex.europa.eu/legal-content/EN/TXT/PDF/?uri=CELEX:02008R1333-20260818,https://eur-lex.europa.eu/legal-content/DE/TXT/PDF/?uri=CELEX:02008R1333-20260818,https://food.ec.europa.eu/food-safety/food-improvement-agents/additives/database_en,COMPLETE_4_LANGUAGES,
E450,Diphosphates,Difosfaten,Diphosphates,Diphosphate,Annex II Part B,II-B,02008R1333,18.08.2026,https://eur-lex.europa.eu/legal-content/FR/TXT/PDF/?uri=CELEX:02008R1333-20260818,https://eur-lex.europa.eu/legal-content/NL/TXT/PDF/?uri=CELEX:02008R1333-20260818,https://eur-lex.europa.eu/legal-content/EN/TXT/PDF/?uri=CELEX:02008R1333-20260818,https://eur-lex.europa.eu/legal-content/DE/TXT/PDF/?uri=CELEX:02008R1333-20260818,https://food.ec.europa.eu/food-safety/food-improvement-agents/additives/database_en,COMPLETE_4_LANGUAGES,
E451,Triphosphates,Trifosfaten,Triphosphates,Triphosphate,Annex II Part B,II-B,02008R1333,18.08.2026,https://eur-lex.europa.eu/legal-content/FR/TXT/PDF/?uri=CELEX:02008R1333-20260818,https://eur-lex.europa.eu/legal-content/NL/TXT/PDF/?uri=CELEX:02008R1333-20260818,https://eur-lex.europa.eu/legal-content/EN/TXT/PDF/?uri=CELEX:02008R1333-20260818,https://eur-lex.europa.eu/legal-content/DE/TXT/PDF/?uri=CELEX:02008R1333-20260818,https://food.ec.europa.eu/food-safety/food-improvement-agents/additives/database_en,COMPLETE_4_LANGUAGES,
E452,Polyphosphates,Polyfosfaten,Polyphosphates,Polyphosphate,Annex II Part B,II-B,02008R1333,18.08.2026,https://eur-lex.europa.eu/legal-content/FR/TXT/PDF/?uri=CELEX:02008R1333-20260818,https://eur-lex.europa.eu/legal-content/NL/TXT/PDF/?uri=CELEX:02008R1333-20260818,https://eur-lex.europa.eu/legal-content/EN/TXT/PDF/?uri=CELEX:02008R1333-20260818,https://eur-lex.europa.eu/legal-content/DE/TXT/PDF/?uri=CELEX:02008R1333-20260818,https://food.ec.europa.eu/food-safety/food-improvement-agents/additives/database_en,COMPLETE_4_LANGUAGES,
E456,Polyaspartate de potassium,Kaliumpolyaspartaat,Potassium polyaspartate,Kaliumpolyaspartat,Annex II Part B,II-B,02008R1333,18.08.2026,https://eur-lex.europa.eu/legal-content/FR/TXT/PDF/?uri=CELEX:02008R1333-20260818,https://eur-lex.europa.eu/legal-content/NL/TXT/PDF/?uri=CELEX:02008R1333-20260818,https://eur-lex.europa.eu/legal-content/EN/TXT/PDF/?uri=CELEX:02008R1333-20260818,https://eur-lex.europa.eu/legal-content/DE/TXT/PDF/?uri=CELEX:02008R1333-20260818,https://food.ec.europa.eu/food-safety/food-improvement-agents/additives/database_en,COMPLETE_4_LANGUAGES,
E459,Bêta-cyclodextrine,Bèta-cyclodextrine,Beta-cyclodextrin,Beta-Cyclodextrin,Annex II Part B,II-B,02008R1333,18.08.2026,https://eur-lex.europa.eu/legal-content/FR/TXT/PDF/?uri=CELEX:02008R1333-20260818,https://eur-lex.europa.eu/legal-content/NL/TXT/PDF/?uri=CELEX:02008R1333-20260818,https://eur-lex.europa.eu/legal-content/EN/TXT/PDF/?uri=CELEX:02008R1333-20260818,https://eur-lex.europa.eu/legal-content/DE/TXT/PDF/?uri=CELEX:02008R1333-20260818,https://food.ec.europa.eu/food-safety/food-improvement-agents/additives/database_en,COMPLETE_4_LANGUAGES,
E460,Cellulose,Cellulose,Cellulose,Cellulose,Annex II Part B,II-B,02008R1333,18.08.2026,https://eur-lex.europa.eu/legal-content/FR/TXT/PDF/?uri=CELEX:02008R1333-20260818,https://eur-lex.europa.eu/legal-content/NL/TXT/PDF/?uri=CELEX:02008R1333-20260818,https://eur-lex.europa.eu/legal-content/EN/TXT/PDF/?uri=CELEX:02008R1333-20260818,https://eur-lex.europa.eu/legal-content/DE/TXT/PDF/?uri=CELEX:02008R1333-20260818,https://food.ec.europa.eu/food-safety/food-improvement-agents/additives/database_en,COMPLETE_4_LANGUAGES,
E461,Méthylcellulose,Methylcellulose,Methyl cellulose,Methylcellulose,Annex II Part B,II-B,02008R1333,18.08.2026,https://eur-lex.europa.eu/legal-content/FR/TXT/PDF/?uri=CELEX:02008R1333-20260818,https://eur-lex.europa.eu/legal-content/NL/TXT/PDF/?uri=CELEX:02008R1333-20260818,https://eur-lex.europa.eu/legal-content/EN/TXT/PDF/?uri=CELEX:02008R1333-20260818,https://eur-lex.europa.eu/legal-content/DE/TXT/PDF/?uri=CELEX:02008R1333-20260818,https://food.ec.europa.eu/food-safety/food-improvement-agents/additives/database_en,COMPLETE_4_LANGUAGES,
E462,Éthylcellulose,Ethylcellulose,Ethyl cellulose,Ethylcellulose,Annex II Part B,II-B,02008R1333,18.08.2026,https://eur-lex.europa.eu/legal-content/FR/TXT/PDF/?uri=CELEX:02008R1333-20260818,https://eur-lex.europa.eu/legal-content/NL/TXT/PDF/?uri=CELEX:02008R1333-20260818,https://eur-lex.europa.eu/legal-content/EN/TXT/PDF/?uri=CELEX:02008R1333-20260818,https://eur-lex.europa.eu/legal-content/DE/TXT/PDF/?uri=CELEX:02008R1333-20260818,https://food.ec.europa.eu/food-safety/food-improvement-agents/additives/database_en,COMPLETE_4_LANGUAGES,
E463,Hydroxypropylcellulose,Hydroxypropylcellulose,Hydroxypropyl cellulose,Hydroxypropylcellulose,Annex II Part B,II-B,02008R1333,18.08.2026,https://eur-lex.europa.eu/legal-content/FR/TXT/PDF/?uri=CELEX:02008R1333-20260818,https://eur-lex.europa.eu/legal-content/NL/TXT/PDF/?uri=CELEX:02008R1333-20260818,https://eur-lex.europa.eu/legal-content/EN/TXT/PDF/?uri=CELEX:02008R1333-20260818,https://eur-lex.europa.eu/legal-content/DE/TXT/PDF/?uri=CELEX:02008R1333-20260818,https://food.ec.europa.eu/food-safety/food-improvement-agents/additives/database_en,COMPLETE_4_LANGUAGES,
E463a,Hydroxypropylcellulose faiblement substituée (L-HPC),Licht gesubstitueerde hydroxypropylcellulose (L-HPC),Low-substituted hydroxypropyl cellulose (L-HPC),Niedrig substituierte Hydroxypropylcellulose (L-HPC),Annex II Part B,II-B,02008R1333,18.08.2026,https://eur-lex.europa.eu/legal-content/FR/TXT/PDF/?uri=CELEX:02008R1333-20260818,https://eur-lex.europa.eu/legal-content/NL/TXT/PDF/?uri=CELEX:02008R1333-20260818,https://eur-lex.europa.eu/legal-content/EN/TXT/PDF/?uri=CELEX:02008R1333-20260818,https://eur-lex.europa.eu/legal-content/DE/TXT/PDF/?uri=CELEX:02008R1333-20260818,https://food.ec.europa.eu/food-safety/food-improvement-agents/additives/database_en,COMPLETE_4_LANGUAGES,
E464,Hydroxypropylméthylcellulose,Hydroxypropylmethylcellulose,Hydroxypropyl methyl cellulose,Hydroxypropylmethylcellulose,Annex II Part B,II-B,02008R1333,18.08.2026,https://eur-lex.europa.eu/legal-content/FR/TXT/PDF/?uri=CELEX:02008R1333-20260818,https://eur-lex.europa.eu/legal-content/NL/TXT/PDF/?uri=CELEX:02008R1333-20260818,https://eur-lex.europa.eu/legal-content/EN/TXT/PDF/?uri=CELEX:02008R1333-20260818,https://eur-lex.europa.eu/legal-content/DE/TXT/PDF/?uri=CELEX:02008R1333-20260818,https://food.ec.europa.eu/food-safety/food-improvement-agents/additives/database_en,COMPLETE_4_LANGUAGES,
E465,Méthyléthylcellulose,Ethylmethylcellulose,Ethyl methyl cellulose,Ethylmethylcellulose,Annex II Part B,II-B,02008R1333,18.08.2026,https://eur-lex.europa.eu/legal-content/FR/TXT/PDF/?uri=CELEX:02008R1333-20260818,https://eur-lex.europa.eu/legal-content/NL/TXT/PDF/?uri=CELEX:02008R1333-20260818,https://eur-lex.europa.eu/legal-content/EN/TXT/PDF/?uri=CELEX:02008R1333-20260818,https://eur-lex.europa.eu/legal-content/DE/TXT/PDF/?uri=CELEX:02008R1333-20260818,https://food.ec.europa.eu/food-safety/food-improvement-agents/additives/database_en,COMPLETE_4_LANGUAGES,
E466,"Carboxyméthyl-cellulose sodique, gomme cellulosique","Natriumcarboxymethylcellulose, cellulosegom","Sodium carboxy methyl cellulose, Cellulose gum","Natrium-Carboxymethylcellulose, Cellulosegummi",Annex II Part B,II-B,02008R1333,18.08.2026,https://eur-lex.europa.eu/legal-content/FR/TXT/PDF/?uri=CELEX:02008R1333-20260818,https://eur-lex.europa.eu/legal-content/NL/TXT/PDF/?uri=CELEX:02008R1333-20260818,https://eur-lex.europa.eu/legal-content/EN/TXT/PDF/?uri=CELEX:02008R1333-20260818,https://eur-lex.europa.eu/legal-content/DE/TXT/PDF/?uri=CELEX:02008R1333-20260818,https://food.ec.europa.eu/food-safety/food-improvement-agents/additives/database_en,COMPLETE_4_LANGUAGES,
E468,"Carboxyméthylcellulose de sodium réticulée, gomme de cellulose  réticulée","Vernette natriumcarboxymethylcellulose, vernette cellulosegom","Cross-linked sodium carboxy methyl cellulose, cross linked cel lulose gum",Vernetzte Carboxymethylcellulose (modifizierter Cellulosegummi ),Annex II Part B,II-B,02008R1333,18.08.2026,https://eur-lex.europa.eu/legal-content/FR/TXT/PDF/?uri=CELEX:02008R1333-20260818,https://eur-lex.europa.eu/legal-content/NL/TXT/PDF/?uri=CELEX:02008R1333-20260818,https://eur-lex.europa.eu/legal-content/EN/TXT/PDF/?uri=CELEX:02008R1333-20260818,https://eur-lex.europa.eu/legal-content/DE/TXT/PDF/?uri=CELEX:02008R1333-20260818,https://food.ec.europa.eu/food-safety/food-improvement-agents/additives/database_en,COMPLETE_4_LANGUAGES,
E469,"Carboxyméthylcellulose hydrolysée de manière enzymatique, gomm e de cellulose hydrolysée de manière enzymatique","Enzymatisch gehydrolyseerde carboxymethylcellulose, enzymatisc h gehydro­ lyseerde cellulosegom","Enzymatically hydrolysed carboxy methyl cellulose, Enzymatical ly hydrolysed cellulose gum",Enzymatisch hydrolysierte Carboxymethylcellulose,Annex II Part B,II-B,02008R1333,18.08.2026,https://eur-lex.europa.eu/legal-content/FR/TXT/PDF/?uri=CELEX:02008R1333-20260818,https://eur-lex.europa.eu/legal-content/NL/TXT/PDF/?uri=CELEX:02008R1333-20260818,https://eur-lex.europa.eu/legal-content/EN/TXT/PDF/?uri=CELEX:02008R1333-20260818,https://eur-lex.europa.eu/legal-content/DE/TXT/PDF/?uri=CELEX:02008R1333-20260818,https://food.ec.europa.eu/food-safety/food-improvement-agents/additives/database_en,COMPLETE_4_LANGUAGES,
E470a,"Sels de sodium, de potassium et de calcium d’acides gras","Natrium-, kalium- en calciumzouten van vetzuren","Sodium, potassium and calcium salts of fatty acids","Natrium-, Kalium- und Calciumsalze der Speisefettsäuren",Annex II Part B,II-B,02008R1333,18.08.2026,https://eur-lex.europa.eu/legal-content/FR/TXT/PDF/?uri=CELEX:02008R1333-20260818,https://eur-lex.europa.eu/legal-content/NL/TXT/PDF/?uri=CELEX:02008R1333-20260818,https://eur-lex.europa.eu/legal-content/EN/TXT/PDF/?uri=CELEX:02008R1333-20260818,https://eur-lex.europa.eu/legal-content/DE/TXT/PDF/?uri=CELEX:02008R1333-20260818,https://food.ec.europa.eu/food-safety/food-improvement-agents/additives/database_en,COMPLETE_4_LANGUAGES,
E470b,Sels de magnésium d’acides gras,Magnesiumzouten van vetzuren,Magnesium salts of fatty acids,Magnesiumsalze der Speisefettsäuren,Annex II Part B,II-B,02008R1333,18.08.2026,https://eur-lex.europa.eu/legal-content/FR/TXT/PDF/?uri=CELEX:02008R1333-20260818,https://eur-lex.europa.eu/legal-content/NL/TXT/PDF/?uri=CELEX:02008R1333-20260818,https://eur-lex.europa.eu/legal-content/EN/TXT/PDF/?uri=CELEX:02008R1333-20260818,https://eur-lex.europa.eu/legal-content/DE/TXT/PDF/?uri=CELEX:02008R1333-20260818,https://food.ec.europa.eu/food-safety/food-improvement-agents/additives/database_en,COMPLETE_4_LANGUAGES,
E471,Mono- et diglycérides d’acides gras,Mono- en diglyceriden van vetzuren,Mono-and diglycerides of fatty acids,Mono- und Diglyceride von Speisefettsäuren,Annex II Part B,II-B,02008R1333,18.08.2026,https://eur-lex.europa.eu/legal-content/FR/TXT/PDF/?uri=CELEX:02008R1333-20260818,https://eur-lex.europa.eu/legal-content/NL/TXT/PDF/?uri=CELEX:02008R1333-20260818,https://eur-lex.europa.eu/legal-content/EN/TXT/PDF/?uri=CELEX:02008R1333-20260818,https://eur-lex.europa.eu/legal-content/DE/TXT/PDF/?uri=CELEX:02008R1333-20260818,https://food.ec.europa.eu/food-safety/food-improvement-agents/additives/database_en,COMPLETE_4_LANGUAGES,
E472a,Esters acétiques des mono- et diglycérides d’acides gras,"Mono- en diglyceriden van vetzuren, veresterd met azijnzuur",Acetic acid esters of mono- and diglycerides of fatty acids,Essigsäureester von Mono- und Diglyceriden von Speisefettsäure n,Annex II Part B,II-B,02008R1333,18.08.2026,https://eur-lex.europa.eu/legal-content/FR/TXT/PDF/?uri=CELEX:02008R1333-20260818,https://eur-lex.europa.eu/legal-content/NL/TXT/PDF/?uri=CELEX:02008R1333-20260818,https://eur-lex.europa.eu/legal-content/EN/TXT/PDF/?uri=CELEX:02008R1333-20260818,https://eur-lex.europa.eu/legal-content/DE/TXT/PDF/?uri=CELEX:02008R1333-20260818,https://food.ec.europa.eu/food-safety/food-improvement-agents/additives/database_en,COMPLETE_4_LANGUAGES,
E472b,Esters lactiques des mono- et diglycérides d’acides gras,"Mono- en diglyceriden van vetzuren, veresterd met melkzuur",Lactic acid esters of mono- and diglycerides of fatty acids,Milchsäureester von Mono- und Diglyceriden von Speisefettsäure n,Annex II Part B,II-B,02008R1333,18.08.2026,https://eur-lex.europa.eu/legal-content/FR/TXT/PDF/?uri=CELEX:02008R1333-20260818,https://eur-lex.europa.eu/legal-content/NL/TXT/PDF/?uri=CELEX:02008R1333-20260818,https://eur-lex.europa.eu/legal-content/EN/TXT/PDF/?uri=CELEX:02008R1333-20260818,https://eur-lex.europa.eu/legal-content/DE/TXT/PDF/?uri=CELEX:02008R1333-20260818,https://food.ec.europa.eu/food-safety/food-improvement-agents/additives/database_en,COMPLETE_4_LANGUAGES,
E472c,Esters citriques des mono- et diglycérides d’acides gras,"Mono- en diglyceriden van vetzuren, veresterd met citroenzuur",Citric acid esters of mono- and diglycerides of fatty acids,Citronensäureester von Mono- und Diglyceriden von Speisefettsä uren,Annex II Part B,II-B,02008R1333,18.08.2026,https://eur-lex.europa.eu/legal-content/FR/TXT/PDF/?uri=CELEX:02008R1333-20260818,https://eur-lex.europa.eu/legal-content/NL/TXT/PDF/?uri=CELEX:02008R1333-20260818,https://eur-lex.europa.eu/legal-content/EN/TXT/PDF/?uri=CELEX:02008R1333-20260818,https://eur-lex.europa.eu/legal-content/DE/TXT/PDF/?uri=CELEX:02008R1333-20260818,https://food.ec.europa.eu/food-safety/food-improvement-agents/additives/database_en,COMPLETE_4_LANGUAGES,
E472d,Esters tartriques des mono- et diglycérides d’acides gras,"Mono- en diglyceriden van vetzuren, veresterd met wijnsteenzuu r",Tartaric acid esters of mono- and diglycerides of fatty acids,Weinsäureester von Mono- und Diglyceriden von Speisefettsäuren,Annex II Part B,II-B,02008R1333,18.08.2026,https://eur-lex.europa.eu/legal-content/FR/TXT/PDF/?uri=CELEX:02008R1333-20260818,https://eur-lex.europa.eu/legal-content/NL/TXT/PDF/?uri=CELEX:02008R1333-20260818,https://eur-lex.europa.eu/legal-content/EN/TXT/PDF/?uri=CELEX:02008R1333-20260818,https://eur-lex.europa.eu/legal-content/DE/TXT/PDF/?uri=CELEX:02008R1333-20260818,https://food.ec.europa.eu/food-safety/food-improvement-agents/additives/database_en,COMPLETE_4_LANGUAGES,
E472e,Esters monoacétyltartriques et diacétyltartriques des mono- et  diglycérides d’acides gras,"Mono- en diglyceriden van vetzuren, veresterd met monoacetyl- en diacetyl­ wijnsteenzuur",Mono- and diacetyl tartaric acid esters of mono- and diglyceri des of fatty acids,Mono- und Diacetylweinsäureester von Mono- und Diglyceriden vo n Speise­ fettsäuren,Annex II Part B,II-B,02008R1333,18.08.2026,https://eur-lex.europa.eu/legal-content/FR/TXT/PDF/?uri=CELEX:02008R1333-20260818,https://eur-lex.europa.eu/legal-content/NL/TXT/PDF/?uri=CELEX:02008R1333-20260818,https://eur-lex.europa.eu/legal-content/EN/TXT/PDF/?uri=CELEX:02008R1333-20260818,https://eur-lex.europa.eu/legal-content/DE/TXT/PDF/?uri=CELEX:02008R1333-20260818,https://food.ec.europa.eu/food-safety/food-improvement-agents/additives/database_en,COMPLETE_4_LANGUAGES,
E472f,Esters mixtes acétiques et tartriques des mono- et diglycéride s d’acides gras,"Mono- en diglyceriden van vetzuren, veresterd met een mengsel van azijn­ zuur en wijnsteenzuur",Mixed acetic and tartaric acid esters of mono- and diglyceride s of fatty acids,Gemischte Essig- und Weinsäureester von Mono- und Diglyceriden  von Speisefettsäuren,Annex II Part B,II-B,02008R1333,18.08.2026,https://eur-lex.europa.eu/legal-content/FR/TXT/PDF/?uri=CELEX:02008R1333-20260818,https://eur-lex.europa.eu/legal-content/NL/TXT/PDF/?uri=CELEX:02008R1333-20260818,https://eur-lex.europa.eu/legal-content/EN/TXT/PDF/?uri=CELEX:02008R1333-20260818,https://eur-lex.europa.eu/legal-content/DE/TXT/PDF/?uri=CELEX:02008R1333-20260818,https://food.ec.europa.eu/food-safety/food-improvement-agents/additives/database_en,COMPLETE_4_LANGUAGES,
E473,Sucroesters d’acides gras,Sucrose-esters van vetzuren,Sucrose esters of fatty acids,Zuckerester von Speisefettsäuren,Annex II Part B,II-B,02008R1333,18.08.2026,https://eur-lex.europa.eu/legal-content/FR/TXT/PDF/?uri=CELEX:02008R1333-20260818,https://eur-lex.europa.eu/legal-content/NL/TXT/PDF/?uri=CELEX:02008R1333-20260818,https://eur-lex.europa.eu/legal-content/EN/TXT/PDF/?uri=CELEX:02008R1333-20260818,https://eur-lex.europa.eu/legal-content/DE/TXT/PDF/?uri=CELEX:02008R1333-20260818,https://food.ec.europa.eu/food-safety/food-improvement-agents/additives/database_en,COMPLETE_4_LANGUAGES,
E474,Sucroglycérides,Sucroglyceriden,Sucroglycerides,Zuckerglyceride,Annex II Part B,II-B,02008R1333,18.08.2026,https://eur-lex.europa.eu/legal-content/FR/TXT/PDF/?uri=CELEX:02008R1333-20260818,https://eur-lex.europa.eu/legal-content/NL/TXT/PDF/?uri=CELEX:02008R1333-20260818,https://eur-lex.europa.eu/legal-content/EN/TXT/PDF/?uri=CELEX:02008R1333-20260818,https://eur-lex.europa.eu/legal-content/DE/TXT/PDF/?uri=CELEX:02008R1333-20260818,https://food.ec.europa.eu/food-safety/food-improvement-agents/additives/database_en,COMPLETE_4_LANGUAGES,
E475,Esters polyglycériques d’acides gras,Polyglycerolesters van vetzuren,Polyglycerol esters of fatty acids,Polyglycerinester von Speisefettsäuren E-Nummer Bezeichnung,Annex II Part B,II-B,02008R1333,18.08.2026,https://eur-lex.europa.eu/legal-content/FR/TXT/PDF/?uri=CELEX:02008R1333-20260818,https://eur-lex.europa.eu/legal-content/NL/TXT/PDF/?uri=CELEX:02008R1333-20260818,https://eur-lex.europa.eu/legal-content/EN/TXT/PDF/?uri=CELEX:02008R1333-20260818,https://eur-lex.europa.eu/legal-content/DE/TXT/PDF/?uri=CELEX:02008R1333-20260818,https://food.ec.europa.eu/food-safety/food-improvement-agents/additives/database_en,COMPLETE_4_LANGUAGES,
E476,Polyricinoléate de polyglycérol,Polyglycerolpolyricinoleaat,Polyglycerol polyricinoleate,Polyglycerin-Polyricinoleat,Annex II Part B,II-B,02008R1333,18.08.2026,https://eur-lex.europa.eu/legal-content/FR/TXT/PDF/?uri=CELEX:02008R1333-20260818,https://eur-lex.europa.eu/legal-content/NL/TXT/PDF/?uri=CELEX:02008R1333-20260818,https://eur-lex.europa.eu/legal-content/EN/TXT/PDF/?uri=CELEX:02008R1333-20260818,https://eur-lex.europa.eu/legal-content/DE/TXT/PDF/?uri=CELEX:02008R1333-20260818,https://food.ec.europa.eu/food-safety/food-improvement-agents/additives/database_en,COMPLETE_4_LANGUAGES,
E477,"Esters de propane-1,2-diol d’acides gras","Esters van propaan-1,2-diol met vetzuren","Propane-1,2-diol esters of fatty acids",Propylenglycolester von Speisefettsäuren,Annex II Part B,II-B,02008R1333,18.08.2026,https://eur-lex.europa.eu/legal-content/FR/TXT/PDF/?uri=CELEX:02008R1333-20260818,https://eur-lex.europa.eu/legal-content/NL/TXT/PDF/?uri=CELEX:02008R1333-20260818,https://eur-lex.europa.eu/legal-content/EN/TXT/PDF/?uri=CELEX:02008R1333-20260818,https://eur-lex.europa.eu/legal-content/DE/TXT/PDF/?uri=CELEX:02008R1333-20260818,https://food.ec.europa.eu/food-safety/food-improvement-agents/additives/database_en,COMPLETE_4_LANGUAGES,
E479b,Huile de soja oxydée par chauffage ayant réagi avec des mono- et diglycé­ rides d’acides gras,"Thermisch geoxideerde sojaolie, na reactie met mono- en diglyc eriden van vetzuren",Thermally oxidised soya bean oil interacted with mono- and dig lycerides of fatty acids,Thermooxidiertes Sojaöl verestert mit Mono- und Diglyceriden v on Speise­ fettsäuren,Annex II Part B,II-B,02008R1333,18.08.2026,https://eur-lex.europa.eu/legal-content/FR/TXT/PDF/?uri=CELEX:02008R1333-20260818,https://eur-lex.europa.eu/legal-content/NL/TXT/PDF/?uri=CELEX:02008R1333-20260818,https://eur-lex.europa.eu/legal-content/EN/TXT/PDF/?uri=CELEX:02008R1333-20260818,https://eur-lex.europa.eu/legal-content/DE/TXT/PDF/?uri=CELEX:02008R1333-20260818,https://food.ec.europa.eu/food-safety/food-improvement-agents/additives/database_en,COMPLETE_4_LANGUAGES,
E481,Stéaroyl-2-lactylate de sodium,Natriumstearoyl-2-lactylaat,Sodium stearoyl-2-lactylate,Natriumstearoyl-2-lactylat,Annex II Part B,II-B,02008R1333,18.08.2026,https://eur-lex.europa.eu/legal-content/FR/TXT/PDF/?uri=CELEX:02008R1333-20260818,https://eur-lex.europa.eu/legal-content/NL/TXT/PDF/?uri=CELEX:02008R1333-20260818,https://eur-lex.europa.eu/legal-content/EN/TXT/PDF/?uri=CELEX:02008R1333-20260818,https://eur-lex.europa.eu/legal-content/DE/TXT/PDF/?uri=CELEX:02008R1333-20260818,https://food.ec.europa.eu/food-safety/food-improvement-agents/additives/database_en,COMPLETE_4_LANGUAGES,
E482,Stéaroyl-2-lactylate de calcium __________,Calciumstearoyl-2-lactylaat __________,Calcium stearoyl-2-lactylate __________,Calciumstearoyl-2-lactylat __________,Annex II Part B,II-B,02008R1333,18.08.2026,https://eur-lex.europa.eu/legal-content/FR/TXT/PDF/?uri=CELEX:02008R1333-20260818,https://eur-lex.europa.eu/legal-content/NL/TXT/PDF/?uri=CELEX:02008R1333-20260818,https://eur-lex.europa.eu/legal-content/EN/TXT/PDF/?uri=CELEX:02008R1333-20260818,https://eur-lex.europa.eu/legal-content/DE/TXT/PDF/?uri=CELEX:02008R1333-20260818,https://food.ec.europa.eu/food-safety/food-improvement-agents/additives/database_en,COMPLETE_4_LANGUAGES,
E491,Monostéarate de sorbitane,Sorbitaanmonostearaat,Sorbitan monostearate,Sorbitanmonostearat,Annex II Part B,II-B,02008R1333,18.08.2026,https://eur-lex.europa.eu/legal-content/FR/TXT/PDF/?uri=CELEX:02008R1333-20260818,https://eur-lex.europa.eu/legal-content/NL/TXT/PDF/?uri=CELEX:02008R1333-20260818,https://eur-lex.europa.eu/legal-content/EN/TXT/PDF/?uri=CELEX:02008R1333-20260818,https://eur-lex.europa.eu/legal-content/DE/TXT/PDF/?uri=CELEX:02008R1333-20260818,https://food.ec.europa.eu/food-safety/food-improvement-agents/additives/database_en,COMPLETE_4_LANGUAGES,
E492,Tristéarate de sorbitane,Sorbitaantristearaat,Sorbitan tristearate,Sorbitantristearat,Annex II Part B,II-B,02008R1333,18.08.2026,https://eur-lex.europa.eu/legal-content/FR/TXT/PDF/?uri=CELEX:02008R1333-20260818,https://eur-lex.europa.eu/legal-content/NL/TXT/PDF/?uri=CELEX:02008R1333-20260818,https://eur-lex.europa.eu/legal-content/EN/TXT/PDF/?uri=CELEX:02008R1333-20260818,https://eur-lex.europa.eu/legal-content/DE/TXT/PDF/?uri=CELEX:02008R1333-20260818,https://food.ec.europa.eu/food-safety/food-improvement-agents/additives/database_en,COMPLETE_4_LANGUAGES,
E493,Monolaurate de sorbitane,Sorbitaanmonolauraat,Sorbitan monolaurate,Sorbitanmonolaurat,Annex II Part B,II-B,02008R1333,18.08.2026,https://eur-lex.europa.eu/legal-content/FR/TXT/PDF/?uri=CELEX:02008R1333-20260818,https://eur-lex.europa.eu/legal-content/NL/TXT/PDF/?uri=CELEX:02008R1333-20260818,https://eur-lex.europa.eu/legal-content/EN/TXT/PDF/?uri=CELEX:02008R1333-20260818,https://eur-lex.europa.eu/legal-content/DE/TXT/PDF/?uri=CELEX:02008R1333-20260818,https://food.ec.europa.eu/food-safety/food-improvement-agents/additives/database_en,COMPLETE_4_LANGUAGES,
E494,Monooléate de sorbitane,Sorbitaanmonoöleaat,Sorbitan monooleate,Sorbitanmonooleat,Annex II Part B,II-B,02008R1333,18.08.2026,https://eur-lex.europa.eu/legal-content/FR/TXT/PDF/?uri=CELEX:02008R1333-20260818,https://eur-lex.europa.eu/legal-content/NL/TXT/PDF/?uri=CELEX:02008R1333-20260818,https://eur-lex.europa.eu/legal-content/EN/TXT/PDF/?uri=CELEX:02008R1333-20260818,https://eur-lex.europa.eu/legal-content/DE/TXT/PDF/?uri=CELEX:02008R1333-20260818,https://food.ec.europa.eu/food-safety/food-improvement-agents/additives/database_en,COMPLETE_4_LANGUAGES,
E495,Monopalmitate de sorbitane,Sorbitaanmonopalmitaat,Sorbitan monopalmitate,Sorbitanmonopalmitat,Annex II Part B,II-B,02008R1333,18.08.2026,https://eur-lex.europa.eu/legal-content/FR/TXT/PDF/?uri=CELEX:02008R1333-20260818,https://eur-lex.europa.eu/legal-content/NL/TXT/PDF/?uri=CELEX:02008R1333-20260818,https://eur-lex.europa.eu/legal-content/EN/TXT/PDF/?uri=CELEX:02008R1333-20260818,https://eur-lex.europa.eu/legal-content/DE/TXT/PDF/?uri=CELEX:02008R1333-20260818,https://food.ec.europa.eu/food-safety/food-improvement-agents/additives/database_en,COMPLETE_4_LANGUAGES,
E499,Phytostérols riches en stigmastérol,Plantensterolen die rijk zijn aan stigmasterol,Stigmasterol-rich plant sterols,Stigmasterinreiche Phytosterine,Annex II Part B,II-B,02008R1333,18.08.2026,https://eur-lex.europa.eu/legal-content/FR/TXT/PDF/?uri=CELEX:02008R1333-20260818,https://eur-lex.europa.eu/legal-content/NL/TXT/PDF/?uri=CELEX:02008R1333-20260818,https://eur-lex.europa.eu/legal-content/EN/TXT/PDF/?uri=CELEX:02008R1333-20260818,https://eur-lex.europa.eu/legal-content/DE/TXT/PDF/?uri=CELEX:02008R1333-20260818,https://food.ec.europa.eu/food-safety/food-improvement-agents/additives/database_en,COMPLETE_4_LANGUAGES,
E500,Carbonates de sodium,Natriumcarbonaten,Sodium carbonates,Natriumcarbonate,Annex II Part B,II-B,02008R1333,18.08.2026,https://eur-lex.europa.eu/legal-content/FR/TXT/PDF/?uri=CELEX:02008R1333-20260818,https://eur-lex.europa.eu/legal-content/NL/TXT/PDF/?uri=CELEX:02008R1333-20260818,https://eur-lex.europa.eu/legal-content/EN/TXT/PDF/?uri=CELEX:02008R1333-20260818,https://eur-lex.europa.eu/legal-content/DE/TXT/PDF/?uri=CELEX:02008R1333-20260818,https://food.ec.europa.eu/food-safety/food-improvement-agents/additives/database_en,COMPLETE_4_LANGUAGES,
E501,Carbonates de potassium,Kaliumcarbonaten,Potassium carbonates,Kaliumcarbonate,Annex II Part B,II-B,02008R1333,18.08.2026,https://eur-lex.europa.eu/legal-content/FR/TXT/PDF/?uri=CELEX:02008R1333-20260818,https://eur-lex.europa.eu/legal-content/NL/TXT/PDF/?uri=CELEX:02008R1333-20260818,https://eur-lex.europa.eu/legal-content/EN/TXT/PDF/?uri=CELEX:02008R1333-20260818,https://eur-lex.europa.eu/legal-content/DE/TXT/PDF/?uri=CELEX:02008R1333-20260818,https://food.ec.europa.eu/food-safety/food-improvement-agents/additives/database_en,COMPLETE_4_LANGUAGES,
E503,Carbonates d’ammonium,Ammoniumcarbonaten,Ammonium carbonates,Ammoniumcarbonate,Annex II Part B,II-B,02008R1333,18.08.2026,https://eur-lex.europa.eu/legal-content/FR/TXT/PDF/?uri=CELEX:02008R1333-20260818,https://eur-lex.europa.eu/legal-content/NL/TXT/PDF/?uri=CELEX:02008R1333-20260818,https://eur-lex.europa.eu/legal-content/EN/TXT/PDF/?uri=CELEX:02008R1333-20260818,https://eur-lex.europa.eu/legal-content/DE/TXT/PDF/?uri=CELEX:02008R1333-20260818,https://food.ec.europa.eu/food-safety/food-improvement-agents/additives/database_en,COMPLETE_4_LANGUAGES,
E504,Carbonates de magnésium,Magnesiumcarbonaten,Magnesium carbonates,Magnesiumcarbonate,Annex II Part B,II-B,02008R1333,18.08.2026,https://eur-lex.europa.eu/legal-content/FR/TXT/PDF/?uri=CELEX:02008R1333-20260818,https://eur-lex.europa.eu/legal-content/NL/TXT/PDF/?uri=CELEX:02008R1333-20260818,https://eur-lex.europa.eu/legal-content/EN/TXT/PDF/?uri=CELEX:02008R1333-20260818,https://eur-lex.europa.eu/legal-content/DE/TXT/PDF/?uri=CELEX:02008R1333-20260818,https://food.ec.europa.eu/food-safety/food-improvement-agents/additives/database_en,COMPLETE_4_LANGUAGES,
E507,Acide chlorhydrique,Zoutzuur,Hydrochloric acid,Salzsäure,Annex II Part B,II-B,02008R1333,18.08.2026,https://eur-lex.europa.eu/legal-content/FR/TXT/PDF/?uri=CELEX:02008R1333-20260818,https://eur-lex.europa.eu/legal-content/NL/TXT/PDF/?uri=CELEX:02008R1333-20260818,https://eur-lex.europa.eu/legal-content/EN/TXT/PDF/?uri=CELEX:02008R1333-20260818,https://eur-lex.europa.eu/legal-content/DE/TXT/PDF/?uri=CELEX:02008R1333-20260818,https://food.ec.europa.eu/food-safety/food-improvement-agents/additives/database_en,COMPLETE_4_LANGUAGES,
E508,Chlorure de potassium,Kaliumchloride,Potassium chloride,Kaliumchlorid,Annex II Part B,II-B,02008R1333,18.08.2026,https://eur-lex.europa.eu/legal-content/FR/TXT/PDF/?uri=CELEX:02008R1333-20260818,https://eur-lex.europa.eu/legal-content/NL/TXT/PDF/?uri=CELEX:02008R1333-20260818,https://eur-lex.europa.eu/legal-content/EN/TXT/PDF/?uri=CELEX:02008R1333-20260818,https://eur-lex.europa.eu/legal-content/DE/TXT/PDF/?uri=CELEX:02008R1333-20260818,https://food.ec.europa.eu/food-safety/food-improvement-agents/additives/database_en,COMPLETE_4_LANGUAGES,
E509,Chlorure de calcium,Calciumchloride,Calcium chloride,Calciumchlorid,Annex II Part B,II-B,02008R1333,18.08.2026,https://eur-lex.europa.eu/legal-content/FR/TXT/PDF/?uri=CELEX:02008R1333-20260818,https://eur-lex.europa.eu/legal-content/NL/TXT/PDF/?uri=CELEX:02008R1333-20260818,https://eur-lex.europa.eu/legal-content/EN/TXT/PDF/?uri=CELEX:02008R1333-20260818,https://eur-lex.europa.eu/legal-content/DE/TXT/PDF/?uri=CELEX:02008R1333-20260818,https://food.ec.europa.eu/food-safety/food-improvement-agents/additives/database_en,COMPLETE_4_LANGUAGES,
E511,Chlorure de magnésium,Magnesiumchloride,Magnesium chloride,Magnesiumchlorid,Annex II Part B,II-B,02008R1333,18.08.2026,https://eur-lex.europa.eu/legal-content/FR/TXT/PDF/?uri=CELEX:02008R1333-20260818,https://eur-lex.europa.eu/legal-content/NL/TXT/PDF/?uri=CELEX:02008R1333-20260818,https://eur-lex.europa.eu/legal-content/EN/TXT/PDF/?uri=CELEX:02008R1333-20260818,https://eur-lex.europa.eu/legal-content/DE/TXT/PDF/?uri=CELEX:02008R1333-20260818,https://food.ec.europa.eu/food-safety/food-improvement-agents/additives/database_en,COMPLETE_4_LANGUAGES,
E512,Chlorure d’étain,Tin(II)chloride,Stannous chloride,Zinn(II)-chlorid,Annex II Part B,II-B,02008R1333,18.08.2026,https://eur-lex.europa.eu/legal-content/FR/TXT/PDF/?uri=CELEX:02008R1333-20260818,https://eur-lex.europa.eu/legal-content/NL/TXT/PDF/?uri=CELEX:02008R1333-20260818,https://eur-lex.europa.eu/legal-content/EN/TXT/PDF/?uri=CELEX:02008R1333-20260818,https://eur-lex.europa.eu/legal-content/DE/TXT/PDF/?uri=CELEX:02008R1333-20260818,https://food.ec.europa.eu/food-safety/food-improvement-agents/additives/database_en,COMPLETE_4_LANGUAGES,
E513,Acide sulfurique,Zwavelzuur,Sulphuric acid,Schwefelsäure,Annex II Part B,II-B,02008R1333,18.08.2026,https://eur-lex.europa.eu/legal-content/FR/TXT/PDF/?uri=CELEX:02008R1333-20260818,https://eur-lex.europa.eu/legal-content/NL/TXT/PDF/?uri=CELEX:02008R1333-20260818,https://eur-lex.europa.eu/legal-content/EN/TXT/PDF/?uri=CELEX:02008R1333-20260818,https://eur-lex.europa.eu/legal-content/DE/TXT/PDF/?uri=CELEX:02008R1333-20260818,https://food.ec.europa.eu/food-safety/food-improvement-agents/additives/database_en,COMPLETE_4_LANGUAGES,
E514,Sulfates de sodium,Natriumsulfaten,Sodium sulphates,Natriumsulfate,Annex II Part B,II-B,02008R1333,18.08.2026,https://eur-lex.europa.eu/legal-content/FR/TXT/PDF/?uri=CELEX:02008R1333-20260818,https://eur-lex.europa.eu/legal-content/NL/TXT/PDF/?uri=CELEX:02008R1333-20260818,https://eur-lex.europa.eu/legal-content/EN/TXT/PDF/?uri=CELEX:02008R1333-20260818,https://eur-lex.europa.eu/legal-content/DE/TXT/PDF/?uri=CELEX:02008R1333-20260818,https://food.ec.europa.eu/food-safety/food-improvement-agents/additives/database_en,COMPLETE_4_LANGUAGES,
E515,Sulfates de potassium,Kaliumsulfaten,Potassium sulphates,Kaliumsulfate,Annex II Part B,II-B,02008R1333,18.08.2026,https://eur-lex.europa.eu/legal-content/FR/TXT/PDF/?uri=CELEX:02008R1333-20260818,https://eur-lex.europa.eu/legal-content/NL/TXT/PDF/?uri=CELEX:02008R1333-20260818,https://eur-lex.europa.eu/legal-content/EN/TXT/PDF/?uri=CELEX:02008R1333-20260818,https://eur-lex.europa.eu/legal-content/DE/TXT/PDF/?uri=CELEX:02008R1333-20260818,https://food.ec.europa.eu/food-safety/food-improvement-agents/additives/database_en,COMPLETE_4_LANGUAGES,
E516,Sulfate de calcium,Calciumsulfaat,Calcium sulphate,Calciumsulfat,Annex II Part B,II-B,02008R1333,18.08.2026,https://eur-lex.europa.eu/legal-content/FR/TXT/PDF/?uri=CELEX:02008R1333-20260818,https://eur-lex.europa.eu/legal-content/NL/TXT/PDF/?uri=CELEX:02008R1333-20260818,https://eur-lex.europa.eu/legal-content/EN/TXT/PDF/?uri=CELEX:02008R1333-20260818,https://eur-lex.europa.eu/legal-content/DE/TXT/PDF/?uri=CELEX:02008R1333-20260818,https://food.ec.europa.eu/food-safety/food-improvement-agents/additives/database_en,COMPLETE_4_LANGUAGES,
E517,Sulfate d’ammonium,Ammoniumsulfaat,Ammonium sulphate,Ammoniumsulfat,Annex II Part B,II-B,02008R1333,18.08.2026,https://eur-lex.europa.eu/legal-content/FR/TXT/PDF/?uri=CELEX:02008R1333-20260818,https://eur-lex.europa.eu/legal-content/NL/TXT/PDF/?uri=CELEX:02008R1333-20260818,https://eur-lex.europa.eu/legal-content/EN/TXT/PDF/?uri=CELEX:02008R1333-20260818,https://eur-lex.europa.eu/legal-content/DE/TXT/PDF/?uri=CELEX:02008R1333-20260818,https://food.ec.europa.eu/food-safety/food-improvement-agents/additives/database_en,COMPLETE_4_LANGUAGES,
E520,Sulfate d’aluminium,Aluminiumsulfaat,Aluminium sulphate,Aluminiumsulfat,Annex II Part B,II-B,02008R1333,18.08.2026,https://eur-lex.europa.eu/legal-content/FR/TXT/PDF/?uri=CELEX:02008R1333-20260818,https://eur-lex.europa.eu/legal-content/NL/TXT/PDF/?uri=CELEX:02008R1333-20260818,https://eur-lex.europa.eu/legal-content/EN/TXT/PDF/?uri=CELEX:02008R1333-20260818,https://eur-lex.europa.eu/legal-content/DE/TXT/PDF/?uri=CELEX:02008R1333-20260818,https://food.ec.europa.eu/food-safety/food-improvement-agents/additives/database_en,COMPLETE_4_LANGUAGES,
E521,Sulfate d’aluminium sodique,Aluminiumnatriumsulfaat,Aluminium sodium sulphate,Aluminiumnatriumsulfat,Annex II Part B,II-B,02008R1333,18.08.2026,https://eur-lex.europa.eu/legal-content/FR/TXT/PDF/?uri=CELEX:02008R1333-20260818,https://eur-lex.europa.eu/legal-content/NL/TXT/PDF/?uri=CELEX:02008R1333-20260818,https://eur-lex.europa.eu/legal-content/EN/TXT/PDF/?uri=CELEX:02008R1333-20260818,https://eur-lex.europa.eu/legal-content/DE/TXT/PDF/?uri=CELEX:02008R1333-20260818,https://food.ec.europa.eu/food-safety/food-improvement-agents/additives/database_en,COMPLETE_4_LANGUAGES,
E522,Sulfate d’aluminium potassique,Aluminiumkaliumsulfaat,Aluminium potassium sulphate,Aluminiumkaliumsulfat,Annex II Part B,II-B,02008R1333,18.08.2026,https://eur-lex.europa.eu/legal-content/FR/TXT/PDF/?uri=CELEX:02008R1333-20260818,https://eur-lex.europa.eu/legal-content/NL/TXT/PDF/?uri=CELEX:02008R1333-20260818,https://eur-lex.europa.eu/legal-content/EN/TXT/PDF/?uri=CELEX:02008R1333-20260818,https://eur-lex.europa.eu/legal-content/DE/TXT/PDF/?uri=CELEX:02008R1333-20260818,https://food.ec.europa.eu/food-safety/food-improvement-agents/additives/database_en,COMPLETE_4_LANGUAGES,
E523,Sulfate d’aluminium ammonique,Aluminiumammoniumsulfaat,Aluminium ammonium sulphate,Aluminiumammoniumsulfat,Annex II Part B,II-B,02008R1333,18.08.2026,https://eur-lex.europa.eu/legal-content/FR/TXT/PDF/?uri=CELEX:02008R1333-20260818,https://eur-lex.europa.eu/legal-content/NL/TXT/PDF/?uri=CELEX:02008R1333-20260818,https://eur-lex.europa.eu/legal-content/EN/TXT/PDF/?uri=CELEX:02008R1333-20260818,https://eur-lex.europa.eu/legal-content/DE/TXT/PDF/?uri=CELEX:02008R1333-20260818,https://food.ec.europa.eu/food-safety/food-improvement-agents/additives/database_en,COMPLETE_4_LANGUAGES,
E524,Hydroxyde de sodium,Natriumhydroxide,Sodium hydroxide,Natriumhydroxid E-Nummer Bezeichnung,Annex II Part B,II-B,02008R1333,18.08.2026,https://eur-lex.europa.eu/legal-content/FR/TXT/PDF/?uri=CELEX:02008R1333-20260818,https://eur-lex.europa.eu/legal-content/NL/TXT/PDF/?uri=CELEX:02008R1333-20260818,https://eur-lex.europa.eu/legal-content/EN/TXT/PDF/?uri=CELEX:02008R1333-20260818,https://eur-lex.europa.eu/legal-content/DE/TXT/PDF/?uri=CELEX:02008R1333-20260818,https://food.ec.europa.eu/food-safety/food-improvement-agents/additives/database_en,COMPLETE_4_LANGUAGES,
E525,Hydroxyde de potassium,Kaliumhydroxide,Potassium hydroxide,Kaliumhydroxid,Annex II Part B,II-B,02008R1333,18.08.2026,https://eur-lex.europa.eu/legal-content/FR/TXT/PDF/?uri=CELEX:02008R1333-20260818,https://eur-lex.europa.eu/legal-content/NL/TXT/PDF/?uri=CELEX:02008R1333-20260818,https://eur-lex.europa.eu/legal-content/EN/TXT/PDF/?uri=CELEX:02008R1333-20260818,https://eur-lex.europa.eu/legal-content/DE/TXT/PDF/?uri=CELEX:02008R1333-20260818,https://food.ec.europa.eu/food-safety/food-improvement-agents/additives/database_en,COMPLETE_4_LANGUAGES,
E526,Hydroxyde de calcium,Calciumhydroxide,Calcium hydroxide,Calciumhydroxid,Annex II Part B,II-B,02008R1333,18.08.2026,https://eur-lex.europa.eu/legal-content/FR/TXT/PDF/?uri=CELEX:02008R1333-20260818,https://eur-lex.europa.eu/legal-content/NL/TXT/PDF/?uri=CELEX:02008R1333-20260818,https://eur-lex.europa.eu/legal-content/EN/TXT/PDF/?uri=CELEX:02008R1333-20260818,https://eur-lex.europa.eu/legal-content/DE/TXT/PDF/?uri=CELEX:02008R1333-20260818,https://food.ec.europa.eu/food-safety/food-improvement-agents/additives/database_en,COMPLETE_4_LANGUAGES,
E527,Hydroxyde d’ammonium,Ammoniumhydroxide,Ammonium hydroxide,Ammoniumhydroxid,Annex II Part B,II-B,02008R1333,18.08.2026,https://eur-lex.europa.eu/legal-content/FR/TXT/PDF/?uri=CELEX:02008R1333-20260818,https://eur-lex.europa.eu/legal-content/NL/TXT/PDF/?uri=CELEX:02008R1333-20260818,https://eur-lex.europa.eu/legal-content/EN/TXT/PDF/?uri=CELEX:02008R1333-20260818,https://eur-lex.europa.eu/legal-content/DE/TXT/PDF/?uri=CELEX:02008R1333-20260818,https://food.ec.europa.eu/food-safety/food-improvement-agents/additives/database_en,COMPLETE_4_LANGUAGES,
E528,Hydroxyde de magnésium,Magnesiumhydroxide,Magnesium hydroxide,Magnesiumhydroxid,Annex II Part B,II-B,02008R1333,18.08.2026,https://eur-lex.europa.eu/legal-content/FR/TXT/PDF/?uri=CELEX:02008R1333-20260818,https://eur-lex.europa.eu/legal-content/NL/TXT/PDF/?uri=CELEX:02008R1333-20260818,https://eur-lex.europa.eu/legal-content/EN/TXT/PDF/?uri=CELEX:02008R1333-20260818,https://eur-lex.europa.eu/legal-content/DE/TXT/PDF/?uri=CELEX:02008R1333-20260818,https://food.ec.europa.eu/food-safety/food-improvement-agents/additives/database_en,COMPLETE_4_LANGUAGES,
E529,Oxyde de calcium,Calciumoxide,Calcium oxide,Calciumoxid,Annex II Part B,II-B,02008R1333,18.08.2026,https://eur-lex.europa.eu/legal-content/FR/TXT/PDF/?uri=CELEX:02008R1333-20260818,https://eur-lex.europa.eu/legal-content/NL/TXT/PDF/?uri=CELEX:02008R1333-20260818,https://eur-lex.europa.eu/legal-content/EN/TXT/PDF/?uri=CELEX:02008R1333-20260818,https://eur-lex.europa.eu/legal-content/DE/TXT/PDF/?uri=CELEX:02008R1333-20260818,https://food.ec.europa.eu/food-safety/food-improvement-agents/additives/database_en,COMPLETE_4_LANGUAGES,
E530,Oxyde de magnésium,Magnesiumoxide,Magnesium oxide,Magnesiumoxid,Annex II Part B,II-B,02008R1333,18.08.2026,https://eur-lex.europa.eu/legal-content/FR/TXT/PDF/?uri=CELEX:02008R1333-20260818,https://eur-lex.europa.eu/legal-content/NL/TXT/PDF/?uri=CELEX:02008R1333-20260818,https://eur-lex.europa.eu/legal-content/EN/TXT/PDF/?uri=CELEX:02008R1333-20260818,https://eur-lex.europa.eu/legal-content/DE/TXT/PDF/?uri=CELEX:02008R1333-20260818,https://food.ec.europa.eu/food-safety/food-improvement-agents/additives/database_en,COMPLETE_4_LANGUAGES,
E534,Tartrate de fer,IJzertartraat,Iron tartrate,Eisentartrat,Annex II Part B,II-B,02008R1333,18.08.2026,https://eur-lex.europa.eu/legal-content/FR/TXT/PDF/?uri=CELEX:02008R1333-20260818,https://eur-lex.europa.eu/legal-content/NL/TXT/PDF/?uri=CELEX:02008R1333-20260818,https://eur-lex.europa.eu/legal-content/EN/TXT/PDF/?uri=CELEX:02008R1333-20260818,https://eur-lex.europa.eu/legal-content/DE/TXT/PDF/?uri=CELEX:02008R1333-20260818,https://food.ec.europa.eu/food-safety/food-improvement-agents/additives/database_en,COMPLETE_4_LANGUAGES,
E535,Ferrocyanure de sodium,Natriumhexacyanoferraat(II),Sodium ferrocyanide,Natriumferrocyanid,Annex II Part B,II-B,02008R1333,18.08.2026,https://eur-lex.europa.eu/legal-content/FR/TXT/PDF/?uri=CELEX:02008R1333-20260818,https://eur-lex.europa.eu/legal-content/NL/TXT/PDF/?uri=CELEX:02008R1333-20260818,https://eur-lex.europa.eu/legal-content/EN/TXT/PDF/?uri=CELEX:02008R1333-20260818,https://eur-lex.europa.eu/legal-content/DE/TXT/PDF/?uri=CELEX:02008R1333-20260818,https://food.ec.europa.eu/food-safety/food-improvement-agents/additives/database_en,COMPLETE_4_LANGUAGES,
E536,Ferrocyanure de potassium,Kaliumhexacyanoferraat(II),Potassium ferrocyanide,Kaliumferrocyanid,Annex II Part B,II-B,02008R1333,18.08.2026,https://eur-lex.europa.eu/legal-content/FR/TXT/PDF/?uri=CELEX:02008R1333-20260818,https://eur-lex.europa.eu/legal-content/NL/TXT/PDF/?uri=CELEX:02008R1333-20260818,https://eur-lex.europa.eu/legal-content/EN/TXT/PDF/?uri=CELEX:02008R1333-20260818,https://eur-lex.europa.eu/legal-content/DE/TXT/PDF/?uri=CELEX:02008R1333-20260818,https://food.ec.europa.eu/food-safety/food-improvement-agents/additives/database_en,COMPLETE_4_LANGUAGES,
E538,Ferrocyanure de calcium,Calciumhexacyanoferraat(II),Calcium ferrocyanide,Calciumferrocyanid,Annex II Part B,II-B,02008R1333,18.08.2026,https://eur-lex.europa.eu/legal-content/FR/TXT/PDF/?uri=CELEX:02008R1333-20260818,https://eur-lex.europa.eu/legal-content/NL/TXT/PDF/?uri=CELEX:02008R1333-20260818,https://eur-lex.europa.eu/legal-content/EN/TXT/PDF/?uri=CELEX:02008R1333-20260818,https://eur-lex.europa.eu/legal-content/DE/TXT/PDF/?uri=CELEX:02008R1333-20260818,https://food.ec.europa.eu/food-safety/food-improvement-agents/additives/database_en,COMPLETE_4_LANGUAGES,
E541,Phosphate d’aluminium sodique acide,"Natriumaluminiumfosfaat, zuur",Sodium aluminium phosphate acidic,Saures Natriumaluminiumphosphat,Annex II Part B,II-B,02008R1333,18.08.2026,https://eur-lex.europa.eu/legal-content/FR/TXT/PDF/?uri=CELEX:02008R1333-20260818,https://eur-lex.europa.eu/legal-content/NL/TXT/PDF/?uri=CELEX:02008R1333-20260818,https://eur-lex.europa.eu/legal-content/EN/TXT/PDF/?uri=CELEX:02008R1333-20260818,https://eur-lex.europa.eu/legal-content/DE/TXT/PDF/?uri=CELEX:02008R1333-20260818,https://food.ec.europa.eu/food-safety/food-improvement-agents/additives/database_en,COMPLETE_4_LANGUAGES,
E551,Dioxyde de silicium,Siliciumdioxide,Silicon dioxide,Siliciumdioxid,Annex II Part B,II-B,02008R1333,18.08.2026,https://eur-lex.europa.eu/legal-content/FR/TXT/PDF/?uri=CELEX:02008R1333-20260818,https://eur-lex.europa.eu/legal-content/NL/TXT/PDF/?uri=CELEX:02008R1333-20260818,https://eur-lex.europa.eu/legal-content/EN/TXT/PDF/?uri=CELEX:02008R1333-20260818,https://eur-lex.europa.eu/legal-content/DE/TXT/PDF/?uri=CELEX:02008R1333-20260818,https://food.ec.europa.eu/food-safety/food-improvement-agents/additives/database_en,COMPLETE_4_LANGUAGES,
E552,Silicate de calcium,Calciumsilicaat,Calcium silicate,Calciumsilicat,Annex II Part B,II-B,02008R1333,18.08.2026,https://eur-lex.europa.eu/legal-content/FR/TXT/PDF/?uri=CELEX:02008R1333-20260818,https://eur-lex.europa.eu/legal-content/NL/TXT/PDF/?uri=CELEX:02008R1333-20260818,https://eur-lex.europa.eu/legal-content/EN/TXT/PDF/?uri=CELEX:02008R1333-20260818,https://eur-lex.europa.eu/legal-content/DE/TXT/PDF/?uri=CELEX:02008R1333-20260818,https://food.ec.europa.eu/food-safety/food-improvement-agents/additives/database_en,COMPLETE_4_LANGUAGES,
E553a,Silicate de magnésium,Magnesiumsilicaat,Magnesium silicate,Magnesiumsilicate,Annex II Part B,II-B,02008R1333,18.08.2026,https://eur-lex.europa.eu/legal-content/FR/TXT/PDF/?uri=CELEX:02008R1333-20260818,https://eur-lex.europa.eu/legal-content/NL/TXT/PDF/?uri=CELEX:02008R1333-20260818,https://eur-lex.europa.eu/legal-content/EN/TXT/PDF/?uri=CELEX:02008R1333-20260818,https://eur-lex.europa.eu/legal-content/DE/TXT/PDF/?uri=CELEX:02008R1333-20260818,https://food.ec.europa.eu/food-safety/food-improvement-agents/additives/database_en,COMPLETE_4_LANGUAGES,
E553b,Talc,Talk,Talc,Talkum,Annex II Part B,II-B,02008R1333,18.08.2026,https://eur-lex.europa.eu/legal-content/FR/TXT/PDF/?uri=CELEX:02008R1333-20260818,https://eur-lex.europa.eu/legal-content/NL/TXT/PDF/?uri=CELEX:02008R1333-20260818,https://eur-lex.europa.eu/legal-content/EN/TXT/PDF/?uri=CELEX:02008R1333-20260818,https://eur-lex.europa.eu/legal-content/DE/TXT/PDF/?uri=CELEX:02008R1333-20260818,https://food.ec.europa.eu/food-safety/food-improvement-agents/additives/database_en,COMPLETE_4_LANGUAGES,
E554,Silicate alumino-sodique,Natriumaluminiumsilicaat,Sodium aluminium silicate,Natriumaluminiumsilicat,Annex II Part B,II-B,02008R1333,18.08.2026,https://eur-lex.europa.eu/legal-content/FR/TXT/PDF/?uri=CELEX:02008R1333-20260818,https://eur-lex.europa.eu/legal-content/NL/TXT/PDF/?uri=CELEX:02008R1333-20260818,https://eur-lex.europa.eu/legal-content/EN/TXT/PDF/?uri=CELEX:02008R1333-20260818,https://eur-lex.europa.eu/legal-content/DE/TXT/PDF/?uri=CELEX:02008R1333-20260818,https://food.ec.europa.eu/food-safety/food-improvement-agents/additives/database_en,COMPLETE_4_LANGUAGES,
E555,Silicate alumino-potassique,Kaliumaluminiumsilicaat,Potassium aluminium silicate,Kaliumaluminiumsilicat,Annex II Part B,II-B,02008R1333,18.08.2026,https://eur-lex.europa.eu/legal-content/FR/TXT/PDF/?uri=CELEX:02008R1333-20260818,https://eur-lex.europa.eu/legal-content/NL/TXT/PDF/?uri=CELEX:02008R1333-20260818,https://eur-lex.europa.eu/legal-content/EN/TXT/PDF/?uri=CELEX:02008R1333-20260818,https://eur-lex.europa.eu/legal-content/DE/TXT/PDF/?uri=CELEX:02008R1333-20260818,https://food.ec.europa.eu/food-safety/food-improvement-agents/additives/database_en,COMPLETE_4_LANGUAGES,
E556,Silicate alumino-calcique (  2 ),Calciumaluminiumsilicaat (  2 ),Calcium aluminium silicate (  2 ),Calciumaluminiumsilicat (  2 ),Annex II Part B,II-B,02008R1333,18.08.2026,https://eur-lex.europa.eu/legal-content/FR/TXT/PDF/?uri=CELEX:02008R1333-20260818,https://eur-lex.europa.eu/legal-content/NL/TXT/PDF/?uri=CELEX:02008R1333-20260818,https://eur-lex.europa.eu/legal-content/EN/TXT/PDF/?uri=CELEX:02008R1333-20260818,https://eur-lex.europa.eu/legal-content/DE/TXT/PDF/?uri=CELEX:02008R1333-20260818,https://food.ec.europa.eu/food-safety/food-improvement-agents/additives/database_en,COMPLETE_4_LANGUAGES,
E558,Bentonite (  3 ),Bentoniet (  3 ),Bentonite (  3 ),Bentonit (  3 ),Annex II Part B,II-B,02008R1333,18.08.2026,https://eur-lex.europa.eu/legal-content/FR/TXT/PDF/?uri=CELEX:02008R1333-20260818,https://eur-lex.europa.eu/legal-content/NL/TXT/PDF/?uri=CELEX:02008R1333-20260818,https://eur-lex.europa.eu/legal-content/EN/TXT/PDF/?uri=CELEX:02008R1333-20260818,https://eur-lex.europa.eu/legal-content/DE/TXT/PDF/?uri=CELEX:02008R1333-20260818,https://food.ec.europa.eu/food-safety/food-improvement-agents/additives/database_en,COMPLETE_4_LANGUAGES,
E559,Silicate d’aluminium (kaolin) (  2 ),Aluminiumsilicaat (kaolien) (  2 ),Aluminium silicate (Kaolin) (  2 ),Aluminiumsilicat (Kaolin) (  2 ),Annex II Part B,II-B,02008R1333,18.08.2026,https://eur-lex.europa.eu/legal-content/FR/TXT/PDF/?uri=CELEX:02008R1333-20260818,https://eur-lex.europa.eu/legal-content/NL/TXT/PDF/?uri=CELEX:02008R1333-20260818,https://eur-lex.europa.eu/legal-content/EN/TXT/PDF/?uri=CELEX:02008R1333-20260818,https://eur-lex.europa.eu/legal-content/DE/TXT/PDF/?uri=CELEX:02008R1333-20260818,https://food.ec.europa.eu/food-safety/food-improvement-agents/additives/database_en,COMPLETE_4_LANGUAGES,
E570,Acides gras,Vetzuren,Fatty acids,Speisefettsäuren,Annex II Part B,II-B,02008R1333,18.08.2026,https://eur-lex.europa.eu/legal-content/FR/TXT/PDF/?uri=CELEX:02008R1333-20260818,https://eur-lex.europa.eu/legal-content/NL/TXT/PDF/?uri=CELEX:02008R1333-20260818,https://eur-lex.europa.eu/legal-content/EN/TXT/PDF/?uri=CELEX:02008R1333-20260818,https://eur-lex.europa.eu/legal-content/DE/TXT/PDF/?uri=CELEX:02008R1333-20260818,https://food.ec.europa.eu/food-safety/food-improvement-agents/additives/database_en,COMPLETE_4_LANGUAGES,
E574,Acide gluconique,Gluconzuur,Gluconic acid,Gluconsäure,Annex II Part B,II-B,02008R1333,18.08.2026,https://eur-lex.europa.eu/legal-content/FR/TXT/PDF/?uri=CELEX:02008R1333-20260818,https://eur-lex.europa.eu/legal-content/NL/TXT/PDF/?uri=CELEX:02008R1333-20260818,https://eur-lex.europa.eu/legal-content/EN/TXT/PDF/?uri=CELEX:02008R1333-20260818,https://eur-lex.europa.eu/legal-content/DE/TXT/PDF/?uri=CELEX:02008R1333-20260818,https://food.ec.europa.eu/food-safety/food-improvement-agents/additives/database_en,COMPLETE_4_LANGUAGES,
E575,Glucono-delta-lactone,Glucono-delta-lacton,Glucono-delta-lactone,Glucono-delta-Lacton,Annex II Part B,II-B,02008R1333,18.08.2026,https://eur-lex.europa.eu/legal-content/FR/TXT/PDF/?uri=CELEX:02008R1333-20260818,https://eur-lex.europa.eu/legal-content/NL/TXT/PDF/?uri=CELEX:02008R1333-20260818,https://eur-lex.europa.eu/legal-content/EN/TXT/PDF/?uri=CELEX:02008R1333-20260818,https://eur-lex.europa.eu/legal-content/DE/TXT/PDF/?uri=CELEX:02008R1333-20260818,https://food.ec.europa.eu/food-safety/food-improvement-agents/additives/database_en,COMPLETE_4_LANGUAGES,
E576,Gluconate de sodium,Natriumgluconaat,Sodium gluconate,Natriumgluconat,Annex II Part B,II-B,02008R1333,18.08.2026,https://eur-lex.europa.eu/legal-content/FR/TXT/PDF/?uri=CELEX:02008R1333-20260818,https://eur-lex.europa.eu/legal-content/NL/TXT/PDF/?uri=CELEX:02008R1333-20260818,https://eur-lex.europa.eu/legal-content/EN/TXT/PDF/?uri=CELEX:02008R1333-20260818,https://eur-lex.europa.eu/legal-content/DE/TXT/PDF/?uri=CELEX:02008R1333-20260818,https://food.ec.europa.eu/food-safety/food-improvement-agents/additives/database_en,COMPLETE_4_LANGUAGES,
E577,Gluconate de potassium,Kaliumgluconaat,Potassium gluconate,Kaliumgluconat,Annex II Part B,II-B,02008R1333,18.08.2026,https://eur-lex.europa.eu/legal-content/FR/TXT/PDF/?uri=CELEX:02008R1333-20260818,https://eur-lex.europa.eu/legal-content/NL/TXT/PDF/?uri=CELEX:02008R1333-20260818,https://eur-lex.europa.eu/legal-content/EN/TXT/PDF/?uri=CELEX:02008R1333-20260818,https://eur-lex.europa.eu/legal-content/DE/TXT/PDF/?uri=CELEX:02008R1333-20260818,https://food.ec.europa.eu/food-safety/food-improvement-agents/additives/database_en,COMPLETE_4_LANGUAGES,
E578,Gluconate de calcium,Calciumgluconaat,Calcium gluconate,Calciumgluconat,Annex II Part B,II-B,02008R1333,18.08.2026,https://eur-lex.europa.eu/legal-content/FR/TXT/PDF/?uri=CELEX:02008R1333-20260818,https://eur-lex.europa.eu/legal-content/NL/TXT/PDF/?uri=CELEX:02008R1333-20260818,https://eur-lex.europa.eu/legal-content/EN/TXT/PDF/?uri=CELEX:02008R1333-20260818,https://eur-lex.europa.eu/legal-content/DE/TXT/PDF/?uri=CELEX:02008R1333-20260818,https://food.ec.europa.eu/food-safety/food-improvement-agents/additives/database_en,COMPLETE_4_LANGUAGES,
E579,Gluconate ferreux,IJzer(II)gluconaat,Ferrous gluconate,Eisen(II)-gluconat,Annex II Part B,II-B,02008R1333,18.08.2026,https://eur-lex.europa.eu/legal-content/FR/TXT/PDF/?uri=CELEX:02008R1333-20260818,https://eur-lex.europa.eu/legal-content/NL/TXT/PDF/?uri=CELEX:02008R1333-20260818,https://eur-lex.europa.eu/legal-content/EN/TXT/PDF/?uri=CELEX:02008R1333-20260818,https://eur-lex.europa.eu/legal-content/DE/TXT/PDF/?uri=CELEX:02008R1333-20260818,https://food.ec.europa.eu/food-safety/food-improvement-agents/additives/database_en,COMPLETE_4_LANGUAGES,
E585,Lactate ferreux,IJzer(II)lactaat,Ferrous lactate,Eisen(II)-lactat,Annex II Part B,II-B,02008R1333,18.08.2026,https://eur-lex.europa.eu/legal-content/FR/TXT/PDF/?uri=CELEX:02008R1333-20260818,https://eur-lex.europa.eu/legal-content/NL/TXT/PDF/?uri=CELEX:02008R1333-20260818,https://eur-lex.europa.eu/legal-content/EN/TXT/PDF/?uri=CELEX:02008R1333-20260818,https://eur-lex.europa.eu/legal-content/DE/TXT/PDF/?uri=CELEX:02008R1333-20260818,https://food.ec.europa.eu/food-safety/food-improvement-agents/additives/database_en,COMPLETE_4_LANGUAGES,
E586,4-Hexylrésorcinol,4-Hexylresorcinol,4-Hexylresorcinol,4-Hexylresorcin,Annex II Part B,II-B,02008R1333,18.08.2026,https://eur-lex.europa.eu/legal-content/FR/TXT/PDF/?uri=CELEX:02008R1333-20260818,https://eur-lex.europa.eu/legal-content/NL/TXT/PDF/?uri=CELEX:02008R1333-20260818,https://eur-lex.europa.eu/legal-content/EN/TXT/PDF/?uri=CELEX:02008R1333-20260818,https://eur-lex.europa.eu/legal-content/DE/TXT/PDF/?uri=CELEX:02008R1333-20260818,https://food.ec.europa.eu/food-safety/food-improvement-agents/additives/database_en,COMPLETE_4_LANGUAGES,
E620,Acide glutamique,Glutaminezuur,Glutamic acid,Glutaminsäure,Annex II Part B,II-B,02008R1333,18.08.2026,https://eur-lex.europa.eu/legal-content/FR/TXT/PDF/?uri=CELEX:02008R1333-20260818,https://eur-lex.europa.eu/legal-content/NL/TXT/PDF/?uri=CELEX:02008R1333-20260818,https://eur-lex.europa.eu/legal-content/EN/TXT/PDF/?uri=CELEX:02008R1333-20260818,https://eur-lex.europa.eu/legal-content/DE/TXT/PDF/?uri=CELEX:02008R1333-20260818,https://food.ec.europa.eu/food-safety/food-improvement-agents/additives/database_en,COMPLETE_4_LANGUAGES,
E621,Glutamate monosodique,Mononatriumglutamaat,Monosodium glutamate,Mononatriumglutamat E-Nummer Bezeichnung,Annex II Part B,II-B,02008R1333,18.08.2026,https://eur-lex.europa.eu/legal-content/FR/TXT/PDF/?uri=CELEX:02008R1333-20260818,https://eur-lex.europa.eu/legal-content/NL/TXT/PDF/?uri=CELEX:02008R1333-20260818,https://eur-lex.europa.eu/legal-content/EN/TXT/PDF/?uri=CELEX:02008R1333-20260818,https://eur-lex.europa.eu/legal-content/DE/TXT/PDF/?uri=CELEX:02008R1333-20260818,https://food.ec.europa.eu/food-safety/food-improvement-agents/additives/database_en,COMPLETE_4_LANGUAGES,
E622,Glutamate monopotassique,Monokaliumglutamaat,Monopotassium glutamate,Monokaliumglutamat,Annex II Part B,II-B,02008R1333,18.08.2026,https://eur-lex.europa.eu/legal-content/FR/TXT/PDF/?uri=CELEX:02008R1333-20260818,https://eur-lex.europa.eu/legal-content/NL/TXT/PDF/?uri=CELEX:02008R1333-20260818,https://eur-lex.europa.eu/legal-content/EN/TXT/PDF/?uri=CELEX:02008R1333-20260818,https://eur-lex.europa.eu/legal-content/DE/TXT/PDF/?uri=CELEX:02008R1333-20260818,https://food.ec.europa.eu/food-safety/food-improvement-agents/additives/database_en,COMPLETE_4_LANGUAGES,
E623,Diglutamate de calcium,Calciumdiglutamaat,Calcium diglutamate,Calciumdiglutamat,Annex II Part B,II-B,02008R1333,18.08.2026,https://eur-lex.europa.eu/legal-content/FR/TXT/PDF/?uri=CELEX:02008R1333-20260818,https://eur-lex.europa.eu/legal-content/NL/TXT/PDF/?uri=CELEX:02008R1333-20260818,https://eur-lex.europa.eu/legal-content/EN/TXT/PDF/?uri=CELEX:02008R1333-20260818,https://eur-lex.europa.eu/legal-content/DE/TXT/PDF/?uri=CELEX:02008R1333-20260818,https://food.ec.europa.eu/food-safety/food-improvement-agents/additives/database_en,COMPLETE_4_LANGUAGES,
E624,Glutamate d’ammonium,Monoammoniumglutamaat,Monoammonium glutamate,Monoammoniumglutamat,Annex II Part B,II-B,02008R1333,18.08.2026,https://eur-lex.europa.eu/legal-content/FR/TXT/PDF/?uri=CELEX:02008R1333-20260818,https://eur-lex.europa.eu/legal-content/NL/TXT/PDF/?uri=CELEX:02008R1333-20260818,https://eur-lex.europa.eu/legal-content/EN/TXT/PDF/?uri=CELEX:02008R1333-20260818,https://eur-lex.europa.eu/legal-content/DE/TXT/PDF/?uri=CELEX:02008R1333-20260818,https://food.ec.europa.eu/food-safety/food-improvement-agents/additives/database_en,COMPLETE_4_LANGUAGES,
E625,Diglutamate de magnésium,Magnesiumdiglutamaat,Magnesium diglutamate,Magnesiumdiglutamat,Annex II Part B,II-B,02008R1333,18.08.2026,https://eur-lex.europa.eu/legal-content/FR/TXT/PDF/?uri=CELEX:02008R1333-20260818,https://eur-lex.europa.eu/legal-content/NL/TXT/PDF/?uri=CELEX:02008R1333-20260818,https://eur-lex.europa.eu/legal-content/EN/TXT/PDF/?uri=CELEX:02008R1333-20260818,https://eur-lex.europa.eu/legal-content/DE/TXT/PDF/?uri=CELEX:02008R1333-20260818,https://food.ec.europa.eu/food-safety/food-improvement-agents/additives/database_en,COMPLETE_4_LANGUAGES,
E626,Acide guanylique,Guanylzuur,Guanylic acid,Guanylsäure,Annex II Part B,II-B,02008R1333,18.08.2026,https://eur-lex.europa.eu/legal-content/FR/TXT/PDF/?uri=CELEX:02008R1333-20260818,https://eur-lex.europa.eu/legal-content/NL/TXT/PDF/?uri=CELEX:02008R1333-20260818,https://eur-lex.europa.eu/legal-content/EN/TXT/PDF/?uri=CELEX:02008R1333-20260818,https://eur-lex.europa.eu/legal-content/DE/TXT/PDF/?uri=CELEX:02008R1333-20260818,https://food.ec.europa.eu/food-safety/food-improvement-agents/additives/database_en,COMPLETE_4_LANGUAGES,
E627,Guanylate disodique,Natriumguanylaat,Disodium guanylate,Dinatriumguanylat,Annex II Part B,II-B,02008R1333,18.08.2026,https://eur-lex.europa.eu/legal-content/FR/TXT/PDF/?uri=CELEX:02008R1333-20260818,https://eur-lex.europa.eu/legal-content/NL/TXT/PDF/?uri=CELEX:02008R1333-20260818,https://eur-lex.europa.eu/legal-content/EN/TXT/PDF/?uri=CELEX:02008R1333-20260818,https://eur-lex.europa.eu/legal-content/DE/TXT/PDF/?uri=CELEX:02008R1333-20260818,https://food.ec.europa.eu/food-safety/food-improvement-agents/additives/database_en,COMPLETE_4_LANGUAGES,
E628,Guanylate dipotassique,Kaliumguanylaat,Dipotassium guanylate,Dikaliumguanylat,Annex II Part B,II-B,02008R1333,18.08.2026,https://eur-lex.europa.eu/legal-content/FR/TXT/PDF/?uri=CELEX:02008R1333-20260818,https://eur-lex.europa.eu/legal-content/NL/TXT/PDF/?uri=CELEX:02008R1333-20260818,https://eur-lex.europa.eu/legal-content/EN/TXT/PDF/?uri=CELEX:02008R1333-20260818,https://eur-lex.europa.eu/legal-content/DE/TXT/PDF/?uri=CELEX:02008R1333-20260818,https://food.ec.europa.eu/food-safety/food-improvement-agents/additives/database_en,COMPLETE_4_LANGUAGES,
E629,Guanylate de calcium,Calciumguanylaat,Calcium guanylate,Calciumguanylat,Annex II Part B,II-B,02008R1333,18.08.2026,https://eur-lex.europa.eu/legal-content/FR/TXT/PDF/?uri=CELEX:02008R1333-20260818,https://eur-lex.europa.eu/legal-content/NL/TXT/PDF/?uri=CELEX:02008R1333-20260818,https://eur-lex.europa.eu/legal-content/EN/TXT/PDF/?uri=CELEX:02008R1333-20260818,https://eur-lex.europa.eu/legal-content/DE/TXT/PDF/?uri=CELEX:02008R1333-20260818,https://food.ec.europa.eu/food-safety/food-improvement-agents/additives/database_en,COMPLETE_4_LANGUAGES,
E630,Acide inosinique,Inosinezuur,Inosinic acid,Inosinsäure,Annex II Part B,II-B,02008R1333,18.08.2026,https://eur-lex.europa.eu/legal-content/FR/TXT/PDF/?uri=CELEX:02008R1333-20260818,https://eur-lex.europa.eu/legal-content/NL/TXT/PDF/?uri=CELEX:02008R1333-20260818,https://eur-lex.europa.eu/legal-content/EN/TXT/PDF/?uri=CELEX:02008R1333-20260818,https://eur-lex.europa.eu/legal-content/DE/TXT/PDF/?uri=CELEX:02008R1333-20260818,https://food.ec.europa.eu/food-safety/food-improvement-agents/additives/database_en,COMPLETE_4_LANGUAGES,
E631,Inosinate disodique,Dinatriuminosinaat,Disodium inosinate,Dinatriuminosinat,Annex II Part B,II-B,02008R1333,18.08.2026,https://eur-lex.europa.eu/legal-content/FR/TXT/PDF/?uri=CELEX:02008R1333-20260818,https://eur-lex.europa.eu/legal-content/NL/TXT/PDF/?uri=CELEX:02008R1333-20260818,https://eur-lex.europa.eu/legal-content/EN/TXT/PDF/?uri=CELEX:02008R1333-20260818,https://eur-lex.europa.eu/legal-content/DE/TXT/PDF/?uri=CELEX:02008R1333-20260818,https://food.ec.europa.eu/food-safety/food-improvement-agents/additives/database_en,COMPLETE_4_LANGUAGES,
E632,Inosinate dipotassique,Dikaliuminosinaat,Dipotassium inosinate,Dikaliuminosinat,Annex II Part B,II-B,02008R1333,18.08.2026,https://eur-lex.europa.eu/legal-content/FR/TXT/PDF/?uri=CELEX:02008R1333-20260818,https://eur-lex.europa.eu/legal-content/NL/TXT/PDF/?uri=CELEX:02008R1333-20260818,https://eur-lex.europa.eu/legal-content/EN/TXT/PDF/?uri=CELEX:02008R1333-20260818,https://eur-lex.europa.eu/legal-content/DE/TXT/PDF/?uri=CELEX:02008R1333-20260818,https://food.ec.europa.eu/food-safety/food-improvement-agents/additives/database_en,COMPLETE_4_LANGUAGES,
E633,Inosinate de calcium,Calciuminosinaat,Calcium inosinate,Calciuminosinat,Annex II Part B,II-B,02008R1333,18.08.2026,https://eur-lex.europa.eu/legal-content/FR/TXT/PDF/?uri=CELEX:02008R1333-20260818,https://eur-lex.europa.eu/legal-content/NL/TXT/PDF/?uri=CELEX:02008R1333-20260818,https://eur-lex.europa.eu/legal-content/EN/TXT/PDF/?uri=CELEX:02008R1333-20260818,https://eur-lex.europa.eu/legal-content/DE/TXT/PDF/?uri=CELEX:02008R1333-20260818,https://food.ec.europa.eu/food-safety/food-improvement-agents/additives/database_en,COMPLETE_4_LANGUAGES,
E634,5′-ribonucléotide calcique,Calcium-5'-ribonucleotiden,Calcium 5′-ribonucleotides,Calcium-5′-ribonucleotid,Annex II Part B,II-B,02008R1333,18.08.2026,https://eur-lex.europa.eu/legal-content/FR/TXT/PDF/?uri=CELEX:02008R1333-20260818,https://eur-lex.europa.eu/legal-content/NL/TXT/PDF/?uri=CELEX:02008R1333-20260818,https://eur-lex.europa.eu/legal-content/EN/TXT/PDF/?uri=CELEX:02008R1333-20260818,https://eur-lex.europa.eu/legal-content/DE/TXT/PDF/?uri=CELEX:02008R1333-20260818,https://food.ec.europa.eu/food-safety/food-improvement-agents/additives/database_en,COMPLETE_4_LANGUAGES,
E635,5′-ribonucléotide disodique,Dinatrium-5'-ribonucleotiden,Disodium 5′-ribonucleotides,Dinatrium-5′-ribonucleotid,Annex II Part B,II-B,02008R1333,18.08.2026,https://eur-lex.europa.eu/legal-content/FR/TXT/PDF/?uri=CELEX:02008R1333-20260818,https://eur-lex.europa.eu/legal-content/NL/TXT/PDF/?uri=CELEX:02008R1333-20260818,https://eur-lex.europa.eu/legal-content/EN/TXT/PDF/?uri=CELEX:02008R1333-20260818,https://eur-lex.europa.eu/legal-content/DE/TXT/PDF/?uri=CELEX:02008R1333-20260818,https://food.ec.europa.eu/food-safety/food-improvement-agents/additives/database_en,COMPLETE_4_LANGUAGES,
E640,Glycine et son sel de sodium,Glycine en natriumglycinaat,Glycine and its sodium salt,Glycin und seine Natriumsalze,Annex II Part B,II-B,02008R1333,18.08.2026,https://eur-lex.europa.eu/legal-content/FR/TXT/PDF/?uri=CELEX:02008R1333-20260818,https://eur-lex.europa.eu/legal-content/NL/TXT/PDF/?uri=CELEX:02008R1333-20260818,https://eur-lex.europa.eu/legal-content/EN/TXT/PDF/?uri=CELEX:02008R1333-20260818,https://eur-lex.europa.eu/legal-content/DE/TXT/PDF/?uri=CELEX:02008R1333-20260818,https://food.ec.europa.eu/food-safety/food-improvement-agents/additives/database_en,COMPLETE_4_LANGUAGES,
E641,L-leucine,L-leucine,L-leucine,L-Leucin,Annex II Part B,II-B,02008R1333,18.08.2026,https://eur-lex.europa.eu/legal-content/FR/TXT/PDF/?uri=CELEX:02008R1333-20260818,https://eur-lex.europa.eu/legal-content/NL/TXT/PDF/?uri=CELEX:02008R1333-20260818,https://eur-lex.europa.eu/legal-content/EN/TXT/PDF/?uri=CELEX:02008R1333-20260818,https://eur-lex.europa.eu/legal-content/DE/TXT/PDF/?uri=CELEX:02008R1333-20260818,https://food.ec.europa.eu/food-safety/food-improvement-agents/additives/database_en,COMPLETE_4_LANGUAGES,
E650,Acétate de zinc,Zinkacetaat,Zinc acetate,Zinkacetat,Annex II Part B,II-B,02008R1333,18.08.2026,https://eur-lex.europa.eu/legal-content/FR/TXT/PDF/?uri=CELEX:02008R1333-20260818,https://eur-lex.europa.eu/legal-content/NL/TXT/PDF/?uri=CELEX:02008R1333-20260818,https://eur-lex.europa.eu/legal-content/EN/TXT/PDF/?uri=CELEX:02008R1333-20260818,https://eur-lex.europa.eu/legal-content/DE/TXT/PDF/?uri=CELEX:02008R1333-20260818,https://food.ec.europa.eu/food-safety/food-improvement-agents/additives/database_en,COMPLETE_4_LANGUAGES,
E900,Diméthylpolysiloxane,Dimethylpolysiloxaan,Dimethyl polysiloxane,Dimethylpolysiloxan,Annex II Part B,II-B,02008R1333,18.08.2026,https://eur-lex.europa.eu/legal-content/FR/TXT/PDF/?uri=CELEX:02008R1333-20260818,https://eur-lex.europa.eu/legal-content/NL/TXT/PDF/?uri=CELEX:02008R1333-20260818,https://eur-lex.europa.eu/legal-content/EN/TXT/PDF/?uri=CELEX:02008R1333-20260818,https://eur-lex.europa.eu/legal-content/DE/TXT/PDF/?uri=CELEX:02008R1333-20260818,https://food.ec.europa.eu/food-safety/food-improvement-agents/additives/database_en,COMPLETE_4_LANGUAGES,
E901,Cire d’abeille blanche et jaune,"Bijenwas, wit en geel","Beeswax, white and yellow","Bienenwachs, weiß und gelb",Annex II Part B,II-B,02008R1333,18.08.2026,https://eur-lex.europa.eu/legal-content/FR/TXT/PDF/?uri=CELEX:02008R1333-20260818,https://eur-lex.europa.eu/legal-content/NL/TXT/PDF/?uri=CELEX:02008R1333-20260818,https://eur-lex.europa.eu/legal-content/EN/TXT/PDF/?uri=CELEX:02008R1333-20260818,https://eur-lex.europa.eu/legal-content/DE/TXT/PDF/?uri=CELEX:02008R1333-20260818,https://food.ec.europa.eu/food-safety/food-improvement-agents/additives/database_en,COMPLETE_4_LANGUAGES,
E902,Cire de candelilla,Candelillawas,Candelilla wax,Candelillawachs,Annex II Part B,II-B,02008R1333,18.08.2026,https://eur-lex.europa.eu/legal-content/FR/TXT/PDF/?uri=CELEX:02008R1333-20260818,https://eur-lex.europa.eu/legal-content/NL/TXT/PDF/?uri=CELEX:02008R1333-20260818,https://eur-lex.europa.eu/legal-content/EN/TXT/PDF/?uri=CELEX:02008R1333-20260818,https://eur-lex.europa.eu/legal-content/DE/TXT/PDF/?uri=CELEX:02008R1333-20260818,https://food.ec.europa.eu/food-safety/food-improvement-agents/additives/database_en,COMPLETE_4_LANGUAGES,
E903,Cire de carnauba,Carnaubawas,Carnauba wax,Carnaubawachs,Annex II Part B,II-B,02008R1333,18.08.2026,https://eur-lex.europa.eu/legal-content/FR/TXT/PDF/?uri=CELEX:02008R1333-20260818,https://eur-lex.europa.eu/legal-content/NL/TXT/PDF/?uri=CELEX:02008R1333-20260818,https://eur-lex.europa.eu/legal-content/EN/TXT/PDF/?uri=CELEX:02008R1333-20260818,https://eur-lex.europa.eu/legal-content/DE/TXT/PDF/?uri=CELEX:02008R1333-20260818,https://food.ec.europa.eu/food-safety/food-improvement-agents/additives/database_en,COMPLETE_4_LANGUAGES,
E904,Shellac,Schellak,Shellac,Schellack,Annex II Part B,II-B,02008R1333,18.08.2026,https://eur-lex.europa.eu/legal-content/FR/TXT/PDF/?uri=CELEX:02008R1333-20260818,https://eur-lex.europa.eu/legal-content/NL/TXT/PDF/?uri=CELEX:02008R1333-20260818,https://eur-lex.europa.eu/legal-content/EN/TXT/PDF/?uri=CELEX:02008R1333-20260818,https://eur-lex.europa.eu/legal-content/DE/TXT/PDF/?uri=CELEX:02008R1333-20260818,https://food.ec.europa.eu/food-safety/food-improvement-agents/additives/database_en,COMPLETE_4_LANGUAGES,
E905,Cire microcristalline,Microkristallijne was,Microcrystalline wax,Mikrokristallines Wachs,Annex II Part B,II-B,02008R1333,18.08.2026,https://eur-lex.europa.eu/legal-content/FR/TXT/PDF/?uri=CELEX:02008R1333-20260818,https://eur-lex.europa.eu/legal-content/NL/TXT/PDF/?uri=CELEX:02008R1333-20260818,https://eur-lex.europa.eu/legal-content/EN/TXT/PDF/?uri=CELEX:02008R1333-20260818,https://eur-lex.europa.eu/legal-content/DE/TXT/PDF/?uri=CELEX:02008R1333-20260818,https://food.ec.europa.eu/food-safety/food-improvement-agents/additives/database_en,COMPLETE_4_LANGUAGES,
E907,Poly-1-décène hydrogéné __________,Gehydrogeneerd poly-1-deceen __________,Hydrogenated poly-1-decene __________,Hydriertes Poly-1-decen __________,Annex II Part B,II-B,02008R1333,18.08.2026,https://eur-lex.europa.eu/legal-content/FR/TXT/PDF/?uri=CELEX:02008R1333-20260818,https://eur-lex.europa.eu/legal-content/NL/TXT/PDF/?uri=CELEX:02008R1333-20260818,https://eur-lex.europa.eu/legal-content/EN/TXT/PDF/?uri=CELEX:02008R1333-20260818,https://eur-lex.europa.eu/legal-content/DE/TXT/PDF/?uri=CELEX:02008R1333-20260818,https://food.ec.europa.eu/food-safety/food-improvement-agents/additives/database_en,COMPLETE_4_LANGUAGES,
E914,Cire de polyéthylène oxydée,Geoxideerde polyethyleenwas,Oxidised polyethylene wax,Polyethylenwachsoxidate,Annex II Part B,II-B,02008R1333,18.08.2026,https://eur-lex.europa.eu/legal-content/FR/TXT/PDF/?uri=CELEX:02008R1333-20260818,https://eur-lex.europa.eu/legal-content/NL/TXT/PDF/?uri=CELEX:02008R1333-20260818,https://eur-lex.europa.eu/legal-content/EN/TXT/PDF/?uri=CELEX:02008R1333-20260818,https://eur-lex.europa.eu/legal-content/DE/TXT/PDF/?uri=CELEX:02008R1333-20260818,https://food.ec.europa.eu/food-safety/food-improvement-agents/additives/database_en,COMPLETE_4_LANGUAGES,
E920,L-cystéine,L-Cysteïne,L-cysteine,L-Cystein,Annex II Part B,II-B,02008R1333,18.08.2026,https://eur-lex.europa.eu/legal-content/FR/TXT/PDF/?uri=CELEX:02008R1333-20260818,https://eur-lex.europa.eu/legal-content/NL/TXT/PDF/?uri=CELEX:02008R1333-20260818,https://eur-lex.europa.eu/legal-content/EN/TXT/PDF/?uri=CELEX:02008R1333-20260818,https://eur-lex.europa.eu/legal-content/DE/TXT/PDF/?uri=CELEX:02008R1333-20260818,https://food.ec.europa.eu/food-safety/food-improvement-agents/additives/database_en,COMPLETE_4_LANGUAGES,
E927b,Carbamide,Carbamide,Carbamide,Carbamid,Annex II Part B,II-B,02008R1333,18.08.2026,https://eur-lex.europa.eu/legal-content/FR/TXT/PDF/?uri=CELEX:02008R1333-20260818,https://eur-lex.europa.eu/legal-content/NL/TXT/PDF/?uri=CELEX:02008R1333-20260818,https://eur-lex.europa.eu/legal-content/EN/TXT/PDF/?uri=CELEX:02008R1333-20260818,https://eur-lex.europa.eu/legal-content/DE/TXT/PDF/?uri=CELEX:02008R1333-20260818,https://food.ec.europa.eu/food-safety/food-improvement-agents/additives/database_en,COMPLETE_4_LANGUAGES,
E938,Argon,Argon,Argon,Argon,Annex II Part B,II-B,02008R1333,18.08.2026,https://eur-lex.europa.eu/legal-content/FR/TXT/PDF/?uri=CELEX:02008R1333-20260818,https://eur-lex.europa.eu/legal-content/NL/TXT/PDF/?uri=CELEX:02008R1333-20260818,https://eur-lex.europa.eu/legal-content/EN/TXT/PDF/?uri=CELEX:02008R1333-20260818,https://eur-lex.europa.eu/legal-content/DE/TXT/PDF/?uri=CELEX:02008R1333-20260818,https://food.ec.europa.eu/food-safety/food-improvement-agents/additives/database_en,COMPLETE_4_LANGUAGES,
E939,Hélium,Helium,Helium,Helium,Annex II Part B,II-B,02008R1333,18.08.2026,https://eur-lex.europa.eu/legal-content/FR/TXT/PDF/?uri=CELEX:02008R1333-20260818,https://eur-lex.europa.eu/legal-content/NL/TXT/PDF/?uri=CELEX:02008R1333-20260818,https://eur-lex.europa.eu/legal-content/EN/TXT/PDF/?uri=CELEX:02008R1333-20260818,https://eur-lex.europa.eu/legal-content/DE/TXT/PDF/?uri=CELEX:02008R1333-20260818,https://food.ec.europa.eu/food-safety/food-improvement-agents/additives/database_en,COMPLETE_4_LANGUAGES,
E941,Azote,Stikstof,Nitrogen,Stickstoff E-Nummer Bezeichnung,Annex II Part B,II-B,02008R1333,18.08.2026,https://eur-lex.europa.eu/legal-content/FR/TXT/PDF/?uri=CELEX:02008R1333-20260818,https://eur-lex.europa.eu/legal-content/NL/TXT/PDF/?uri=CELEX:02008R1333-20260818,https://eur-lex.europa.eu/legal-content/EN/TXT/PDF/?uri=CELEX:02008R1333-20260818,https://eur-lex.europa.eu/legal-content/DE/TXT/PDF/?uri=CELEX:02008R1333-20260818,https://food.ec.europa.eu/food-safety/food-improvement-agents/additives/database_en,COMPLETE_4_LANGUAGES,
E942,Protoxyde d’azote,Distikstofoxide,Nitrous oxide,Distickstoffoxid,Annex II Part B,II-B,02008R1333,18.08.2026,https://eur-lex.europa.eu/legal-content/FR/TXT/PDF/?uri=CELEX:02008R1333-20260818,https://eur-lex.europa.eu/legal-content/NL/TXT/PDF/?uri=CELEX:02008R1333-20260818,https://eur-lex.europa.eu/legal-content/EN/TXT/PDF/?uri=CELEX:02008R1333-20260818,https://eur-lex.europa.eu/legal-content/DE/TXT/PDF/?uri=CELEX:02008R1333-20260818,https://food.ec.europa.eu/food-safety/food-improvement-agents/additives/database_en,COMPLETE_4_LANGUAGES,
E943a,Butane,Butaan,Butane,Butan,Annex II Part B,II-B,02008R1333,18.08.2026,https://eur-lex.europa.eu/legal-content/FR/TXT/PDF/?uri=CELEX:02008R1333-20260818,https://eur-lex.europa.eu/legal-content/NL/TXT/PDF/?uri=CELEX:02008R1333-20260818,https://eur-lex.europa.eu/legal-content/EN/TXT/PDF/?uri=CELEX:02008R1333-20260818,https://eur-lex.europa.eu/legal-content/DE/TXT/PDF/?uri=CELEX:02008R1333-20260818,https://food.ec.europa.eu/food-safety/food-improvement-agents/additives/database_en,COMPLETE_4_LANGUAGES,
E943b,Isobutane,Isobutaan,Isobutane,Isobutan,Annex II Part B,II-B,02008R1333,18.08.2026,https://eur-lex.europa.eu/legal-content/FR/TXT/PDF/?uri=CELEX:02008R1333-20260818,https://eur-lex.europa.eu/legal-content/NL/TXT/PDF/?uri=CELEX:02008R1333-20260818,https://eur-lex.europa.eu/legal-content/EN/TXT/PDF/?uri=CELEX:02008R1333-20260818,https://eur-lex.europa.eu/legal-content/DE/TXT/PDF/?uri=CELEX:02008R1333-20260818,https://food.ec.europa.eu/food-safety/food-improvement-agents/additives/database_en,COMPLETE_4_LANGUAGES,
E944,Propane,Propaan,Propane,Propan,Annex II Part B,II-B,02008R1333,18.08.2026,https://eur-lex.europa.eu/legal-content/FR/TXT/PDF/?uri=CELEX:02008R1333-20260818,https://eur-lex.europa.eu/legal-content/NL/TXT/PDF/?uri=CELEX:02008R1333-20260818,https://eur-lex.europa.eu/legal-content/EN/TXT/PDF/?uri=CELEX:02008R1333-20260818,https://eur-lex.europa.eu/legal-content/DE/TXT/PDF/?uri=CELEX:02008R1333-20260818,https://food.ec.europa.eu/food-safety/food-improvement-agents/additives/database_en,COMPLETE_4_LANGUAGES,
E948,Oxygène,Zuurstof,Oxygen,Sauerstoff,Annex II Part B,II-B,02008R1333,18.08.2026,https://eur-lex.europa.eu/legal-content/FR/TXT/PDF/?uri=CELEX:02008R1333-20260818,https://eur-lex.europa.eu/legal-content/NL/TXT/PDF/?uri=CELEX:02008R1333-20260818,https://eur-lex.europa.eu/legal-content/EN/TXT/PDF/?uri=CELEX:02008R1333-20260818,https://eur-lex.europa.eu/legal-content/DE/TXT/PDF/?uri=CELEX:02008R1333-20260818,https://food.ec.europa.eu/food-safety/food-improvement-agents/additives/database_en,COMPLETE_4_LANGUAGES,
E949,Hydrogène,Waterstof,Hydrogen,Wasserstoff,Annex II Part B,II-B,02008R1333,18.08.2026,https://eur-lex.europa.eu/legal-content/FR/TXT/PDF/?uri=CELEX:02008R1333-20260818,https://eur-lex.europa.eu/legal-content/NL/TXT/PDF/?uri=CELEX:02008R1333-20260818,https://eur-lex.europa.eu/legal-content/EN/TXT/PDF/?uri=CELEX:02008R1333-20260818,https://eur-lex.europa.eu/legal-content/DE/TXT/PDF/?uri=CELEX:02008R1333-20260818,https://food.ec.europa.eu/food-safety/food-improvement-agents/additives/database_en,COMPLETE_4_LANGUAGES,
E950,Acésulfame-K,Acesulfaam-K,Acesulfame K,Acesulfam K,Annex II Part B,II-B,02008R1333,18.08.2026,https://eur-lex.europa.eu/legal-content/FR/TXT/PDF/?uri=CELEX:02008R1333-20260818,https://eur-lex.europa.eu/legal-content/NL/TXT/PDF/?uri=CELEX:02008R1333-20260818,https://eur-lex.europa.eu/legal-content/EN/TXT/PDF/?uri=CELEX:02008R1333-20260818,https://eur-lex.europa.eu/legal-content/DE/TXT/PDF/?uri=CELEX:02008R1333-20260818,https://food.ec.europa.eu/food-safety/food-improvement-agents/additives/database_en,COMPLETE_4_LANGUAGES,
E951,Aspartame,Aspartaam,Aspartame,Aspartam,Annex II Part B,II-B,02008R1333,18.08.2026,https://eur-lex.europa.eu/legal-content/FR/TXT/PDF/?uri=CELEX:02008R1333-20260818,https://eur-lex.europa.eu/legal-content/NL/TXT/PDF/?uri=CELEX:02008R1333-20260818,https://eur-lex.europa.eu/legal-content/EN/TXT/PDF/?uri=CELEX:02008R1333-20260818,https://eur-lex.europa.eu/legal-content/DE/TXT/PDF/?uri=CELEX:02008R1333-20260818,https://food.ec.europa.eu/food-safety/food-improvement-agents/additives/database_en,COMPLETE_4_LANGUAGES,
E952,Cyclamates,Cyclamaten,Cyclamates,Cyclamat,Annex II Part B,II-B,02008R1333,18.08.2026,https://eur-lex.europa.eu/legal-content/FR/TXT/PDF/?uri=CELEX:02008R1333-20260818,https://eur-lex.europa.eu/legal-content/NL/TXT/PDF/?uri=CELEX:02008R1333-20260818,https://eur-lex.europa.eu/legal-content/EN/TXT/PDF/?uri=CELEX:02008R1333-20260818,https://eur-lex.europa.eu/legal-content/DE/TXT/PDF/?uri=CELEX:02008R1333-20260818,https://food.ec.europa.eu/food-safety/food-improvement-agents/additives/database_en,COMPLETE_4_LANGUAGES,
E953,Isomalt,Isomalt,Isomalt,Isomalt,Annex II Part B,II-B,02008R1333,18.08.2026,https://eur-lex.europa.eu/legal-content/FR/TXT/PDF/?uri=CELEX:02008R1333-20260818,https://eur-lex.europa.eu/legal-content/NL/TXT/PDF/?uri=CELEX:02008R1333-20260818,https://eur-lex.europa.eu/legal-content/EN/TXT/PDF/?uri=CELEX:02008R1333-20260818,https://eur-lex.europa.eu/legal-content/DE/TXT/PDF/?uri=CELEX:02008R1333-20260818,https://food.ec.europa.eu/food-safety/food-improvement-agents/additives/database_en,COMPLETE_4_LANGUAGES,
E954,Saccharines,Sacharinen,Saccharins,Saccharin,Annex II Part B,II-B,02008R1333,18.08.2026,https://eur-lex.europa.eu/legal-content/FR/TXT/PDF/?uri=CELEX:02008R1333-20260818,https://eur-lex.europa.eu/legal-content/NL/TXT/PDF/?uri=CELEX:02008R1333-20260818,https://eur-lex.europa.eu/legal-content/EN/TXT/PDF/?uri=CELEX:02008R1333-20260818,https://eur-lex.europa.eu/legal-content/DE/TXT/PDF/?uri=CELEX:02008R1333-20260818,https://food.ec.europa.eu/food-safety/food-improvement-agents/additives/database_en,COMPLETE_4_LANGUAGES,
E955,Sucralose,Sucralose,Sucralose,Sucralose,Annex II Part B,II-B,02008R1333,18.08.2026,https://eur-lex.europa.eu/legal-content/FR/TXT/PDF/?uri=CELEX:02008R1333-20260818,https://eur-lex.europa.eu/legal-content/NL/TXT/PDF/?uri=CELEX:02008R1333-20260818,https://eur-lex.europa.eu/legal-content/EN/TXT/PDF/?uri=CELEX:02008R1333-20260818,https://eur-lex.europa.eu/legal-content/DE/TXT/PDF/?uri=CELEX:02008R1333-20260818,https://food.ec.europa.eu/food-safety/food-improvement-agents/additives/database_en,COMPLETE_4_LANGUAGES,
E957,Thaumatine,Thaumatine,Thaumatin,Thaumatin,Annex II Part B,II-B,02008R1333,18.08.2026,https://eur-lex.europa.eu/legal-content/FR/TXT/PDF/?uri=CELEX:02008R1333-20260818,https://eur-lex.europa.eu/legal-content/NL/TXT/PDF/?uri=CELEX:02008R1333-20260818,https://eur-lex.europa.eu/legal-content/EN/TXT/PDF/?uri=CELEX:02008R1333-20260818,https://eur-lex.europa.eu/legal-content/DE/TXT/PDF/?uri=CELEX:02008R1333-20260818,https://food.ec.europa.eu/food-safety/food-improvement-agents/additives/database_en,COMPLETE_4_LANGUAGES,
E959,Néohespéridine DC,Neohesperidine-DC,Neohesperidine DC,Neohesperidin DC,Annex II Part B,II-B,02008R1333,18.08.2026,https://eur-lex.europa.eu/legal-content/FR/TXT/PDF/?uri=CELEX:02008R1333-20260818,https://eur-lex.europa.eu/legal-content/NL/TXT/PDF/?uri=CELEX:02008R1333-20260818,https://eur-lex.europa.eu/legal-content/EN/TXT/PDF/?uri=CELEX:02008R1333-20260818,https://eur-lex.europa.eu/legal-content/DE/TXT/PDF/?uri=CELEX:02008R1333-20260818,https://food.ec.europa.eu/food-safety/food-improvement-agents/additives/database_en,COMPLETE_4_LANGUAGES,
E960a,Glycosides de stéviol issus de  Stevia,Steviolglycosiden uit Stevia,Steviol glycosides from Stevia,Steviolglycoside aus Stevia,Annex II Part B,II-B,02008R1333,18.08.2026,https://eur-lex.europa.eu/legal-content/FR/TXT/PDF/?uri=CELEX:02008R1333-20260818,https://eur-lex.europa.eu/legal-content/NL/TXT/PDF/?uri=CELEX:02008R1333-20260818,https://eur-lex.europa.eu/legal-content/EN/TXT/PDF/?uri=CELEX:02008R1333-20260818,https://eur-lex.europa.eu/legal-content/DE/TXT/PDF/?uri=CELEX:02008R1333-20260818,https://food.ec.europa.eu/food-safety/food-improvement-agents/additives/database_en,COMPLETE_4_LANGUAGES,
E960b,Glycosides de stéviol produits par fermentation,Steviolglycosiden uit fermentatie,Steviol glycosides from fermentation,Steviolglycoside aus Fermentation,Annex II Part B,II-B,02008R1333,18.08.2026,https://eur-lex.europa.eu/legal-content/FR/TXT/PDF/?uri=CELEX:02008R1333-20260818,https://eur-lex.europa.eu/legal-content/NL/TXT/PDF/?uri=CELEX:02008R1333-20260818,https://eur-lex.europa.eu/legal-content/EN/TXT/PDF/?uri=CELEX:02008R1333-20260818,https://eur-lex.europa.eu/legal-content/DE/TXT/PDF/?uri=CELEX:02008R1333-20260818,https://food.ec.europa.eu/food-safety/food-improvement-agents/additives/database_en,COMPLETE_4_LANGUAGES,structural_continuation_recovered
E960c,Glycosides de stéviol produits par voie enzymatique,Enzymatisch geproduceerde steviolglycosiden,Enzymatically produced steviol glycosides,Enzymatisch hergestellte Steviolglycoside,Annex II Part B,II-B,02008R1333,18.08.2026,https://eur-lex.europa.eu/legal-content/FR/TXT/PDF/?uri=CELEX:02008R1333-20260818,https://eur-lex.europa.eu/legal-content/NL/TXT/PDF/?uri=CELEX:02008R1333-20260818,https://eur-lex.europa.eu/legal-content/EN/TXT/PDF/?uri=CELEX:02008R1333-20260818,https://eur-lex.europa.eu/legal-content/DE/TXT/PDF/?uri=CELEX:02008R1333-20260818,https://food.ec.europa.eu/food-safety/food-improvement-agents/additives/database_en,COMPLETE_4_LANGUAGES,
E960d,►C5 Glycosides de stéviol glucosylés ◄,Geglucosyleerde steviolglycosiden,Glucosylated steviol glycosides,Glycosylierte Steviolglycoside,Annex II Part B,II-B,02008R1333,18.08.2026,https://eur-lex.europa.eu/legal-content/FR/TXT/PDF/?uri=CELEX:02008R1333-20260818,https://eur-lex.europa.eu/legal-content/NL/TXT/PDF/?uri=CELEX:02008R1333-20260818,https://eur-lex.europa.eu/legal-content/EN/TXT/PDF/?uri=CELEX:02008R1333-20260818,https://eur-lex.europa.eu/legal-content/DE/TXT/PDF/?uri=CELEX:02008R1333-20260818,https://food.ec.europa.eu/food-safety/food-improvement-agents/additives/database_en,COMPLETE_4_LANGUAGES,
E961,Néotame,Neotaam,Neotame,Neotam,Annex II Part B,II-B,02008R1333,18.08.2026,https://eur-lex.europa.eu/legal-content/FR/TXT/PDF/?uri=CELEX:02008R1333-20260818,https://eur-lex.europa.eu/legal-content/NL/TXT/PDF/?uri=CELEX:02008R1333-20260818,https://eur-lex.europa.eu/legal-content/EN/TXT/PDF/?uri=CELEX:02008R1333-20260818,https://eur-lex.europa.eu/legal-content/DE/TXT/PDF/?uri=CELEX:02008R1333-20260818,https://food.ec.europa.eu/food-safety/food-improvement-agents/additives/database_en,COMPLETE_4_LANGUAGES,
E962,Sel d’aspartame-acésulfame,Aspartaam-acesulfaamzout,Salt of aspartame-acesulfame,Aspartam-Acesulfamsalz,Annex II Part B,II-B,02008R1333,18.08.2026,https://eur-lex.europa.eu/legal-content/FR/TXT/PDF/?uri=CELEX:02008R1333-20260818,https://eur-lex.europa.eu/legal-content/NL/TXT/PDF/?uri=CELEX:02008R1333-20260818,https://eur-lex.europa.eu/legal-content/EN/TXT/PDF/?uri=CELEX:02008R1333-20260818,https://eur-lex.europa.eu/legal-content/DE/TXT/PDF/?uri=CELEX:02008R1333-20260818,https://food.ec.europa.eu/food-safety/food-improvement-agents/additives/database_en,COMPLETE_4_LANGUAGES,
E964,Sirop de polyglycitol,Polyglycitolstroop,Polyglycitol syrup,Polyglycitolsirup,Annex II Part B,II-B,02008R1333,18.08.2026,https://eur-lex.europa.eu/legal-content/FR/TXT/PDF/?uri=CELEX:02008R1333-20260818,https://eur-lex.europa.eu/legal-content/NL/TXT/PDF/?uri=CELEX:02008R1333-20260818,https://eur-lex.europa.eu/legal-content/EN/TXT/PDF/?uri=CELEX:02008R1333-20260818,https://eur-lex.europa.eu/legal-content/DE/TXT/PDF/?uri=CELEX:02008R1333-20260818,https://food.ec.europa.eu/food-safety/food-improvement-agents/additives/database_en,COMPLETE_4_LANGUAGES,
E965,Maltitols,Maltitolen,Maltitols,Maltit E-Nummer Bezeichnung,Annex II Part B,II-B,02008R1333,18.08.2026,https://eur-lex.europa.eu/legal-content/FR/TXT/PDF/?uri=CELEX:02008R1333-20260818,https://eur-lex.europa.eu/legal-content/NL/TXT/PDF/?uri=CELEX:02008R1333-20260818,https://eur-lex.europa.eu/legal-content/EN/TXT/PDF/?uri=CELEX:02008R1333-20260818,https://eur-lex.europa.eu/legal-content/DE/TXT/PDF/?uri=CELEX:02008R1333-20260818,https://food.ec.europa.eu/food-safety/food-improvement-agents/additives/database_en,COMPLETE_4_LANGUAGES,
E966,Lactitol,Lactitol,Lactitol,Lactit,Annex II Part B,II-B,02008R1333,18.08.2026,https://eur-lex.europa.eu/legal-content/FR/TXT/PDF/?uri=CELEX:02008R1333-20260818,https://eur-lex.europa.eu/legal-content/NL/TXT/PDF/?uri=CELEX:02008R1333-20260818,https://eur-lex.europa.eu/legal-content/EN/TXT/PDF/?uri=CELEX:02008R1333-20260818,https://eur-lex.europa.eu/legal-content/DE/TXT/PDF/?uri=CELEX:02008R1333-20260818,https://food.ec.europa.eu/food-safety/food-improvement-agents/additives/database_en,COMPLETE_4_LANGUAGES,
E967,Xylitol,Xylitol,Xylitol,Xylit,Annex II Part B,II-B,02008R1333,18.08.2026,https://eur-lex.europa.eu/legal-content/FR/TXT/PDF/?uri=CELEX:02008R1333-20260818,https://eur-lex.europa.eu/legal-content/NL/TXT/PDF/?uri=CELEX:02008R1333-20260818,https://eur-lex.europa.eu/legal-content/EN/TXT/PDF/?uri=CELEX:02008R1333-20260818,https://eur-lex.europa.eu/legal-content/DE/TXT/PDF/?uri=CELEX:02008R1333-20260818,https://food.ec.europa.eu/food-safety/food-improvement-agents/additives/database_en,COMPLETE_4_LANGUAGES,
E968,Érythritol,Erytritol,Erythritol,Erythrit,Annex II Part B,II-B,02008R1333,18.08.2026,https://eur-lex.europa.eu/legal-content/FR/TXT/PDF/?uri=CELEX:02008R1333-20260818,https://eur-lex.europa.eu/legal-content/NL/TXT/PDF/?uri=CELEX:02008R1333-20260818,https://eur-lex.europa.eu/legal-content/EN/TXT/PDF/?uri=CELEX:02008R1333-20260818,https://eur-lex.europa.eu/legal-content/DE/TXT/PDF/?uri=CELEX:02008R1333-20260818,https://food.ec.europa.eu/food-safety/food-improvement-agents/additives/database_en,COMPLETE_4_LANGUAGES,
E969,Advantame 3. Additifs autres que les colorants et les édulcorants,Advantaam 3. Andere additieven dan kleurstoffen en zoetstoffen,Advantame 3. Additives other than colours and sweeteners,Advantam 3. Andere Zusatzstoffe als Farbstoffe und Süßungsmittel E-Nummer Bezeichnung,Annex II Part B,II-B,02008R1333,18.08.2026,https://eur-lex.europa.eu/legal-content/FR/TXT/PDF/?uri=CELEX:02008R1333-20260818,https://eur-lex.europa.eu/legal-content/NL/TXT/PDF/?uri=CELEX:02008R1333-20260818,https://eur-lex.europa.eu/legal-content/EN/TXT/PDF/?uri=CELEX:02008R1333-20260818,https://eur-lex.europa.eu/legal-content/DE/TXT/PDF/?uri=CELEX:02008R1333-20260818,https://food.ec.europa.eu/food-safety/food-improvement-agents/additives/database_en,COMPLETE_4_LANGUAGES,
E999,Extraits de quillaia,Quillaja-extract,Quillaia extract,Quillajaextrakt,Annex II Part B,II-B,02008R1333,18.08.2026,https://eur-lex.europa.eu/legal-content/FR/TXT/PDF/?uri=CELEX:02008R1333-20260818,https://eur-lex.europa.eu/legal-content/NL/TXT/PDF/?uri=CELEX:02008R1333-20260818,https://eur-lex.europa.eu/legal-content/EN/TXT/PDF/?uri=CELEX:02008R1333-20260818,https://eur-lex.europa.eu/legal-content/DE/TXT/PDF/?uri=CELEX:02008R1333-20260818,https://food.ec.europa.eu/food-safety/food-improvement-agents/additives/database_en,COMPLETE_4_LANGUAGES,
E1103,Invertase,Invertase,Invertase,Invertase,Annex II Part B,II-B,02008R1333,18.08.2026,https://eur-lex.europa.eu/legal-content/FR/TXT/PDF/?uri=CELEX:02008R1333-20260818,https://eur-lex.europa.eu/legal-content/NL/TXT/PDF/?uri=CELEX:02008R1333-20260818,https://eur-lex.europa.eu/legal-content/EN/TXT/PDF/?uri=CELEX:02008R1333-20260818,https://eur-lex.europa.eu/legal-content/DE/TXT/PDF/?uri=CELEX:02008R1333-20260818,https://food.ec.europa.eu/food-safety/food-improvement-agents/additives/database_en,COMPLETE_4_LANGUAGES,
E1105,Lysozyme,Lysozym,Lysozyme,Lysozym,Annex II Part B,II-B,02008R1333,18.08.2026,https://eur-lex.europa.eu/legal-content/FR/TXT/PDF/?uri=CELEX:02008R1333-20260818,https://eur-lex.europa.eu/legal-content/NL/TXT/PDF/?uri=CELEX:02008R1333-20260818,https://eur-lex.europa.eu/legal-content/EN/TXT/PDF/?uri=CELEX:02008R1333-20260818,https://eur-lex.europa.eu/legal-content/DE/TXT/PDF/?uri=CELEX:02008R1333-20260818,https://food.ec.europa.eu/food-safety/food-improvement-agents/additives/database_en,COMPLETE_4_LANGUAGES,
E1200,Polydextrose,Polydextrose,Polydextrose,Polydextrose,Annex II Part B,II-B,02008R1333,18.08.2026,https://eur-lex.europa.eu/legal-content/FR/TXT/PDF/?uri=CELEX:02008R1333-20260818,https://eur-lex.europa.eu/legal-content/NL/TXT/PDF/?uri=CELEX:02008R1333-20260818,https://eur-lex.europa.eu/legal-content/EN/TXT/PDF/?uri=CELEX:02008R1333-20260818,https://eur-lex.europa.eu/legal-content/DE/TXT/PDF/?uri=CELEX:02008R1333-20260818,https://food.ec.europa.eu/food-safety/food-improvement-agents/additives/database_en,COMPLETE_4_LANGUAGES,
E1201,Polyvinylpyrrolidone,Polyvinylpyrrolidon,Polyvinylpyrrolidone,Polyvinylpyrrolidon,Annex II Part B,II-B,02008R1333,18.08.2026,https://eur-lex.europa.eu/legal-content/FR/TXT/PDF/?uri=CELEX:02008R1333-20260818,https://eur-lex.europa.eu/legal-content/NL/TXT/PDF/?uri=CELEX:02008R1333-20260818,https://eur-lex.europa.eu/legal-content/EN/TXT/PDF/?uri=CELEX:02008R1333-20260818,https://eur-lex.europa.eu/legal-content/DE/TXT/PDF/?uri=CELEX:02008R1333-20260818,https://food.ec.europa.eu/food-safety/food-improvement-agents/additives/database_en,COMPLETE_4_LANGUAGES,
E1202,Polyvinylpolypyrrolidone,Polyvinylpolypyrrolidon,Polyvinylpolypyrrolidone,Polyvinylpolypyrrolidon,Annex II Part B,II-B,02008R1333,18.08.2026,https://eur-lex.europa.eu/legal-content/FR/TXT/PDF/?uri=CELEX:02008R1333-20260818,https://eur-lex.europa.eu/legal-content/NL/TXT/PDF/?uri=CELEX:02008R1333-20260818,https://eur-lex.europa.eu/legal-content/EN/TXT/PDF/?uri=CELEX:02008R1333-20260818,https://eur-lex.europa.eu/legal-content/DE/TXT/PDF/?uri=CELEX:02008R1333-20260818,https://food.ec.europa.eu/food-safety/food-improvement-agents/additives/database_en,COMPLETE_4_LANGUAGES,
E1203,Alcool polyvinylique (APV),Polyvinylalcohol (PVA),Polyvinyl alcohol (PVA),Polyvinylalkohol (PVA),Annex II Part B,II-B,02008R1333,18.08.2026,https://eur-lex.europa.eu/legal-content/FR/TXT/PDF/?uri=CELEX:02008R1333-20260818,https://eur-lex.europa.eu/legal-content/NL/TXT/PDF/?uri=CELEX:02008R1333-20260818,https://eur-lex.europa.eu/legal-content/EN/TXT/PDF/?uri=CELEX:02008R1333-20260818,https://eur-lex.europa.eu/legal-content/DE/TXT/PDF/?uri=CELEX:02008R1333-20260818,https://food.ec.europa.eu/food-safety/food-improvement-agents/additives/database_en,COMPLETE_4_LANGUAGES,
E1204,Pullulan,Pullulan,Pullulan,Pullulan,Annex II Part B,II-B,02008R1333,18.08.2026,https://eur-lex.europa.eu/legal-content/FR/TXT/PDF/?uri=CELEX:02008R1333-20260818,https://eur-lex.europa.eu/legal-content/NL/TXT/PDF/?uri=CELEX:02008R1333-20260818,https://eur-lex.europa.eu/legal-content/EN/TXT/PDF/?uri=CELEX:02008R1333-20260818,https://eur-lex.europa.eu/legal-content/DE/TXT/PDF/?uri=CELEX:02008R1333-20260818,https://food.ec.europa.eu/food-safety/food-improvement-agents/additives/database_en,COMPLETE_4_LANGUAGES,
E1205,Copolymère méthacrylate basique,Basisch methacrylaatcopolymeer,Basic methacrylate copolymer,Basisches Methacrylat-Copolymer,Annex II Part B,II-B,02008R1333,18.08.2026,https://eur-lex.europa.eu/legal-content/FR/TXT/PDF/?uri=CELEX:02008R1333-20260818,https://eur-lex.europa.eu/legal-content/NL/TXT/PDF/?uri=CELEX:02008R1333-20260818,https://eur-lex.europa.eu/legal-content/EN/TXT/PDF/?uri=CELEX:02008R1333-20260818,https://eur-lex.europa.eu/legal-content/DE/TXT/PDF/?uri=CELEX:02008R1333-20260818,https://food.ec.europa.eu/food-safety/food-improvement-agents/additives/database_en,COMPLETE_4_LANGUAGES,
E1206,Copolymère de méthacrylate neutre,Neutraal methacrylaatcopolymeer,Neutral methacrylate copolymer,Neutrales Methacrylat-Copolymer,Annex II Part B,II-B,02008R1333,18.08.2026,https://eur-lex.europa.eu/legal-content/FR/TXT/PDF/?uri=CELEX:02008R1333-20260818,https://eur-lex.europa.eu/legal-content/NL/TXT/PDF/?uri=CELEX:02008R1333-20260818,https://eur-lex.europa.eu/legal-content/EN/TXT/PDF/?uri=CELEX:02008R1333-20260818,https://eur-lex.europa.eu/legal-content/DE/TXT/PDF/?uri=CELEX:02008R1333-20260818,https://food.ec.europa.eu/food-safety/food-improvement-agents/additives/database_en,COMPLETE_4_LANGUAGES,
E1207,Copolymère de méthacrylate anionique,Anionisch methacrylaatcopolymeer,Anionic methacrylate copolymer,Anionisches Methacrylat-Copolymer,Annex II Part B,II-B,02008R1333,18.08.2026,https://eur-lex.europa.eu/legal-content/FR/TXT/PDF/?uri=CELEX:02008R1333-20260818,https://eur-lex.europa.eu/legal-content/NL/TXT/PDF/?uri=CELEX:02008R1333-20260818,https://eur-lex.europa.eu/legal-content/EN/TXT/PDF/?uri=CELEX:02008R1333-20260818,https://eur-lex.europa.eu/legal-content/DE/TXT/PDF/?uri=CELEX:02008R1333-20260818,https://food.ec.europa.eu/food-safety/food-improvement-agents/additives/database_en,COMPLETE_4_LANGUAGES,
E1208,Copolymère d’acétate de vinyle et de polyvinylpyrrolidone,Polyvinylpyrrolidon-vinylacetaatcopolymeer,Polyvinylpyrrolidone-vinyl acetate copolymer,Polyvinylpyrrolidon-Vinylacetat-Copolymer,Annex II Part B,II-B,02008R1333,18.08.2026,https://eur-lex.europa.eu/legal-content/FR/TXT/PDF/?uri=CELEX:02008R1333-20260818,https://eur-lex.europa.eu/legal-content/NL/TXT/PDF/?uri=CELEX:02008R1333-20260818,https://eur-lex.europa.eu/legal-content/EN/TXT/PDF/?uri=CELEX:02008R1333-20260818,https://eur-lex.europa.eu/legal-content/DE/TXT/PDF/?uri=CELEX:02008R1333-20260818,https://food.ec.europa.eu/food-safety/food-improvement-agents/additives/database_en,COMPLETE_4_LANGUAGES,
E1209,Copolymère  greffé  d'alcool polyvinylique et de polyéthylèneglycol,Polyvinylalcohol-polyethyleenglycol-entcopolymeer,Polyvinyl alcohol-polyethylene glycol- graft-co-polymer,Polyvinyl alcohol-polyethylene glycol- graft-co-polymer,Annex II Part B,II-B,02008R1333,18.08.2026,https://eur-lex.europa.eu/legal-content/FR/TXT/PDF/?uri=CELEX:02008R1333-20260818,https://eur-lex.europa.eu/legal-content/NL/TXT/PDF/?uri=CELEX:02008R1333-20260818,https://eur-lex.europa.eu/legal-content/EN/TXT/PDF/?uri=CELEX:02008R1333-20260818,https://eur-lex.europa.eu/legal-content/DE/TXT/PDF/?uri=CELEX:02008R1333-20260818,https://food.ec.europa.eu/food-safety/food-improvement-agents/additives/database_en,COMPLETE_4_LANGUAGES,
E1210,Carbomère,Carbomer,Carbomer,Carbomer,Annex II Part B,II-B,02008R1333,18.08.2026,https://eur-lex.europa.eu/legal-content/FR/TXT/PDF/?uri=CELEX:02008R1333-20260818,https://eur-lex.europa.eu/legal-content/NL/TXT/PDF/?uri=CELEX:02008R1333-20260818,https://eur-lex.europa.eu/legal-content/EN/TXT/PDF/?uri=CELEX:02008R1333-20260818,https://eur-lex.europa.eu/legal-content/DE/TXT/PDF/?uri=CELEX:02008R1333-20260818,https://food.ec.europa.eu/food-safety/food-improvement-agents/additives/database_en,COMPLETE_4_LANGUAGES,
E1404,Amidon oxydé,Geoxideerd zetmeel,Oxidised starch,Oxidierte Stärke,Annex II Part B,II-B,02008R1333,18.08.2026,https://eur-lex.europa.eu/legal-content/FR/TXT/PDF/?uri=CELEX:02008R1333-20260818,https://eur-lex.europa.eu/legal-content/NL/TXT/PDF/?uri=CELEX:02008R1333-20260818,https://eur-lex.europa.eu/legal-content/EN/TXT/PDF/?uri=CELEX:02008R1333-20260818,https://eur-lex.europa.eu/legal-content/DE/TXT/PDF/?uri=CELEX:02008R1333-20260818,https://food.ec.europa.eu/food-safety/food-improvement-agents/additives/database_en,COMPLETE_4_LANGUAGES,
E1410,Phosphate de monoamidon,Monozetmeelfosfaat,Monostarch phosphate,Monostärkephosphat,Annex II Part B,II-B,02008R1333,18.08.2026,https://eur-lex.europa.eu/legal-content/FR/TXT/PDF/?uri=CELEX:02008R1333-20260818,https://eur-lex.europa.eu/legal-content/NL/TXT/PDF/?uri=CELEX:02008R1333-20260818,https://eur-lex.europa.eu/legal-content/EN/TXT/PDF/?uri=CELEX:02008R1333-20260818,https://eur-lex.europa.eu/legal-content/DE/TXT/PDF/?uri=CELEX:02008R1333-20260818,https://food.ec.europa.eu/food-safety/food-improvement-agents/additives/database_en,COMPLETE_4_LANGUAGES,
E1412,Phosphate de diamidon,Dizetmeelfosfaat,Distarch phosphate,Distärkephosphat,Annex II Part B,II-B,02008R1333,18.08.2026,https://eur-lex.europa.eu/legal-content/FR/TXT/PDF/?uri=CELEX:02008R1333-20260818,https://eur-lex.europa.eu/legal-content/NL/TXT/PDF/?uri=CELEX:02008R1333-20260818,https://eur-lex.europa.eu/legal-content/EN/TXT/PDF/?uri=CELEX:02008R1333-20260818,https://eur-lex.europa.eu/legal-content/DE/TXT/PDF/?uri=CELEX:02008R1333-20260818,https://food.ec.europa.eu/food-safety/food-improvement-agents/additives/database_en,COMPLETE_4_LANGUAGES,
E1413,Phosphate de diamidon phosphaté,Gefosfateerd dizetmeelfosfaat,Phosphated distarch phosphate,Phosphatiertes Distärkephosphat,Annex II Part B,II-B,02008R1333,18.08.2026,https://eur-lex.europa.eu/legal-content/FR/TXT/PDF/?uri=CELEX:02008R1333-20260818,https://eur-lex.europa.eu/legal-content/NL/TXT/PDF/?uri=CELEX:02008R1333-20260818,https://eur-lex.europa.eu/legal-content/EN/TXT/PDF/?uri=CELEX:02008R1333-20260818,https://eur-lex.europa.eu/legal-content/DE/TXT/PDF/?uri=CELEX:02008R1333-20260818,https://food.ec.europa.eu/food-safety/food-improvement-agents/additives/database_en,COMPLETE_4_LANGUAGES,
E1414,Phosphate de diamidon acétylé,Geacetyleerd dizetmeelfosfaat,Acetylated distarch phosphate,Acetyliertes Distärkephosphat,Annex II Part B,II-B,02008R1333,18.08.2026,https://eur-lex.europa.eu/legal-content/FR/TXT/PDF/?uri=CELEX:02008R1333-20260818,https://eur-lex.europa.eu/legal-content/NL/TXT/PDF/?uri=CELEX:02008R1333-20260818,https://eur-lex.europa.eu/legal-content/EN/TXT/PDF/?uri=CELEX:02008R1333-20260818,https://eur-lex.europa.eu/legal-content/DE/TXT/PDF/?uri=CELEX:02008R1333-20260818,https://food.ec.europa.eu/food-safety/food-improvement-agents/additives/database_en,COMPLETE_4_LANGUAGES,
E1420,Amidon acétylé,Geacetyleerd zetmeel,Acetylated starch,Acetylierte Stärke,Annex II Part B,II-B,02008R1333,18.08.2026,https://eur-lex.europa.eu/legal-content/FR/TXT/PDF/?uri=CELEX:02008R1333-20260818,https://eur-lex.europa.eu/legal-content/NL/TXT/PDF/?uri=CELEX:02008R1333-20260818,https://eur-lex.europa.eu/legal-content/EN/TXT/PDF/?uri=CELEX:02008R1333-20260818,https://eur-lex.europa.eu/legal-content/DE/TXT/PDF/?uri=CELEX:02008R1333-20260818,https://food.ec.europa.eu/food-safety/food-improvement-agents/additives/database_en,COMPLETE_4_LANGUAGES,
E1422,Adipate de diamidon acétylé,Geacetyleerd dizetmeeladipaat,Acetylated distarch adipate,Acetyliertes Distärkeadipat,Annex II Part B,II-B,02008R1333,18.08.2026,https://eur-lex.europa.eu/legal-content/FR/TXT/PDF/?uri=CELEX:02008R1333-20260818,https://eur-lex.europa.eu/legal-content/NL/TXT/PDF/?uri=CELEX:02008R1333-20260818,https://eur-lex.europa.eu/legal-content/EN/TXT/PDF/?uri=CELEX:02008R1333-20260818,https://eur-lex.europa.eu/legal-content/DE/TXT/PDF/?uri=CELEX:02008R1333-20260818,https://food.ec.europa.eu/food-safety/food-improvement-agents/additives/database_en,COMPLETE_4_LANGUAGES,
E1440,Amidon hydroxypropylé,Hydroxypropylzetmeel,Hydroxy propyl starch,Hydroxypropylstärke,Annex II Part B,II-B,02008R1333,18.08.2026,https://eur-lex.europa.eu/legal-content/FR/TXT/PDF/?uri=CELEX:02008R1333-20260818,https://eur-lex.europa.eu/legal-content/NL/TXT/PDF/?uri=CELEX:02008R1333-20260818,https://eur-lex.europa.eu/legal-content/EN/TXT/PDF/?uri=CELEX:02008R1333-20260818,https://eur-lex.europa.eu/legal-content/DE/TXT/PDF/?uri=CELEX:02008R1333-20260818,https://food.ec.europa.eu/food-safety/food-improvement-agents/additives/database_en,COMPLETE_4_LANGUAGES,
E1442,Phosphate de diamidon hydroxypropylé,Hydroxypropyldizetmeelfosfaat,Hydroxy propyl distarch phosphate,Hydroxypropyldistärkephosphat,Annex II Part B,II-B,02008R1333,18.08.2026,https://eur-lex.europa.eu/legal-content/FR/TXT/PDF/?uri=CELEX:02008R1333-20260818,https://eur-lex.europa.eu/legal-content/NL/TXT/PDF/?uri=CELEX:02008R1333-20260818,https://eur-lex.europa.eu/legal-content/EN/TXT/PDF/?uri=CELEX:02008R1333-20260818,https://eur-lex.europa.eu/legal-content/DE/TXT/PDF/?uri=CELEX:02008R1333-20260818,https://food.ec.europa.eu/food-safety/food-improvement-agents/additives/database_en,COMPLETE_4_LANGUAGES,
E1450,Octényle succinate d’amidon sodique,Zetmeelnatriumoctenylsuccinaat,Starch sodium octenyl succinate,Stärkenatriumoctenylsuccinat,Annex II Part B,II-B,02008R1333,18.08.2026,https://eur-lex.europa.eu/legal-content/FR/TXT/PDF/?uri=CELEX:02008R1333-20260818,https://eur-lex.europa.eu/legal-content/NL/TXT/PDF/?uri=CELEX:02008R1333-20260818,https://eur-lex.europa.eu/legal-content/EN/TXT/PDF/?uri=CELEX:02008R1333-20260818,https://eur-lex.europa.eu/legal-content/DE/TXT/PDF/?uri=CELEX:02008R1333-20260818,https://food.ec.europa.eu/food-safety/food-improvement-agents/additives/database_en,COMPLETE_4_LANGUAGES,
E1451,Amidon oxydé acétylé,Geacetyleerd geoxideerd zetmeel,Acetylated oxidised starch,Acetylierte oxidierte Stärke,Annex II Part B,II-B,02008R1333,18.08.2026,https://eur-lex.europa.eu/legal-content/FR/TXT/PDF/?uri=CELEX:02008R1333-20260818,https://eur-lex.europa.eu/legal-content/NL/TXT/PDF/?uri=CELEX:02008R1333-20260818,https://eur-lex.europa.eu/legal-content/EN/TXT/PDF/?uri=CELEX:02008R1333-20260818,https://eur-lex.europa.eu/legal-content/DE/TXT/PDF/?uri=CELEX:02008R1333-20260818,https://food.ec.europa.eu/food-safety/food-improvement-agents/additives/database_en,COMPLETE_4_LANGUAGES,
E1452,Octényl succinate d’amidon d’aluminium,Zetmeelaluminiumoctenylsuccinaat,Starch aluminium octenyl succinate,Stärkealuminiumoctenylsuccinat,Annex II Part B,II-B,02008R1333,18.08.2026,https://eur-lex.europa.eu/legal-content/FR/TXT/PDF/?uri=CELEX:02008R1333-20260818,https://eur-lex.europa.eu/legal-content/NL/TXT/PDF/?uri=CELEX:02008R1333-20260818,https://eur-lex.europa.eu/legal-content/EN/TXT/PDF/?uri=CELEX:02008R1333-20260818,https://eur-lex.europa.eu/legal-content/DE/TXT/PDF/?uri=CELEX:02008R1333-20260818,https://food.ec.europa.eu/food-safety/food-improvement-agents/additives/database_en,COMPLETE_4_LANGUAGES,
E1505,Citrate de triéthyle,Triëthylcitraat,Triethyl citrate,Triethylcitrat,Annex II Part B,II-B,02008R1333,18.08.2026,https://eur-lex.europa.eu/legal-content/FR/TXT/PDF/?uri=CELEX:02008R1333-20260818,https://eur-lex.europa.eu/legal-content/NL/TXT/PDF/?uri=CELEX:02008R1333-20260818,https://eur-lex.europa.eu/legal-content/EN/TXT/PDF/?uri=CELEX:02008R1333-20260818,https://eur-lex.europa.eu/legal-content/DE/TXT/PDF/?uri=CELEX:02008R1333-20260818,https://food.ec.europa.eu/food-safety/food-improvement-agents/additives/database_en,COMPLETE_4_LANGUAGES,
E1517,Diacétate de glycéryle (diacétine),Glyceryldiacetaat (diacetine),Glyceryl diacetate (diacetin),Glycerindiacetat (Diacetin),Annex II Part B,II-B,02008R1333,18.08.2026,https://eur-lex.europa.eu/legal-content/FR/TXT/PDF/?uri=CELEX:02008R1333-20260818,https://eur-lex.europa.eu/legal-content/NL/TXT/PDF/?uri=CELEX:02008R1333-20260818,https://eur-lex.europa.eu/legal-content/EN/TXT/PDF/?uri=CELEX:02008R1333-20260818,https://eur-lex.europa.eu/legal-content/DE/TXT/PDF/?uri=CELEX:02008R1333-20260818,https://food.ec.europa.eu/food-safety/food-improvement-agents/additives/database_en,COMPLETE_4_LANGUAGES,
E1518,Triacétate de glycéryle (triacétine),Glyceryltriacetaat (triacetine),Glyceryl triacetate (triacetin),Glycerintriacetat (Triacetin) E-Nummer Bezeichnung,Annex II Part B,II-B,02008R1333,18.08.2026,https://eur-lex.europa.eu/legal-content/FR/TXT/PDF/?uri=CELEX:02008R1333-20260818,https://eur-lex.europa.eu/legal-content/NL/TXT/PDF/?uri=CELEX:02008R1333-20260818,https://eur-lex.europa.eu/legal-content/EN/TXT/PDF/?uri=CELEX:02008R1333-20260818,https://eur-lex.europa.eu/legal-content/DE/TXT/PDF/?uri=CELEX:02008R1333-20260818,https://food.ec.europa.eu/food-safety/food-improvement-agents/additives/database_en,COMPLETE_4_LANGUAGES,
E1519,Alcool benzylique,Benzylalcohol,Benzyl alcohol,Benzylalkohol,Annex II Part B,II-B,02008R1333,18.08.2026,https://eur-lex.europa.eu/legal-content/FR/TXT/PDF/?uri=CELEX:02008R1333-20260818,https://eur-lex.europa.eu/legal-content/NL/TXT/PDF/?uri=CELEX:02008R1333-20260818,https://eur-lex.europa.eu/legal-content/EN/TXT/PDF/?uri=CELEX:02008R1333-20260818,https://eur-lex.europa.eu/legal-content/DE/TXT/PDF/?uri=CELEX:02008R1333-20260818,https://food.ec.europa.eu/food-safety/food-improvement-agents/additives/database_en,COMPLETE_4_LANGUAGES,
E1520,"Propanediol-1,2 (propylène glycol)","Propaan-1,2-diol (propyleenglycol)","Propane-1, 2-diol (propylene glycol)","Propylenglycol (1,2-Propandiol)",Annex II Part B,II-B,02008R1333,18.08.2026,https://eur-lex.europa.eu/legal-content/FR/TXT/PDF/?uri=CELEX:02008R1333-20260818,https://eur-lex.europa.eu/legal-content/NL/TXT/PDF/?uri=CELEX:02008R1333-20260818,https://eur-lex.europa.eu/legal-content/EN/TXT/PDF/?uri=CELEX:02008R1333-20260818,https://eur-lex.europa.eu/legal-content/DE/TXT/PDF/?uri=CELEX:02008R1333-20260818,https://food.ec.europa.eu/food-safety/food-improvement-agents/additives/database_en,COMPLETE_4_LANGUAGES,
E1521,Polyéthylène glycol ( 1 ) La présence d’acide benzoïque est admise dans certains produi ts fermentés obtenus par un processus de fermentation conforme aux bonnes pratiques de fabrication. ►M7 (  2 ) autorisé jusqu’au 31 janvier 2014. ( 3 ) autorisée jusqu’au 31 mai 2013. ◄ ►M20 (  4 ) Période d’application: à partir du 6 février 2013. ◄,Polyethyleenglycol ( 1 ) Benzoëzuur mag voorkomen in bepaalde gefermenteerde producten  die worden verkregen met fermen­ tatieprocessen waarbij goede fabricagepraktijken worden toegepa st. ►M7 (  2 ) toegestaan tot en met 31 januari 2014 ( 3 ) toegestaan tot en met 31 mei 2013 ◄ ►M20 (  4 ) Toepassingsperiode: met ingang van 6 februari 2013. ◄,Polyethylene glycol ( 1 ) Benzoic acid may be present in certain fermented products res ulting from the fermentation process following good manufacturing practice. ►M7 (  2 ) authorised until 31 January 2014. ( 3 ) authorised until 31 May 2013. ◄ ►M20 (  4 ) Period of application: From 6 February 2013. ◄,Polyethylenglycol ( 1 ) Benzoesäure kann als Folge des Fermentationsprozesses bei Bef olgung der guten Herstellungspraxis in bestimmten fermentierten Produkten auftreten. ►M7 (  2 ) zugelassen bis zum 31. Januar 2014. ( 3 ) zugelassen bis zum 31. Mai 2013. ◄ ►M20 (  4 ) Geltungsbeginn: ab dem 6. Februar 2013. ◄,Annex II Part B,II-B,02008R1333,18.08.2026,https://eur-lex.europa.eu/legal-content/FR/TXT/PDF/?uri=CELEX:02008R1333-20260818,https://eur-lex.europa.eu/legal-content/NL/TXT/PDF/?uri=CELEX:02008R1333-20260818,https://eur-lex.europa.eu/legal-content/EN/TXT/PDF/?uri=CELEX:02008R1333-20260818,https://eur-lex.europa.eu/legal-content/DE/TXT/PDF/?uri=CELEX:02008R1333-20260818,https://food.ec.europa.eu/food-safety/food-improvement-agents/additives/database_en,COMPLETE_4_LANGUAGES,
