review_id,group_id,section,semantic_kind,language,pdf_language,source_form,source_reading,suggested_alias,pdf_file,pdf_page,legal_location,source_offset,context_excerpt,pdf_sha256,alignment_basis,evidence_kind,existing_corresponding_concepts,status_already_in_app,proposed_distinct_concept,proposed_status,decision,review_status,applied,risk,rationale,raw_matcher_resolution,raw_matcher_ids,raw_matcher_residual,raw_lexicon_concept,raw_runtime_resolution,raw_runtime_ids,raw_runtime_residual,reading_matcher_resolution,reading_matcher_ids,reading_matcher_residual,reading_lexicon_concept,reading_runtime_resolution,reading_runtime_ids,reading_runtime_residual,normalized_reading,lexical_language,existing_correspondence_relation,proposal_relation,priority,alias_readiness,exact_canonical_ids,exact_language_alias_ids,exact_structured_mapping_ids,runtime_statuses,near_existing_aliases,collision_existing_owners,potential_alias_key,alias_disposition,broad_exact_candidate_ids,broad_containing_candidate_ids,authorized_import_review_ids,discovery,source_celex,consolidation_date,review_date,base_revision
M0001,M01,VIANDES,MEAT,FR,FR,Viande,Viande,Viande,CELEX_02013R1308-20260818_FR_TXT.pdf,143,Annexe I XV/XVII ; annexe VII I.I,653,"c 
Le secteur du tabac couvre les tabacs bruts ou non fabriqués et  les déchets de 
tabac relevant du code NC 2401.  
PARTIE XV  
Viande bovine  
Le secteur de la viande bovine couvre les produits énumérés dan s le tableau 
suivant: 
Code NC Description  
a) 0102 29 05 à 
0102 29 99, 
",5ea4e8f11d1ad1871ae780bbdc05ee4beff9a2283b8876be6bffaec4e73f4a4c,Rubriques/entrées réglementaires parallèles ; seules les formes explicitement listées sont retenues dans chaque langue,EXACT_SOURCE_SUBTERM,meat,meat:NON_VEGAN,,,PROPOSE_ALIAS_EXISTING,REVIEW_REQUIRED,NO,"Nom d'animal ou de viande dans une alternative végétale, un arôme, un titre ou une mention d'œufs/lait : exiger le contexte d'ingrédient réel ; aucune nouvelle règle de verdict.","Conserver meat pour la viande générique ; examiner seulement les formes manquantes, sans y ramener les nouveaux produits spécifiques.",EXACT,meat,,,EXACT,meat,,EXACT,meat,,,EXACT,meat,,viande,FR,FAMILY_OR_CURRENT_OWNER_NOT_PROOF_OF_RECOGNITION,BROADER_FAMILY_OR_SPECIFIC_DENOMINATION_REVIEW_REQUIRED,LABEL_CANDIDATE,SEMANTIC_OR_LANGUAGE_REVIEW_REQUIRED,meat,,,meat:NON_VEGAN,,,meat|FR|viande,POTENTIAL_LANGUAGE_METADATA_ONLY,,C9ad80c4cd9c1c1,,BROAD_CSV_AND_PRIMARY_PDF,02013R1308,2026-08-18,2026-10-06,fc74f08aa87e22c0fe38cf896a1a323c64cbf7ea
M0002,M01,VIANDES,MEAT,FR,FR,Viandes,Viandes,Viandes,CELEX_02013R1308-20260818_FR_TXT.pdf,171,Annexe I XV/XVII ; annexe VII I.I,453,"directive 2000/13/CE, ou le nom de la denrée alimentai re, au sens de 
l'article 17 du règlement (UE) n  o 1169/2011. 
PARTIE I  
Viandes issues de bovins âgés de moins de douze mois  
I. Définitions  
Aux fins de la présente partie, on entend par «viandes» l'ensem ble des 
carcasses, v",5ea4e8f11d1ad1871ae780bbdc05ee4beff9a2283b8876be6bffaec4e73f4a4c,Rubriques/entrées réglementaires parallèles ; seules les formes explicitement listées sont retenues dans chaque langue,EXACT_SOURCE_SUBTERM,meat,meat:NON_VEGAN,,,PROPOSE_ALIAS_EXISTING,REVIEW_REQUIRED,NO,"Nom d'animal ou de viande dans une alternative végétale, un arôme, un titre ou une mention d'œufs/lait : exiger le contexte d'ingrédient réel ; aucune nouvelle règle de verdict.","Conserver meat pour la viande générique ; examiner seulement les formes manquantes, sans y ramener les nouveaux produits spécifiques.",NONE,,viandes,,NONE,,viandes,NONE,,viandes,,NONE,,viandes,viandes,FR,FAMILY_OR_CURRENT_OWNER_NOT_PROOF_OF_RECOGNITION,BROADER_FAMILY_OR_SPECIFIC_DENOMINATION_REVIEW_REQUIRED,LABEL_CANDIDATE,SEMANTIC_OR_LANGUAGE_REVIEW_REQUIRED,,,,,viande|viande bovine|viande de porc,,meat|FR|viandes,POTENTIAL_NEW_SURFACE,Caa7ff0494667c4|Cc683d7c96c9b90,Cc683d7c96c9b90,,BROAD_CSV_AND_PRIMARY_PDF,02013R1308,2026-08-18,2026-10-06,fc74f08aa87e22c0fe38cf896a1a323c64cbf7ea
M0003,M01,VIANDES,MEAT,NL,NL,Vlees,Vlees,Vlees,CELEX_02013R1308-20260818_NL_TXT.pdf,143,Annexe I XV/XVII ; annexe VII I.I,874," 0102 29 05 t/m 
0102 29 99, 
0102 39 10 en 
0102 90 91 
Levende runderen (huisdieren), andere dan fokdieren van zuiver ras 
0201 Vlees van runderen, vers of gekoeld  
0202 Vlees van runderen bevroren  
0206 10 95 Longhaasjes en omlopen, vers of gekoeld  
0206 29 91 Longhaasjes en oml",99ee3d7c91c02249f6ca6ffca15e06cf2e9603ab9718919138dd2a981281bb74,Rubriques/entrées réglementaires parallèles ; seules les formes explicitement listées sont retenues dans chaque langue,EXACT_SOURCE_SUBTERM,meat,meat:NON_VEGAN,,,PROPOSE_ALIAS_EXISTING,REVIEW_REQUIRED,NO,"Nom d'animal ou de viande dans une alternative végétale, un arôme, un titre ou une mention d'œufs/lait : exiger le contexte d'ingrédient réel ; aucune nouvelle règle de verdict.","Conserver meat pour la viande générique ; examiner seulement les formes manquantes, sans y ramener les nouveaux produits spécifiques.",EXACT,meat,,,EXACT,meat,,EXACT,meat,,,EXACT,meat,,vlees,NL,FAMILY_OR_CURRENT_OWNER_NOT_PROOF_OF_RECOGNITION,BROADER_FAMILY_OR_SPECIFIC_DENOMINATION_REVIEW_REQUIRED,LABEL_CANDIDATE,SEMANTIC_OR_LANGUAGE_REVIEW_REQUIRED,meat,,,meat:NON_VEGAN,,,meat|NL|vlees,POTENTIAL_LANGUAGE_METADATA_ONLY,Cac6bba8e4ddf66|Cb220be14bc9895,Cac6bba8e4ddf66|Cee6840e8852c9c,,BROAD_CSV_AND_PRIMARY_PDF,02013R1308,2026-08-18,2026-10-06,fc74f08aa87e22c0fe38cf896a1a323c64cbf7ea
M0004,M01,VIANDES,MEAT,EN,EN,Meat,Meat,Meat,CELEX_02013R1308-20260818_EN_TXT.pdf,143,Annexe I XV/XVII ; annexe VII I.I,929,"02 29 99, 
0102 39 10 and 
0102 90 91 
Live animals of the domestic bovine species, other than pure-br ed breeding animals  
0201 Meat of bovine animals, fresh or chilled  
0202 Meat of bovine animals, frozen  
0206 10 95 Thick skirt and thin skirt, fresh or chilled  
0206 29 91 Thic",b5cc2ea8e761cc408cca7f8930de7b2c01c2609f88dcb5a6bdbc4882e4455d11,Rubriques/entrées réglementaires parallèles ; seules les formes explicitement listées sont retenues dans chaque langue,EXACT_SOURCE_SUBTERM,meat,meat:NON_VEGAN,,,PROPOSE_ALIAS_EXISTING,REVIEW_REQUIRED,NO,"Nom d'animal ou de viande dans une alternative végétale, un arôme, un titre ou une mention d'œufs/lait : exiger le contexte d'ingrédient réel ; aucune nouvelle règle de verdict.","Conserver meat pour la viande générique ; examiner seulement les formes manquantes, sans y ramener les nouveaux produits spécifiques.",EXACT,meat,,,EXACT,meat,,EXACT,meat,,,EXACT,meat,,meat,EN,FAMILY_OR_CURRENT_OWNER_NOT_PROOF_OF_RECOGNITION,BROADER_FAMILY_OR_SPECIFIC_DENOMINATION_REVIEW_REQUIRED,LABEL_CANDIDATE,SEMANTIC_OR_LANGUAGE_REVIEW_REQUIRED,meat,,,meat:NON_VEGAN,,,meat|EN|meat,POTENTIAL_LANGUAGE_METADATA_ONLY,C421430f04f94ae|C4a6a387344e4cb|Ca32d95d77b9baf,C4a6a387344e4cb|Cc617de8c570a46,,BROAD_CSV_AND_PRIMARY_PDF,02013R1308,2026-08-18,2026-10-06,fc74f08aa87e22c0fe38cf896a1a323c64cbf7ea
M0005,M01,VIANDES,MEAT,DE,DE,Fleisch,Fleisch,Fleisch,CELEX_02013R1308-20260818_DE_TXT.pdf,143,Annexe I XV/XVII ; annexe VII I.I,835,"hnung  
a) 0102 29 05 bis 
0102 29 99, 
0102 39 10 und 
0102 90 91 
Hausrinder, lebend, ausgenommen reinrassige Zuchttiere  
0201 Fleisch von Rindern, frisch oder gekühlt  
0202 Fleisch von Rindern, gefroren  
0206 10 95 Zwerchfellpfeiler (Nierenzapfen) und Saumfleisch, fr isch oder gek",64a45b265e50b848f0a1ae239b94a1feef40608b69c69c9e5e14f0ffb7328dda,Rubriques/entrées réglementaires parallèles ; seules les formes explicitement listées sont retenues dans chaque langue,EXACT_SOURCE_SUBTERM,meat,meat:NON_VEGAN,,,PROPOSE_ALIAS_EXISTING,REVIEW_REQUIRED,NO,"Nom d'animal ou de viande dans une alternative végétale, un arôme, un titre ou une mention d'œufs/lait : exiger le contexte d'ingrédient réel ; aucune nouvelle règle de verdict.","Conserver meat pour la viande générique ; examiner seulement les formes manquantes, sans y ramener les nouveaux produits spécifiques.",NONE,,fleisch,,NONE,,fleisch,NONE,,fleisch,,NONE,,fleisch,fleisch,DE,FAMILY_OR_CURRENT_OWNER_NOT_PROOF_OF_RECOGNITION,BROADER_FAMILY_OR_SPECIFIC_DENOMINATION_REVIEW_REQUIRED,LABEL_CANDIDATE,SEMANTIC_OR_LANGUAGE_REVIEW_REQUIRED,,,,,rindfleisch|schweinefleisch|geflugelfleisch,,meat|DE|fleisch,POTENTIAL_NEW_SURFACE,C205faaa62ded98,C205faaa62ded98|Cf7e5724b12ec78,,BROAD_CSV_AND_PRIMARY_PDF,02013R1308,2026-08-18,2026-10-06,fc74f08aa87e22c0fe38cf896a1a323c64cbf7ea
M0006,M02,VIANDES,SPECIES_MEAT,FR,FR,Viande bovine,Viande bovine,Viande bovine,CELEX_02013R1308-20260818_FR_TXT.pdf,143,"Annexe I XV, titre et NC 0201 ; art. 1(2)(o)",653,"c 
Le secteur du tabac couvre les tabacs bruts ou non fabriqués et  les déchets de 
tabac relevant du code NC 2401.  
PARTIE XV  
Viande bovine  
Le secteur de la viande bovine couvre les produits énumérés dan s le tableau 
suivant: 
Code NC Description  
a) 0102 29 05 à 
0102 29 99, 
0102 39",5ea4e8f11d1ad1871ae780bbdc05ee4beff9a2283b8876be6bffaec4e73f4a4c,Rubriques/entrées réglementaires parallèles ; seules les formes explicitement listées sont retenues dans chaque langue,EXACT_SOURCE_SUBTERM,meat,meat:NON_VEGAN,beef_meat,NON_ATTRIBUE_CONCEPT_ABSENT,PROPOSE_DISTINCT_CONCEPT,REVIEW_REQUIRED,NO,"Nom d'animal ou de viande dans une alternative végétale, un arôme, un titre ou une mention d'œufs/lait : exiger le contexte d'ingrédient réel ; aucune nouvelle règle de verdict. Collision de propriété avec meat pour les alias déjà présents.",Un concept de viande bovine conserve l'espèce et porte les futurs noms complets. Plusieurs termes sont aujourd'hui alias de meat : aucune réaffectation proposée comme import immédiat.,EXACT,meat,,meat,EXACT,meat,,EXACT,meat,,meat,EXACT,meat,,viande bovine,FR,FAMILY_OR_CURRENT_OWNER_NOT_PROOF_OF_RECOGNITION,BROADER_FAMILY_OR_SPECIFIC_DENOMINATION_REVIEW_REQUIRED,LABEL_CANDIDATE,NO_NEW_ALIAS_KEY_PROPOSED,meat,meat,meat,meat:NON_VEGAN,,meat,,ALREADY_RECOGNIZED_OWNER_REVIEW,C9ad80c4cd9c1c1|Ca9e7347e5ba3dc,C9ad80c4cd9c1c1,,BROAD_CSV_AND_PRIMARY_PDF,02013R1308,2026-08-18,2026-10-06,fc74f08aa87e22c0fe38cf896a1a323c64cbf7ea
M0007,M02,VIANDES,SPECIES_MEAT,FR,FR,Viandes des animaux de l'espèce bovine,Viandes des animaux de l'espèce bovine,Viandes des animaux de l'espèce bovine,CELEX_02013R1308-20260818_FR_TXT.pdf,143,"Annexe I XV, titre et NC 0201 ; art. 1(2)(o)",946," 10 et 
0102 90 91 
Animaux vivants de l'espèce bovine des espèces domestiques autr es que les reproducteurs de 
race pure  
0201 Viandes des animaux de l'espèce bovine, fraîches ou réfrig érées 
0202 Viandes des animaux de l'espèce bovine, congelées  
0206 10 95 Onglets et hampes, frais ou réfrigérés  
0206 29 91 On",5ea4e8f11d1ad1871ae780bbdc05ee4beff9a2283b8876be6bffaec4e73f4a4c,Rubriques/entrées réglementaires parallèles ; seules les formes explicitement listées sont retenues dans chaque langue,EXACT_SOURCE_SUBTERM,meat,meat:NON_VEGAN,beef_meat,NON_ATTRIBUE_CONCEPT_ABSENT,PROPOSE_DISTINCT_CONCEPT,REVIEW_REQUIRED,NO,"Nom d'animal ou de viande dans une alternative végétale, un arôme, un titre ou une mention d'œufs/lait : exiger le contexte d'ingrédient réel ; aucune nouvelle règle de verdict. Collision de propriété avec meat pour les alias déjà présents.",Un concept de viande bovine conserve l'espèce et porte les futurs noms complets. Plusieurs termes sont aujourd'hui alias de meat : aucune réaffectation proposée comme import immédiat.,NONE,,viandes des animaux de l espece bovine,,NONE,,viandes des animaux de l espece bovine,NONE,,viandes des animaux de l espece bovine,,NONE,,viandes des animaux de l espece bovine,viandes des animaux de l espece bovine,FR,FAMILY_OR_CURRENT_OWNER_NOT_PROOF_OF_RECOGNITION,BROADER_FAMILY_OR_SPECIFIC_DENOMINATION_REVIEW_REQUIRED,LABEL_CANDIDATE,SEMANTIC_OR_LANGUAGE_REVIEW_REQUIRED,,,,,viande bovine,,beef_meat|FR|viandes des animaux de l espece bovine,POTENTIAL_NEW_SURFACE,Cc8b36f193d39fa,Cc8b36f193d39fa,,BROAD_CSV_AND_PRIMARY_PDF,02013R1308,2026-08-18,2026-10-06,fc74f08aa87e22c0fe38cf896a1a323c64cbf7ea
M0008,M02,VIANDES,SPECIES_MEAT,NL,NL,Rundvlees,Rundvlees,Rundvlees,CELEX_02013R1308-20260818_NL_TXT.pdf,143,"Annexe I XV, titre et NC 0201 ; art. 1(2)(o)",623,"Tabak 
Ruwe en niet tot verbruik bereide tabak en afvallen van tabak v an GN-code 2401 
vallen onder de sector tabak.  
DEEL XV  
Rundvlees 
De in de onderstaande tabel opgenomen producten vallen onder de  sector 
rundvlees. 
GN-code Omschrijving  
a) 0102 29 05 t/m 
0102 29 99, 
0102 39 ",99ee3d7c91c02249f6ca6ffca15e06cf2e9603ab9718919138dd2a981281bb74,Rubriques/entrées réglementaires parallèles ; seules les formes explicitement listées sont retenues dans chaque langue,EXACT_SOURCE_SUBTERM,meat,meat:NON_VEGAN,beef_meat,NON_ATTRIBUE_CONCEPT_ABSENT,PROPOSE_DISTINCT_CONCEPT,REVIEW_REQUIRED,NO,"Nom d'animal ou de viande dans une alternative végétale, un arôme, un titre ou une mention d'œufs/lait : exiger le contexte d'ingrédient réel ; aucune nouvelle règle de verdict. Collision de propriété avec meat pour les alias déjà présents.",Un concept de viande bovine conserve l'espèce et porte les futurs noms complets. Plusieurs termes sont aujourd'hui alias de meat : aucune réaffectation proposée comme import immédiat.,EXACT,meat,,meat,EXACT,meat,,EXACT,meat,,meat,EXACT,meat,,rundvlees,NL,FAMILY_OR_CURRENT_OWNER_NOT_PROOF_OF_RECOGNITION,BROADER_FAMILY_OR_SPECIFIC_DENOMINATION_REVIEW_REQUIRED,LABEL_CANDIDATE,NO_NEW_ALIAS_KEY_PROPOSED,meat,meat,meat,meat:NON_VEGAN,,meat,,ALREADY_RECOGNIZED_OWNER_REVIEW,C4f697f7af1ab09|C8560da399dc795,C8560da399dc795,,BROAD_CSV_AND_PRIMARY_PDF,02013R1308,2026-08-18,2026-10-06,fc74f08aa87e22c0fe38cf896a1a323c64cbf7ea
M0009,M02,VIANDES,SPECIES_MEAT,NL,NL,Vlees van runderen,Vlees van runderen,Vlees van runderen,CELEX_02013R1308-20260818_NL_TXT.pdf,143,"Annexe I XV, titre et NC 0201 ; art. 1(2)(o)",874," 0102 29 05 t/m 
0102 29 99, 
0102 39 10 en 
0102 90 91 
Levende runderen (huisdieren), andere dan fokdieren van zuiver ras 
0201 Vlees van runderen, vers of gekoeld  
0202 Vlees van runderen bevroren  
0206 10 95 Longhaasjes en omlopen, vers of gekoeld  
0206 29 91 Longhaasjes en omlopen, bevrore",99ee3d7c91c02249f6ca6ffca15e06cf2e9603ab9718919138dd2a981281bb74,Rubriques/entrées réglementaires parallèles ; seules les formes explicitement listées sont retenues dans chaque langue,EXACT_SOURCE_SUBTERM,meat,meat:NON_VEGAN,beef_meat,NON_ATTRIBUE_CONCEPT_ABSENT,PROPOSE_DISTINCT_CONCEPT,REVIEW_REQUIRED,NO,"Nom d'animal ou de viande dans une alternative végétale, un arôme, un titre ou une mention d'œufs/lait : exiger le contexte d'ingrédient réel ; aucune nouvelle règle de verdict. Collision de propriété avec meat pour les alias déjà présents.",Un concept de viande bovine conserve l'espèce et porte les futurs noms complets. Plusieurs termes sont aujourd'hui alias de meat : aucune réaffectation proposée comme import immédiat.,PARTIAL_CONTEXTUAL,meat,van runderen,,PARTIAL_CONTEXTUAL,meat,van runderen,PARTIAL_CONTEXTUAL,meat,van runderen,,PARTIAL_CONTEXTUAL,meat,van runderen,vlees van runderen,NL,FAMILY_OR_CURRENT_OWNER_NOT_PROOF_OF_RECOGNITION,BROADER_FAMILY_OR_SPECIFIC_DENOMINATION_REVIEW_REQUIRED,LABEL_CANDIDATE,SEMANTIC_OR_LANGUAGE_REVIEW_REQUIRED,,,,meat:NON_VEGAN,,,beef_meat|NL|vlees van runderen,POTENTIAL_NEW_SURFACE,Cee6840e8852c9c,Cee6840e8852c9c,,BROAD_CSV_AND_PRIMARY_PDF,02013R1308,2026-08-18,2026-10-06,fc74f08aa87e22c0fe38cf896a1a323c64cbf7ea
M0010,M02,VIANDES,SPECIES_MEAT,EN,EN,beef,beef,beef,CELEX_02013R1308-20260818_EN_TXT.pdf,3,"Annexe I XV, titre et NC 0201 ; art. 1(2)(o)",76," 
02013R1308 — EN — 18.08.2026 — 013.001 — 3  
(n) tobacco, Part XIV;  
(o) beef and veal, Part XV;  
(p) milk and milk products, Part XVI;  
(q) pigmeat, Part XVII;  
(r) sheepmeat and goatmeat, Part XVIII;  
(s) eggs, Part XIX; ",b5cc2ea8e761cc408cca7f8930de7b2c01c2609f88dcb5a6bdbc4882e4455d11,Rubriques/entrées réglementaires parallèles ; seules les formes explicitement listées sont retenues dans chaque langue,EXACT_SOURCE_SUBTERM,meat,meat:NON_VEGAN,beef_meat,NON_ATTRIBUE_CONCEPT_ABSENT,PROPOSE_DISTINCT_CONCEPT,REVIEW_REQUIRED,NO,"Nom d'animal ou de viande dans une alternative végétale, un arôme, un titre ou une mention d'œufs/lait : exiger le contexte d'ingrédient réel ; aucune nouvelle règle de verdict. Collision de propriété avec meat pour les alias déjà présents.",Un concept de viande bovine conserve l'espèce et porte les futurs noms complets. Plusieurs termes sont aujourd'hui alias de meat : aucune réaffectation proposée comme import immédiat.,EXACT,meat,,,EXACT,meat,,EXACT,meat,,,EXACT,meat,,beef,EN,FAMILY_OR_CURRENT_OWNER_NOT_PROOF_OF_RECOGNITION,BROADER_FAMILY_OR_SPECIFIC_DENOMINATION_REVIEW_REQUIRED,LABEL_CANDIDATE,NO_NEW_ALIAS_KEY_PROPOSED,meat,,,meat:NON_VEGAN,,meat,,ALREADY_RECOGNIZED_OWNER_REVIEW,,C0fa5543999cabd|C7163612c04be60,,BROAD_CSV_AND_PRIMARY_PDF,02013R1308,2026-08-18,2026-10-06,fc74f08aa87e22c0fe38cf896a1a323c64cbf7ea
M0011,M02,VIANDES,SPECIES_MEAT,EN,EN,Meat of bovine animals,Meat of bovine animals,Meat of bovine animals,CELEX_02013R1308-20260818_EN_TXT.pdf,143,"Annexe I XV, titre et NC 0201 ; art. 1(2)(o)",929,"02 29 99, 
0102 39 10 and 
0102 90 91 
Live animals of the domestic bovine species, other than pure-br ed breeding animals  
0201 Meat of bovine animals, fresh or chilled  
0202 Meat of bovine animals, frozen  
0206 10 95 Thick skirt and thin skirt, fresh or chilled  
0206 29 91 Thick skirt and thin s",b5cc2ea8e761cc408cca7f8930de7b2c01c2609f88dcb5a6bdbc4882e4455d11,Rubriques/entrées réglementaires parallèles ; seules les formes explicitement listées sont retenues dans chaque langue,EXACT_SOURCE_SUBTERM,meat,meat:NON_VEGAN,beef_meat,NON_ATTRIBUE_CONCEPT_ABSENT,PROPOSE_DISTINCT_CONCEPT,REVIEW_REQUIRED,NO,"Nom d'animal ou de viande dans une alternative végétale, un arôme, un titre ou une mention d'œufs/lait : exiger le contexte d'ingrédient réel ; aucune nouvelle règle de verdict. Collision de propriété avec meat pour les alias déjà présents.",Un concept de viande bovine conserve l'espèce et porte les futurs noms complets. Plusieurs termes sont aujourd'hui alias de meat : aucune réaffectation proposée comme import immédiat.,PARTIAL_CONTEXTUAL,meat,of bovine animals,,PARTIAL_CONTEXTUAL,meat,of bovine animals,PARTIAL_CONTEXTUAL,meat,of bovine animals,,PARTIAL_CONTEXTUAL,meat,of bovine animals,meat of bovine animals,EN,FAMILY_OR_CURRENT_OWNER_NOT_PROOF_OF_RECOGNITION,BROADER_FAMILY_OR_SPECIFIC_DENOMINATION_REVIEW_REQUIRED,LABEL_CANDIDATE,SEMANTIC_OR_LANGUAGE_REVIEW_REQUIRED,,,,meat:NON_VEGAN,,,beef_meat|EN|meat of bovine animals,POTENTIAL_NEW_SURFACE,Cc617de8c570a46,Cc617de8c570a46,,BROAD_CSV_AND_PRIMARY_PDF,02013R1308,2026-08-18,2026-10-06,fc74f08aa87e22c0fe38cf896a1a323c64cbf7ea
M0012,M02,VIANDES,SPECIES_MEAT,DE,DE,Rindfleisch,Rindfleisch,Rindfleisch,CELEX_02013R1308-20260818_DE_TXT.pdf,143,"Annexe I XV, titre et NC 0201 ; art. 1(2)(o)",584," 
TEIL XIV  
Tabak 
Der Tabaksektor umfasst Rohtabak oder unverarbeiteten Tabak und  Tabakabfälle 
des KN-Codes 2401.  
TEIL XV  
Rindfleisch 
Der Rindfleischsektor umfasst die in nachstehender Tabelle aufg eführten Erzeug­
nisse: 
KN-Code Warenbezeichnung  
a) 0102 29 05 bis 
0102 29 99, 
",64a45b265e50b848f0a1ae239b94a1feef40608b69c69c9e5e14f0ffb7328dda,Rubriques/entrées réglementaires parallèles ; seules les formes explicitement listées sont retenues dans chaque langue,EXACT_SOURCE_SUBTERM,meat,meat:NON_VEGAN,beef_meat,NON_ATTRIBUE_CONCEPT_ABSENT,PROPOSE_DISTINCT_CONCEPT,REVIEW_REQUIRED,NO,"Nom d'animal ou de viande dans une alternative végétale, un arôme, un titre ou une mention d'œufs/lait : exiger le contexte d'ingrédient réel ; aucune nouvelle règle de verdict. Collision de propriété avec meat pour les alias déjà présents.",Un concept de viande bovine conserve l'espèce et porte les futurs noms complets. Plusieurs termes sont aujourd'hui alias de meat : aucune réaffectation proposée comme import immédiat.,EXACT,meat,,meat,EXACT,meat,,EXACT,meat,,meat,EXACT,meat,,rindfleisch,DE,FAMILY_OR_CURRENT_OWNER_NOT_PROOF_OF_RECOGNITION,BROADER_FAMILY_OR_SPECIFIC_DENOMINATION_REVIEW_REQUIRED,LABEL_CANDIDATE,NO_NEW_ALIAS_KEY_PROPOSED,meat,meat,meat,meat:NON_VEGAN,,meat,,ALREADY_RECOGNIZED_OWNER_REVIEW,C70ced20f9ea31f,C70ced20f9ea31f,,BROAD_CSV_AND_PRIMARY_PDF,02013R1308,2026-08-18,2026-10-06,fc74f08aa87e22c0fe38cf896a1a323c64cbf7ea
M0013,M02,VIANDES,SPECIES_MEAT,DE,DE,Fleisch von Rindern,Fleisch von Rindern,Fleisch von Rindern,CELEX_02013R1308-20260818_DE_TXT.pdf,143,"Annexe I XV, titre et NC 0201 ; art. 1(2)(o)",835,"hnung  
a) 0102 29 05 bis 
0102 29 99, 
0102 39 10 und 
0102 90 91 
Hausrinder, lebend, ausgenommen reinrassige Zuchttiere  
0201 Fleisch von Rindern, frisch oder gekühlt  
0202 Fleisch von Rindern, gefroren  
0206 10 95 Zwerchfellpfeiler (Nierenzapfen) und Saumfleisch, fr isch oder gekühlt  
0206 ",64a45b265e50b848f0a1ae239b94a1feef40608b69c69c9e5e14f0ffb7328dda,Rubriques/entrées réglementaires parallèles ; seules les formes explicitement listées sont retenues dans chaque langue,EXACT_SOURCE_SUBTERM,meat,meat:NON_VEGAN,beef_meat,NON_ATTRIBUE_CONCEPT_ABSENT,PROPOSE_DISTINCT_CONCEPT,REVIEW_REQUIRED,NO,"Nom d'animal ou de viande dans une alternative végétale, un arôme, un titre ou une mention d'œufs/lait : exiger le contexte d'ingrédient réel ; aucune nouvelle règle de verdict. Collision de propriété avec meat pour les alias déjà présents.",Un concept de viande bovine conserve l'espèce et porte les futurs noms complets. Plusieurs termes sont aujourd'hui alias de meat : aucune réaffectation proposée comme import immédiat.,NONE,,fleisch von rindern,,NONE,,fleisch von rindern,NONE,,fleisch von rindern,,NONE,,fleisch von rindern,fleisch von rindern,DE,FAMILY_OR_CURRENT_OWNER_NOT_PROOF_OF_RECOGNITION,BROADER_FAMILY_OR_SPECIFIC_DENOMINATION_REVIEW_REQUIRED,LABEL_CANDIDATE,SEMANTIC_OR_LANGUAGE_REVIEW_REQUIRED,,,,,,,beef_meat|DE|fleisch von rindern,POTENTIAL_NEW_SURFACE,Cf7e5724b12ec78,Cf7e5724b12ec78,,BROAD_CSV_AND_PRIMARY_PDF,02013R1308,2026-08-18,2026-10-06,fc74f08aa87e22c0fe38cf896a1a323c64cbf7ea
M0014,M03,VIANDES,SPECIES_MEAT,FR,FR,veau,veau,veau,CELEX_02013R1308-20260818_FR_TXT.pdf,172,"Annexe VII I.III.1.A, dénominations de vente V ; p.172 France/Pays-Bas/Irlande/Allemagne",244,"lbfleisch  
Estonie Vasikaliha  
Irlande veal  
Grèce μοσχάρι γάλακτος  
Espagne ternera blanca, carne de ternera blanca  
France veau, viande de veau  
Croatie teletina  
Italie vitello, carne di vitello  
Chypre μοσχάρι γάλακτος  
Lettonie teļa gaļa  
Lituanie veršiena  
Luxembourg",5ea4e8f11d1ad1871ae780bbdc05ee4beff9a2283b8876be6bffaec4e73f4a4c,"Même tableau V ; langue lexicale choisie selon le pays/nom, pas selon la seule langue du PDF",EXACT_SOURCE_SUBTERM,meat,meat:NON_VEGAN,veal_meat,NON_ATTRIBUE_CONCEPT_ABSENT,PROPOSE_DISTINCT_CONCEPT,REVIEW_REQUIRED,NO,"Nom d'animal ou de viande dans une alternative végétale, un arôme, un titre ou une mention d'œufs/lait : exiger le contexte d'ingrédient réel ; aucune nouvelle règle de verdict. veau/veal appartiennent déjà à meat ; kalfsvlees/Kalbfleisch sont des composés complets, sans matching par sous-mot.",Produit vendu sous ces noms et destiné à l'alimentation humaine selon VII I.I. La distinction veau/bovin est utile ; ne pas inventer une traduction dans les tables de pays.,EXACT,meat,,,EXACT,meat,,EXACT,meat,,,EXACT,meat,,veau,FR,FAMILY_OR_CURRENT_OWNER_NOT_PROOF_OF_RECOGNITION,BROADER_FAMILY_OR_SPECIFIC_DENOMINATION_REVIEW_REQUIRED,LABEL_CANDIDATE,NO_NEW_ALIAS_KEY_PROPOSED,meat,,,meat:NON_VEGAN,,meat,,ALREADY_RECOGNIZED_OWNER_REVIEW,C8d0223da6287ee,C8d0223da6287ee,,BROAD_CSV_AND_PRIMARY_PDF,02013R1308,2026-08-18,2026-10-06,fc74f08aa87e22c0fe38cf896a1a323c64cbf7ea
M0015,M03,VIANDES,SPECIES_MEAT,FR,FR,viande de veau,viande de veau,viande de veau,CELEX_02013R1308-20260818_FR_TXT.pdf,172,"Annexe VII I.III.1.A, dénominations de vente V ; p.172 France/Pays-Bas/Irlande/Allemagne",250,"sch  
Estonie Vasikaliha  
Irlande veal  
Grèce μοσχάρι γάλακτος  
Espagne ternera blanca, carne de ternera blanca  
France veau, viande de veau  
Croatie teletina  
Italie vitello, carne di vitello  
Chypre μοσχάρι γάλακτος  
Lettonie teļa gaļa  
Lituanie veršiena  
Luxembourg veau, viande de",5ea4e8f11d1ad1871ae780bbdc05ee4beff9a2283b8876be6bffaec4e73f4a4c,"Même tableau V ; langue lexicale choisie selon le pays/nom, pas selon la seule langue du PDF",EXACT_SOURCE_SUBTERM,meat,meat:NON_VEGAN,veal_meat,NON_ATTRIBUE_CONCEPT_ABSENT,PROPOSE_DISTINCT_CONCEPT,REVIEW_REQUIRED,NO,"Nom d'animal ou de viande dans une alternative végétale, un arôme, un titre ou une mention d'œufs/lait : exiger le contexte d'ingrédient réel ; aucune nouvelle règle de verdict. veau/veal appartiennent déjà à meat ; kalfsvlees/Kalbfleisch sont des composés complets, sans matching par sous-mot.",Produit vendu sous ces noms et destiné à l'alimentation humaine selon VII I.I. La distinction veau/bovin est utile ; ne pas inventer une traduction dans les tables de pays.,PARTIAL_CONTEXTUAL,meat,viande de,,PARTIAL_CONTEXTUAL,meat,viande de,PARTIAL_CONTEXTUAL,meat,viande de,,PARTIAL_CONTEXTUAL,meat,viande de,viande de veau,FR,FAMILY_OR_CURRENT_OWNER_NOT_PROOF_OF_RECOGNITION,BROADER_FAMILY_OR_SPECIFIC_DENOMINATION_REVIEW_REQUIRED,LABEL_CANDIDATE,SEMANTIC_OR_LANGUAGE_REVIEW_REQUIRED,,,,meat:NON_VEGAN,viande de volaille|viande de porc|viande bovine,,veal_meat|FR|viande de veau,POTENTIAL_NEW_SURFACE,C190c51583be1cb|C711d94a9823575,C190c51583be1cb|C711d94a9823575,,BROAD_CSV_AND_PRIMARY_PDF,02013R1308,2026-08-18,2026-10-06,fc74f08aa87e22c0fe38cf896a1a323c64cbf7ea
M0016,M03,VIANDES,SPECIES_MEAT,NL,NL,Kalfsvlees,Kalfsvlees,Kalfsvlees,CELEX_02013R1308-20260818_NL_TXT.pdf,172,"Annexe VII I.III.1.A, dénominations de vente V ; p.172 France/Pays-Bas/Irlande/Allemagne",494,"tland Teļa gaļa  
Litouwen Veršiena  
Luxemburg veau, viande de veau/Kalbfleisch  
Hongarije Borjúhús  
Malta Vitella  
Nederland Kalfsvlees  
Oostenrijk Kalbfleisch  
Polen Cielęcina  
Portugal Vitela  
Roemenië carne de viţel  
Slovenië Teletina  
Slowakije Teľacie mäso  
Finland vaalea ",99ee3d7c91c02249f6ca6ffca15e06cf2e9603ab9718919138dd2a981281bb74,"Même tableau V ; langue lexicale choisie selon le pays/nom, pas selon la seule langue du PDF",EXACT_SOURCE_SUBTERM,meat,meat:NON_VEGAN,veal_meat,NON_ATTRIBUE_CONCEPT_ABSENT,PROPOSE_DISTINCT_CONCEPT,REVIEW_REQUIRED,NO,"Nom d'animal ou de viande dans une alternative végétale, un arôme, un titre ou une mention d'œufs/lait : exiger le contexte d'ingrédient réel ; aucune nouvelle règle de verdict. veau/veal appartiennent déjà à meat ; kalfsvlees/Kalbfleisch sont des composés complets, sans matching par sous-mot.",Produit vendu sous ces noms et destiné à l'alimentation humaine selon VII I.I. La distinction veau/bovin est utile ; ne pas inventer une traduction dans les tables de pays.,NONE,,kalfsvlees,,NONE,,kalfsvlees,NONE,,kalfsvlees,,NONE,,kalfsvlees,kalfsvlees,NL,FAMILY_OR_CURRENT_OWNER_NOT_PROOF_OF_RECOGNITION,BROADER_FAMILY_OR_SPECIFIC_DENOMINATION_REVIEW_REQUIRED,LABEL_CANDIDATE,SEMANTIC_OR_LANGUAGE_REVIEW_REQUIRED,,,,,vlees|varkensvlees|rundvlees,,veal_meat|NL|kalfsvlees,POTENTIAL_NEW_SURFACE,C58535dc2988cfb|Ce86e3eb47b3bef,C58535dc2988cfb|Ce86e3eb47b3bef,,BROAD_CSV_AND_PRIMARY_PDF,02013R1308,2026-08-18,2026-10-06,fc74f08aa87e22c0fe38cf896a1a323c64cbf7ea
M0017,M03,VIANDES,SPECIES_MEAT,EN,EN,Veal,Veal,Veal,CELEX_02013R1308-20260818_EN_TXT.pdf,172,"Annexe VII I.III.1.A, dénominations de vente V ; p.172 France/Pays-Bas/Irlande/Allemagne",148,"— 18.08.2026 — 013.001 — 172  
Czech Republic Telecí  
Denmark Lyst kalvekød  
Germany Kalbfleisch  
Estonia Vasikaliha  
Ireland Veal  
Greece μοσχάρι γάλακτος  
Spain Ternera blanca, carne de ternera blanca  
France veau, viande de veau  
Croatia teletina  
Italy vitello, carne di ",b5cc2ea8e761cc408cca7f8930de7b2c01c2609f88dcb5a6bdbc4882e4455d11,"Même tableau V ; langue lexicale choisie selon le pays/nom, pas selon la seule langue du PDF",EXACT_SOURCE_SUBTERM,meat,meat:NON_VEGAN,veal_meat,NON_ATTRIBUE_CONCEPT_ABSENT,PROPOSE_DISTINCT_CONCEPT,REVIEW_REQUIRED,NO,"Nom d'animal ou de viande dans une alternative végétale, un arôme, un titre ou une mention d'œufs/lait : exiger le contexte d'ingrédient réel ; aucune nouvelle règle de verdict. veau/veal appartiennent déjà à meat ; kalfsvlees/Kalbfleisch sont des composés complets, sans matching par sous-mot.",Produit vendu sous ces noms et destiné à l'alimentation humaine selon VII I.I. La distinction veau/bovin est utile ; ne pas inventer une traduction dans les tables de pays.,EXACT,meat,,,EXACT,meat,,EXACT,meat,,,EXACT,meat,,veal,EN,FAMILY_OR_CURRENT_OWNER_NOT_PROOF_OF_RECOGNITION,BROADER_FAMILY_OR_SPECIFIC_DENOMINATION_REVIEW_REQUIRED,LABEL_CANDIDATE,NO_NEW_ALIAS_KEY_PROPOSED,meat,,,meat:NON_VEGAN,,meat,,ALREADY_RECOGNIZED_OWNER_REVIEW,C144b6614dcf59e|Ca5dd92b7239bc2,C144b6614dcf59e|Ca5dd92b7239bc2,,BROAD_CSV_AND_PRIMARY_PDF,02013R1308,2026-08-18,2026-10-06,fc74f08aa87e22c0fe38cf896a1a323c64cbf7ea
M0018,M03,VIANDES,SPECIES_MEAT,DE,DE,Kalbfleisch,Kalbfleisch,Kalbfleisch,CELEX_02013R1308-20260818_DE_TXT.pdf,172,"Annexe VII I.III.1.A, dénominations de vente V ; p.172 France/Pays-Bas/Irlande/Allemagne",118," 
02013R1308 — DE — 18.08.2026 — 013.001 — 172  
Tschechische 
Republik 
Telecí 
Dänemark Lyst kalvekød  
Deutschland Kalbfleisch  
Estland Vasikaliha  
Irland Veal  
Griechenland μοσχάρι γάλακτος  
Spanien ternera blanca, carne de ternera blanca  
Frankreich veau, viande de vea",64a45b265e50b848f0a1ae239b94a1feef40608b69c69c9e5e14f0ffb7328dda,"Même tableau V ; langue lexicale choisie selon le pays/nom, pas selon la seule langue du PDF",EXACT_SOURCE_SUBTERM,meat,meat:NON_VEGAN,veal_meat,NON_ATTRIBUE_CONCEPT_ABSENT,PROPOSE_DISTINCT_CONCEPT,REVIEW_REQUIRED,NO,"Nom d'animal ou de viande dans une alternative végétale, un arôme, un titre ou une mention d'œufs/lait : exiger le contexte d'ingrédient réel ; aucune nouvelle règle de verdict. veau/veal appartiennent déjà à meat ; kalfsvlees/Kalbfleisch sont des composés complets, sans matching par sous-mot.",Produit vendu sous ces noms et destiné à l'alimentation humaine selon VII I.I. La distinction veau/bovin est utile ; ne pas inventer une traduction dans les tables de pays.,NONE,,kalbfleisch,,NONE,,kalbfleisch,NONE,,kalbfleisch,,NONE,,kalbfleisch,kalbfleisch,DE,FAMILY_OR_CURRENT_OWNER_NOT_PROOF_OF_RECOGNITION,BROADER_FAMILY_OR_SPECIFIC_DENOMINATION_REVIEW_REQUIRED,LABEL_CANDIDATE,SEMANTIC_OR_LANGUAGE_REVIEW_REQUIRED,,,,,rindfleisch|geflugelfleisch|schweinefleisch,,veal_meat|DE|kalbfleisch,POTENTIAL_NEW_SURFACE,C5f4aee1998755e|C9de7c01ec6ced5,C5f4aee1998755e|C9de7c01ec6ced5,,BROAD_CSV_AND_PRIMARY_PDF,02013R1308,2026-08-18,2026-10-06,fc74f08aa87e22c0fe38cf896a1a323c64cbf7ea
M0019,M04,VIANDES,SPECIES_MEAT,FR,FR,jeune bovin,jeune bovin,jeune bovin,CELEX_02013R1308-20260818_FR_TXT.pdf,173,"Annexe VII I.III.1.B, Z : Belgique/Allemagne p.172 ; France/Irlande/Pays-Bas p.173",158,"26 — 013.001 — 173  
Estonie noorloomaliha  
Irlande rosé veal  
Grèce νεαρό μοσχάρι  
Espagne Ternera, carne de ternera  
France jeune bovin, viande de jeune bovin  
Croatie mlada junetina  
Italie vitellone, carne di vitellone  
Chypre νεαρό μοσχάρι  
Lettonie jaunlopa gaļa  
Lituanie Jau",5ea4e8f11d1ad1871ae780bbdc05ee4beff9a2283b8876be6bffaec4e73f4a4c,"Même tableau Z ; les noms locaux divergent (jeune bovin / rosé veal), équivalence de catégorie seulement",EXACT_SOURCE_SUBTERM,meat,meat:NON_VEGAN,beef_meat,NON_ATTRIBUE_CONCEPT_ABSENT,PROPOSE_DISTINCT_CONCEPT,REVIEW_REQUIRED,NO,"Risque de confusion V/Z et de propriété : rosé veal contient l'alias actuel veal ; préserver le nom source et l'âge documentaire, aucune fusion synonymique automatique.","Sous-groupe réglementaire du bovin, sans créer un concept par catégorie de marché. Rattachement à beef_meat proposé à réviser avec métadonnées de sous-type Z ; rosé veal n'est pas un synonyme du veau V.",NONE,,jeune bovin,,NONE,,jeune bovin,NONE,,jeune bovin,,NONE,,jeune bovin,jeune bovin,FR,FAMILY_OR_CURRENT_OWNER_NOT_PROOF_OF_RECOGNITION,CATEGORY_Z_WITH_SUBTYPE_REQUIRED,LABEL_CANDIDATE,SEMANTIC_OR_LANGUAGE_REVIEW_REQUIRED,,,,,viande bovine,,beef_meat|FR|jeune bovin,POTENTIAL_NEW_SURFACE,C361ee41a0545c8,C361ee41a0545c8,,BROAD_CSV_AND_PRIMARY_PDF,02013R1308,2026-08-18,2026-10-06,fc74f08aa87e22c0fe38cf896a1a323c64cbf7ea
M0020,M04,VIANDES,SPECIES_MEAT,FR,FR,viande de jeune bovin,viande de jeune bovin,viande de jeune bovin,CELEX_02013R1308-20260818_FR_TXT.pdf,173,"Annexe VII I.III.1.B, Z : Belgique/Allemagne p.172 ; France/Irlande/Pays-Bas p.173",171,"— 173  
Estonie noorloomaliha  
Irlande rosé veal  
Grèce νεαρό μοσχάρι  
Espagne Ternera, carne de ternera  
France jeune bovin, viande de jeune bovin  
Croatie mlada junetina  
Italie vitellone, carne di vitellone  
Chypre νεαρό μοσχάρι  
Lettonie jaunlopa gaļa  
Lituanie Jautiena  
Luxembourg jeun",5ea4e8f11d1ad1871ae780bbdc05ee4beff9a2283b8876be6bffaec4e73f4a4c,"Même tableau Z ; les noms locaux divergent (jeune bovin / rosé veal), équivalence de catégorie seulement",EXACT_SOURCE_SUBTERM,meat,meat:NON_VEGAN,beef_meat,NON_ATTRIBUE_CONCEPT_ABSENT,PROPOSE_DISTINCT_CONCEPT,REVIEW_REQUIRED,NO,"Risque de confusion V/Z et de propriété : rosé veal contient l'alias actuel veal ; préserver le nom source et l'âge documentaire, aucune fusion synonymique automatique.","Sous-groupe réglementaire du bovin, sans créer un concept par catégorie de marché. Rattachement à beef_meat proposé à réviser avec métadonnées de sous-type Z ; rosé veal n'est pas un synonyme du veau V.",NONE,,viande de jeune bovin,,NONE,,viande de jeune bovin,NONE,,viande de jeune bovin,,NONE,,viande de jeune bovin,viande de jeune bovin,FR,FAMILY_OR_CURRENT_OWNER_NOT_PROOF_OF_RECOGNITION,CATEGORY_Z_WITH_SUBTYPE_REQUIRED,LABEL_CANDIDATE,SEMANTIC_OR_LANGUAGE_REVIEW_REQUIRED,,,,,viande bovine|viande de porc|viande de volaille,,beef_meat|FR|viande de jeune bovin,POTENTIAL_NEW_SURFACE,C54369e3834b0ed,C54369e3834b0ed,,BROAD_CSV_AND_PRIMARY_PDF,02013R1308,2026-08-18,2026-10-06,fc74f08aa87e22c0fe38cf896a1a323c64cbf7ea
M0021,M04,VIANDES,SPECIES_MEAT,NL,NL,"jong­
rundvlees",jongrundvlees,jongrundvlees,CELEX_02013R1308-20260818_NL_TXT.pdf,172,"Annexe VII I.III.1.B, Z : Belgique/Allemagne p.172 ; France/Irlande/Pays-Bas p.173",936,"n dan 12 maanden (identificatieletter: Z): 
Land van afzet Verplichte verkoopbenaming  
België jeune bovin, viande de jeune bovin/jong­
rundvlees/Jungrindfleisch 
Bulgarije Телешко месо  
Tsjechische Repu­
bliek 
hovězí maso z mladého skotu  
Denemarken Kalvekød  
Duitsland Jungrindfleisch  
▼B",99ee3d7c91c02249f6ca6ffca15e06cf2e9603ab9718919138dd2a981281bb74,"Même tableau Z ; les noms locaux divergent (jeune bovin / rosé veal), équivalence de catégorie seulement",SOURCE_TEXT_WITH_LAYOUT_REPAIR,meat,meat:NON_VEGAN,beef_meat,NON_ATTRIBUE_CONCEPT_ABSENT,PROPOSE_DISTINCT_CONCEPT,REVIEW_REQUIRED,NO,"Risque de confusion V/Z et de propriété : rosé veal contient l'alias actuel veal ; préserver le nom source et l'âge documentaire, aucune fusion synonymique automatique.","Sous-groupe réglementaire du bovin, sans créer un concept par catégorie de marché. Rattachement à beef_meat proposé à réviser avec métadonnées de sous-type Z ; rosé veal n'est pas un synonyme du veau V.",PARTIAL_CONTEXTUAL,meat,jong,,PARTIAL_CONTEXTUAL,meat,jong,NONE,,jongrundvlees,,NONE,,jongrundvlees,jongrundvlees,NL,FAMILY_OR_CURRENT_OWNER_NOT_PROOF_OF_RECOGNITION,CATEGORY_Z_WITH_SUBTYPE_REQUIRED,LABEL_CANDIDATE,SEMANTIC_OR_LANGUAGE_REVIEW_REQUIRED,,,,,rundvlees|varkensvlees|vlees,,beef_meat|NL|jongrundvlees,POTENTIAL_NEW_SURFACE,C8aa5090b7990f1|Ca1d2c2dcfbd109,C8aa5090b7990f1|Ca1d2c2dcfbd109,,BROAD_CSV_AND_PRIMARY_PDF,02013R1308,2026-08-18,2026-10-06,fc74f08aa87e22c0fe38cf896a1a323c64cbf7ea
M0022,M04,VIANDES,SPECIES_MEAT,NL,NL,rosé kalfsvlees,rosé kalfsvlees,rosé kalfsvlees,CELEX_02013R1308-20260818_NL_TXT.pdf,173,"Annexe VII I.III.1.B, Z : Belgique/Allemagne p.172 ; France/Irlande/Pays-Bas p.173",457,"iena  
Luxemburg jeune bovin, viande de jeune bovin/Jun­
grindfleisch 
Hongarije Növendék marha húsa  
Malta Vitellun  
Nederland rosé kalfsvlees  
Oostenrijk Jungrindfleisch  
Polen młoda wołowina  
Portugal Vitelão  
Roemenië carne de tineret bovin  
Slovenië meso težjih telet  
Slowakije mäs",99ee3d7c91c02249f6ca6ffca15e06cf2e9603ab9718919138dd2a981281bb74,"Même tableau Z ; les noms locaux divergent (jeune bovin / rosé veal), équivalence de catégorie seulement",EXACT_SOURCE_SUBTERM,meat,meat:NON_VEGAN,beef_meat,NON_ATTRIBUE_CONCEPT_ABSENT,PROPOSE_DISTINCT_CONCEPT,REVIEW_REQUIRED,NO,"Risque de confusion V/Z et de propriété : rosé veal contient l'alias actuel veal ; préserver le nom source et l'âge documentaire, aucune fusion synonymique automatique.","Sous-groupe réglementaire du bovin, sans créer un concept par catégorie de marché. Rattachement à beef_meat proposé à réviser avec métadonnées de sous-type Z ; rosé veal n'est pas un synonyme du veau V.",NONE,,rose kalfsvlees,,NONE,,rose kalfsvlees,NONE,,rose kalfsvlees,,NONE,,rose kalfsvlees,rose kalfsvlees,NL,FAMILY_OR_CURRENT_OWNER_NOT_PROOF_OF_RECOGNITION,CATEGORY_Z_WITH_SUBTYPE_REQUIRED,LABEL_CANDIDATE,SEMANTIC_OR_LANGUAGE_REVIEW_REQUIRED,,,,,varkensvlees|vlees|rundvlees,,beef_meat|NL|rose kalfsvlees,POTENTIAL_NEW_SURFACE,C7d4f7e43a5dfa8,C7d4f7e43a5dfa8,,BROAD_CSV_AND_PRIMARY_PDF,02013R1308,2026-08-18,2026-10-06,fc74f08aa87e22c0fe38cf896a1a323c64cbf7ea
M0023,M04,VIANDES,SPECIES_MEAT,EN,EN,rosé veal,rosé veal,rosé veal,CELEX_02013R1308-20260818_EN_TXT.pdf,173,"Annexe VII I.III.1.B, Z : Belgique/Allemagne p.172 ; France/Irlande/Pays-Bas p.173",81," 
02013R1308 — EN — 18.08.2026 — 013.001 — 173  
Estonia noorloomaliha  
Ireland rosé veal  
Greece νεαρό μοσχάρι  
Spain Ternera, carne de ternera  
France jeune bovin, viande de jeune bovin  
Croatia mlada junetina  
Italy vitellone, carn",b5cc2ea8e761cc408cca7f8930de7b2c01c2609f88dcb5a6bdbc4882e4455d11,"Même tableau Z ; les noms locaux divergent (jeune bovin / rosé veal), équivalence de catégorie seulement",EXACT_SOURCE_SUBTERM,meat,meat:NON_VEGAN,beef_meat,NON_ATTRIBUE_CONCEPT_ABSENT,PROPOSE_DISTINCT_CONCEPT,REVIEW_REQUIRED,NO,"Risque de confusion V/Z et de propriété : rosé veal contient l'alias actuel veal ; préserver le nom source et l'âge documentaire, aucune fusion synonymique automatique.","Sous-groupe réglementaire du bovin, sans créer un concept par catégorie de marché. Rattachement à beef_meat proposé à réviser avec métadonnées de sous-type Z ; rosé veal n'est pas un synonyme du veau V.",PARTIAL_CONTEXTUAL,meat,rose,,PARTIAL_CONTEXTUAL,meat,rose,PARTIAL_CONTEXTUAL,meat,rose,,PARTIAL_CONTEXTUAL,meat,rose,rose veal,EN,FAMILY_OR_CURRENT_OWNER_NOT_PROOF_OF_RECOGNITION,CATEGORY_Z_WITH_SUBTYPE_REQUIRED,LABEL_CANDIDATE,SEMANTIC_OR_LANGUAGE_REVIEW_REQUIRED,,,,meat:NON_VEGAN,veal|beef and veal,,beef_meat|EN|rose veal,POTENTIAL_NEW_SURFACE,C9ef59ba5d9a62b,C9ef59ba5d9a62b,,BROAD_CSV_AND_PRIMARY_PDF,02013R1308,2026-08-18,2026-10-06,fc74f08aa87e22c0fe38cf896a1a323c64cbf7ea
M0024,M04,VIANDES,SPECIES_MEAT,DE,DE,Jungrindfleisch,Jungrindfleisch,Jungrindfleisch,CELEX_02013R1308-20260818_DE_TXT.pdf,172,"Annexe VII I.III.1.B, Z : Belgique/Allemagne p.172 ; France/Irlande/Pays-Bas p.173",953,"e: Z): 
Land der 
Vermarktung Zu verwendende Verkehrsbezeichnung  
Belgien jeune bovin, viande de jeune bovin / jon­
grundvlees / Jungrindfleisch  
Bulgarien Телешко месо  
Tschechische 
Republik 
hovězí maso z mladého skotu  
Dänemark Kalvekød  
Deutschland Jungrindfleisch  
▼B",64a45b265e50b848f0a1ae239b94a1feef40608b69c69c9e5e14f0ffb7328dda,"Même tableau Z ; les noms locaux divergent (jeune bovin / rosé veal), équivalence de catégorie seulement",EXACT_SOURCE_SUBTERM,meat,meat:NON_VEGAN,beef_meat,NON_ATTRIBUE_CONCEPT_ABSENT,PROPOSE_DISTINCT_CONCEPT,REVIEW_REQUIRED,NO,"Risque de confusion V/Z et de propriété : rosé veal contient l'alias actuel veal ; préserver le nom source et l'âge documentaire, aucune fusion synonymique automatique.","Sous-groupe réglementaire du bovin, sans créer un concept par catégorie de marché. Rattachement à beef_meat proposé à réviser avec métadonnées de sous-type Z ; rosé veal n'est pas un synonyme du veau V.",NONE,,jungrindfleisch,,NONE,,jungrindfleisch,NONE,,jungrindfleisch,,NONE,,jungrindfleisch,jungrindfleisch,DE,FAMILY_OR_CURRENT_OWNER_NOT_PROOF_OF_RECOGNITION,CATEGORY_Z_WITH_SUBTYPE_REQUIRED,LABEL_CANDIDATE,SEMANTIC_OR_LANGUAGE_REVIEW_REQUIRED,,,,,rindfleisch|schweinefleisch|geflugelfleisch,,beef_meat|DE|jungrindfleisch,POTENTIAL_NEW_SURFACE,C583bb79a8f403e|Ce876bb0b3a32c2,C583bb79a8f403e|Ce876bb0b3a32c2,,BROAD_CSV_AND_PRIMARY_PDF,02013R1308,2026-08-18,2026-10-06,fc74f08aa87e22c0fe38cf896a1a323c64cbf7ea
M0025,M05,VIANDES,SPECIES_MEAT,FR,FR,Viande de porc,Viande de porc,Viande de porc,CELEX_02013R1308-20260818_FR_TXT.pdf,145,"Annexe I XVII, titre/NC ex0203 ; art.1(2)(q)",63," 
02013R1308 — FR — 18.08.2026 — 013.001 — 145  
PARTIE XVII  
Viande de porc  
Le secteur de la viande de porc couvre les produits énumérés da ns le tableau 
suivant: 
Code NC Description  
a) ex 0103 Animaux vivants de l'espè",5ea4e8f11d1ad1871ae780bbdc05ee4beff9a2283b8876be6bffaec4e73f4a4c,Rubriques/entrées réglementaires parallèles ; seules les formes explicitement listées sont retenues dans chaque langue,EXACT_SOURCE_SUBTERM,meat,meat:NON_VEGAN,pork_meat,NON_ATTRIBUE_CONCEPT_ABSENT,PROPOSE_DISTINCT_CONCEPT,REVIEW_REQUIRED,NO,"Nom d'animal ou de viande dans une alternative végétale, un arôme, un titre ou une mention d'œufs/lait : exiger le contexte d'ingrédient réel ; aucune nouvelle règle de verdict. Alias sectoriels déjà détenus par meat.","Une viande porcine spécifique couvre les noms d'espèce sans les assimiler au jambon, au sang ou au saindoux.",EXACT,meat,,meat,EXACT,meat,,EXACT,meat,,meat,EXACT,meat,,viande de porc,FR,FAMILY_OR_CURRENT_OWNER_NOT_PROOF_OF_RECOGNITION,BROADER_FAMILY_OR_SPECIFIC_DENOMINATION_REVIEW_REQUIRED,LABEL_CANDIDATE,NO_NEW_ALIAS_KEY_PROPOSED,meat,meat,meat,meat:NON_VEGAN,,meat,,ALREADY_RECOGNIZED_OWNER_REVIEW,C672dde1c506bf4|C9e7ffb503c5eeb,C672dde1c506bf4,,BROAD_CSV_AND_PRIMARY_PDF,02013R1308,2026-08-18,2026-10-06,fc74f08aa87e22c0fe38cf896a1a323c64cbf7ea
M0026,M05,VIANDES,SPECIES_MEAT,FR,FR,Viandes des animaux de l'espèce porcine domestique,Viandes des animaux de l'espèce porcine domestique,Viandes des animaux de l'espèce porcine domestique,CELEX_02013R1308-20260818_FR_TXT.pdf,145,"Annexe I XVII, titre/NC ex0203 ; art.1(2)(q)",302,"e NC Description  
a) ex 0103 Animaux vivants de l'espèce porcine domestique, autr es que reproducteurs de race pure  
b) ex 0203 Viandes des animaux de l'espèce porcine domestique, fraîches, réfrigérées ou congelées  
ex 0206 Abats comestibles de l'espèce porcine domestique, autre s que pour la fabrication des produits 
pharmac",5ea4e8f11d1ad1871ae780bbdc05ee4beff9a2283b8876be6bffaec4e73f4a4c,Rubriques/entrées réglementaires parallèles ; seules les formes explicitement listées sont retenues dans chaque langue,EXACT_SOURCE_SUBTERM,meat,meat:NON_VEGAN,pork_meat,NON_ATTRIBUE_CONCEPT_ABSENT,PROPOSE_DISTINCT_CONCEPT,REVIEW_REQUIRED,NO,"Nom d'animal ou de viande dans une alternative végétale, un arôme, un titre ou une mention d'œufs/lait : exiger le contexte d'ingrédient réel ; aucune nouvelle règle de verdict. Alias sectoriels déjà détenus par meat.","Une viande porcine spécifique couvre les noms d'espèce sans les assimiler au jambon, au sang ou au saindoux.",NONE,,viandes des animaux de l espece porcine domestique,,NONE,,viandes des animaux de l espece porcine domestique,NONE,,viandes des animaux de l espece porcine domestique,,NONE,,viandes des animaux de l espece porcine domestique,viandes des animaux de l espece porcine domestique,FR,FAMILY_OR_CURRENT_OWNER_NOT_PROOF_OF_RECOGNITION,BROADER_FAMILY_OR_SPECIFIC_DENOMINATION_REVIEW_REQUIRED,LABEL_CANDIDATE,SEMANTIC_OR_LANGUAGE_REVIEW_REQUIRED,,,,,,,pork_meat|FR|viandes des animaux de l espece porcine domestique,POTENTIAL_NEW_SURFACE,,,,TARGETED_PRIMARY_PDF,02013R1308,2026-08-18,2026-10-06,fc74f08aa87e22c0fe38cf896a1a323c64cbf7ea
M0027,M05,VIANDES,SPECIES_MEAT,NL,NL,Varkensvlees,Varkensvlees,Varkensvlees,CELEX_02013R1308-20260818_NL_TXT.pdf,145,"Annexe I XVII, titre/NC ex0203 ; art.1(2)(q)",61," 
02013R1308 — NL — 18.08.2026 — 013.001 — 145  
DEEL XVII  
Varkensvlees 
De in de onderstaande tabel opgenomen producten vallen onder de  sector 
varkensvlees. 
GN-code Omschrijving  
a) ex 0103 Levende varkens (huisdiere",99ee3d7c91c02249f6ca6ffca15e06cf2e9603ab9718919138dd2a981281bb74,Rubriques/entrées réglementaires parallèles ; seules les formes explicitement listées sont retenues dans chaque langue,EXACT_SOURCE_SUBTERM,meat,meat:NON_VEGAN,pork_meat,NON_ATTRIBUE_CONCEPT_ABSENT,PROPOSE_DISTINCT_CONCEPT,REVIEW_REQUIRED,NO,"Nom d'animal ou de viande dans une alternative végétale, un arôme, un titre ou une mention d'œufs/lait : exiger le contexte d'ingrédient réel ; aucune nouvelle règle de verdict. Alias sectoriels déjà détenus par meat.","Une viande porcine spécifique couvre les noms d'espèce sans les assimiler au jambon, au sang ou au saindoux.",EXACT,meat,,meat,EXACT,meat,,EXACT,meat,,meat,EXACT,meat,,varkensvlees,NL,FAMILY_OR_CURRENT_OWNER_NOT_PROOF_OF_RECOGNITION,BROADER_FAMILY_OR_SPECIFIC_DENOMINATION_REVIEW_REQUIRED,LABEL_CANDIDATE,NO_NEW_ALIAS_KEY_PROPOSED,meat,meat,meat,meat:NON_VEGAN,,meat,,ALREADY_RECOGNIZED_OWNER_REVIEW,C26cf83a2c54fd5|Ce06fb240efc94b,Ce06fb240efc94b,,BROAD_CSV_AND_PRIMARY_PDF,02013R1308,2026-08-18,2026-10-06,fc74f08aa87e22c0fe38cf896a1a323c64cbf7ea
M0028,M05,VIANDES,SPECIES_MEAT,NL,NL,Vlees van varkens,Vlees van varkens,Vlees van varkens,CELEX_02013R1308-20260818_NL_TXT.pdf,145,"Annexe I XVII, titre/NC ex0203 ; art.1(2)(q)",277,"
varkensvlees. 
GN-code Omschrijving  
a) ex 0103 Levende varkens (huisdieren), andere dan fokdieren v an zuiver ras  
b) ex 0203 Vlees van varkens (huisdieren), vers, gekoeld of bev roren 
ex 0206 Eetbare slachtafvallen van varkens (huisdieren), andere  dan voor de vervaardiging van 
farmaceutis",99ee3d7c91c02249f6ca6ffca15e06cf2e9603ab9718919138dd2a981281bb74,Rubriques/entrées réglementaires parallèles ; seules les formes explicitement listées sont retenues dans chaque langue,EXACT_SOURCE_SUBTERM,meat,meat:NON_VEGAN,pork_meat,NON_ATTRIBUE_CONCEPT_ABSENT,PROPOSE_DISTINCT_CONCEPT,REVIEW_REQUIRED,NO,"Nom d'animal ou de viande dans une alternative végétale, un arôme, un titre ou une mention d'œufs/lait : exiger le contexte d'ingrédient réel ; aucune nouvelle règle de verdict. Alias sectoriels déjà détenus par meat.","Une viande porcine spécifique couvre les noms d'espèce sans les assimiler au jambon, au sang ou au saindoux.",PARTIAL_CONTEXTUAL,meat,van varkens,,PARTIAL_CONTEXTUAL,meat,van varkens,PARTIAL_CONTEXTUAL,meat,van varkens,,PARTIAL_CONTEXTUAL,meat,van varkens,vlees van varkens,NL,FAMILY_OR_CURRENT_OWNER_NOT_PROOF_OF_RECOGNITION,BROADER_FAMILY_OR_SPECIFIC_DENOMINATION_REVIEW_REQUIRED,LABEL_CANDIDATE,SEMANTIC_OR_LANGUAGE_REVIEW_REQUIRED,,,,meat:NON_VEGAN,beef and veal,,pork_meat|NL|vlees van varkens,POTENTIAL_NEW_SURFACE,C4a3830ec8c0e21,C4a3830ec8c0e21,,BROAD_CSV_AND_PRIMARY_PDF,02013R1308,2026-08-18,2026-10-06,fc74f08aa87e22c0fe38cf896a1a323c64cbf7ea
M0029,M05,VIANDES,SPECIES_MEAT,EN,EN,pigmeat,pigmeat,pigmeat,CELEX_02013R1308-20260818_EN_TXT.pdf,3,"Annexe I XVII, titre/NC ex0203 ; art.1(2)(q)",146,"N — 18.08.2026 — 013.001 — 3  
(n) tobacco, Part XIV;  
(o) beef and veal, Part XV;  
(p) milk and milk products, Part XVI;  
(q) pigmeat, Part XVII;  
(r) sheepmeat and goatmeat, Part XVIII;  
(s) eggs, Part XIX;  
(t) poultrymeat, Part XX;  
(u) ethyl alcohol of agricultural origin, P",b5cc2ea8e761cc408cca7f8930de7b2c01c2609f88dcb5a6bdbc4882e4455d11,Rubriques/entrées réglementaires parallèles ; seules les formes explicitement listées sont retenues dans chaque langue,EXACT_SOURCE_SUBTERM,meat,meat:NON_VEGAN,pork_meat,NON_ATTRIBUE_CONCEPT_ABSENT,PROPOSE_DISTINCT_CONCEPT,REVIEW_REQUIRED,NO,"Nom d'animal ou de viande dans une alternative végétale, un arôme, un titre ou une mention d'œufs/lait : exiger le contexte d'ingrédient réel ; aucune nouvelle règle de verdict. Alias sectoriels déjà détenus par meat.","Une viande porcine spécifique couvre les noms d'espèce sans les assimiler au jambon, au sang ou au saindoux.",EXACT,meat,,meat,EXACT,meat,,EXACT,meat,,meat,EXACT,meat,,pigmeat,EN,FAMILY_OR_CURRENT_OWNER_NOT_PROOF_OF_RECOGNITION,BROADER_FAMILY_OR_SPECIFIC_DENOMINATION_REVIEW_REQUIRED,LABEL_CANDIDATE,NO_NEW_ALIAS_KEY_PROPOSED,meat,meat,meat,meat:NON_VEGAN,,meat,,ALREADY_RECOGNIZED_OWNER_REVIEW,C1cf763b15372bc|C2a8319cdc541aa,C1cf763b15372bc|C2a8319cdc541aa,,BROAD_CSV_AND_PRIMARY_PDF,02013R1308,2026-08-18,2026-10-06,fc74f08aa87e22c0fe38cf896a1a323c64cbf7ea
M0030,M05,VIANDES,SPECIES_MEAT,EN,EN,Meat of domestic swine,Meat of domestic swine,Meat of domestic swine,CELEX_02013R1308-20260818_EN_TXT.pdf,145,"Annexe I XVII, titre/NC ex0203 ; art.1(2)(q)",268," table:  
CN code Description  
(a) ex 0103 Live swine, of domestic species, other than pure-br ed breeding animals  
(b) ex 0203 Meat of domestic swine, fresh, chilled, or frozen  
ex 0206 Edible offal of domestic swine, other than for the manu facture of pharmaceutical products, 
fresh, chilled or f",b5cc2ea8e761cc408cca7f8930de7b2c01c2609f88dcb5a6bdbc4882e4455d11,Rubriques/entrées réglementaires parallèles ; seules les formes explicitement listées sont retenues dans chaque langue,EXACT_SOURCE_SUBTERM,meat,meat:NON_VEGAN,pork_meat,NON_ATTRIBUE_CONCEPT_ABSENT,PROPOSE_DISTINCT_CONCEPT,REVIEW_REQUIRED,NO,"Nom d'animal ou de viande dans une alternative végétale, un arôme, un titre ou une mention d'œufs/lait : exiger le contexte d'ingrédient réel ; aucune nouvelle règle de verdict. Alias sectoriels déjà détenus par meat.","Une viande porcine spécifique couvre les noms d'espèce sans les assimiler au jambon, au sang ou au saindoux.",PARTIAL_CONTEXTUAL,meat,of domestic swine,,PARTIAL_CONTEXTUAL,meat,of domestic swine,PARTIAL_CONTEXTUAL,meat,of domestic swine,,PARTIAL_CONTEXTUAL,meat,of domestic swine,meat of domestic swine,EN,FAMILY_OR_CURRENT_OWNER_NOT_PROOF_OF_RECOGNITION,BROADER_FAMILY_OR_SPECIFIC_DENOMINATION_REVIEW_REQUIRED,LABEL_CANDIDATE,SEMANTIC_OR_LANGUAGE_REVIEW_REQUIRED,,,,meat:NON_VEGAN,,,pork_meat|EN|meat of domestic swine,POTENTIAL_NEW_SURFACE,Cfe5ae7265c1fd8,Cfe5ae7265c1fd8,,BROAD_CSV_AND_PRIMARY_PDF,02013R1308,2026-08-18,2026-10-06,fc74f08aa87e22c0fe38cf896a1a323c64cbf7ea
M0031,M05,VIANDES,SPECIES_MEAT,DE,DE,Schweinefleisch,Schweinefleisch,Schweinefleisch,CELEX_02013R1308-20260818_DE_TXT.pdf,145,"Annexe I XVII, titre/NC ex0203 ; art.1(2)(q)",61," 
02013R1308 — DE — 18.08.2026 — 013.001 — 145  
TEIL XVII  
Schweinefleisch 
Der Schweinefleischsektor umfasst die in nachstehender Tabelle aufgeführten 
Erzeugnisse: 
KN-Code Warenbezeichnung  
a) ex 0103 Hausschweine, leben",64a45b265e50b848f0a1ae239b94a1feef40608b69c69c9e5e14f0ffb7328dda,Rubriques/entrées réglementaires parallèles ; seules les formes explicitement listées sont retenues dans chaque langue,EXACT_SOURCE_SUBTERM,meat,meat:NON_VEGAN,pork_meat,NON_ATTRIBUE_CONCEPT_ABSENT,PROPOSE_DISTINCT_CONCEPT,REVIEW_REQUIRED,NO,"Nom d'animal ou de viande dans une alternative végétale, un arôme, un titre ou une mention d'œufs/lait : exiger le contexte d'ingrédient réel ; aucune nouvelle règle de verdict. Alias sectoriels déjà détenus par meat.","Une viande porcine spécifique couvre les noms d'espèce sans les assimiler au jambon, au sang ou au saindoux.",EXACT,meat,,meat,EXACT,meat,,EXACT,meat,,meat,EXACT,meat,,schweinefleisch,DE,FAMILY_OR_CURRENT_OWNER_NOT_PROOF_OF_RECOGNITION,BROADER_FAMILY_OR_SPECIFIC_DENOMINATION_REVIEW_REQUIRED,LABEL_CANDIDATE,NO_NEW_ALIAS_KEY_PROPOSED,meat,meat,meat,meat:NON_VEGAN,,meat,,ALREADY_RECOGNIZED_OWNER_REVIEW,C6f65155bdf2cad,C6f65155bdf2cad,,BROAD_CSV_AND_PRIMARY_PDF,02013R1308,2026-08-18,2026-10-06,fc74f08aa87e22c0fe38cf896a1a323c64cbf7ea
M0032,M05,VIANDES,SPECIES_MEAT,DE,DE,Fleisch von Hausschweinen,Fleisch von Hausschweinen,Fleisch von Hausschweinen,CELEX_02013R1308-20260818_DE_TXT.pdf,145,"Annexe I XVII, titre/NC ex0203 ; art.1(2)(q)",277,"ührten 
Erzeugnisse: 
KN-Code Warenbezeichnung  
a) ex 0103 Hausschweine, lebend, ausgenommen reinrassige Zuchtt iere 
b) ex 0203 Fleisch von Hausschweinen, frisch, gekühlt oder gefr oren 
ex 0206 Genießbare Schlachtnebenerzeugnisse von Hausschweinen, andere als zum Herstellen von 
pharmazeutischen Erzeu",64a45b265e50b848f0a1ae239b94a1feef40608b69c69c9e5e14f0ffb7328dda,Rubriques/entrées réglementaires parallèles ; seules les formes explicitement listées sont retenues dans chaque langue,EXACT_SOURCE_SUBTERM,meat,meat:NON_VEGAN,pork_meat,NON_ATTRIBUE_CONCEPT_ABSENT,PROPOSE_DISTINCT_CONCEPT,REVIEW_REQUIRED,NO,"Nom d'animal ou de viande dans une alternative végétale, un arôme, un titre ou une mention d'œufs/lait : exiger le contexte d'ingrédient réel ; aucune nouvelle règle de verdict. Alias sectoriels déjà détenus par meat.","Une viande porcine spécifique couvre les noms d'espèce sans les assimiler au jambon, au sang ou au saindoux.",NONE,,fleisch von hausschweinen,,NONE,,fleisch von hausschweinen,NONE,,fleisch von hausschweinen,,NONE,,fleisch von hausschweinen,fleisch von hausschweinen,DE,FAMILY_OR_CURRENT_OWNER_NOT_PROOF_OF_RECOGNITION,BROADER_FAMILY_OR_SPECIFIC_DENOMINATION_REVIEW_REQUIRED,LABEL_CANDIDATE,SEMANTIC_OR_LANGUAGE_REVIEW_REQUIRED,,,,,,,pork_meat|DE|fleisch von hausschweinen,POTENTIAL_NEW_SURFACE,,,,TARGETED_PRIMARY_PDF,02013R1308,2026-08-18,2026-10-06,fc74f08aa87e22c0fe38cf896a1a323c64cbf7ea
M0033,M06,VIANDES,COLLECTIVE_SPECIES_MEAT,FR,FR,Viandes ovines et caprines,Viandes ovines et caprines,,CELEX_02013R1308-20260818_FR_TXT.pdf,145,"Annexe I XVIII, titre/NC 0204",1772,"sons et similaires, de viandes et d'ab ats de toutes espèces, y 
compris les graisses de toute nature ou origine  
PARTIE XVIII  
Viandes ovines et caprines  
Le secteur des viandes ovine et caprine couvre les produits énu mérés dans le 
tableau suivant:  
Code NC Description  
a) 0104 10 30 Agneaux (jusq",5ea4e8f11d1ad1871ae780bbdc05ee4beff9a2283b8876be6bffaec4e73f4a4c,Rubriques/entrées réglementaires parallèles ; seules les formes explicitement listées sont retenues dans chaque langue,EXACT_SOURCE_SUBTERM,meat,meat:NON_VEGAN,,,OBSERVE_REGULATORY_COMPOSITE_NO_ALIAS_PROPOSED,REVIEW_REQUIRED,NO,"Conjonction ou/ou-et, pluriels et ellipses : risque de fragment reconnu ou inconnu résiduel ; aucune reconstruction de Schaffleisch à partir de Schaf-.","Une ligne collective ne prouve pas un mélange d'ingrédients, ni une identité entre mouton et chèvre. Conserver sa reconnaissance historique ; ne pas attribuer le composé à une seule espèce.",NONE,,viandes ovines et caprines,,NONE,,viandes ovines et caprines,NONE,,viandes ovines et caprines,,NONE,,viandes ovines et caprines,viandes ovines et caprines,FR,FAMILY_OR_CURRENT_OWNER_NOT_PROOF_OF_RECOGNITION,BROADER_FAMILY_OR_SPECIFIC_DENOMINATION_REVIEW_REQUIRED,DOCUMENTARY_ONLY,NO_NEW_ALIAS_KEY_PROPOSED,,,,,viandes ovine et caprine|viande bovine|viande de porc,,,NOT_PROPOSED_CONTEXT_ONLY,,,,TARGETED_PRIMARY_PDF,02013R1308,2026-08-18,2026-10-06,fc74f08aa87e22c0fe38cf896a1a323c64cbf7ea
M0034,M06,VIANDES,COLLECTIVE_SPECIES_MEAT,FR,FR,viandes ovine et caprine,viandes ovine et caprine,,CELEX_02013R1308-20260818_FR_TXT.pdf,145,"Annexe I XVIII, titre/NC 0204",1816,"e toutes espèces, y 
compris les graisses de toute nature ou origine  
PARTIE XVIII  
Viandes ovines et caprines  
Le secteur des viandes ovine et caprine couvre les produits énu mérés dans le 
tableau suivant:  
Code NC Description  
a) 0104 10 30 Agneaux (jusqu'à l'âge d'un an)  
0104 10 80 Animaux vi",5ea4e8f11d1ad1871ae780bbdc05ee4beff9a2283b8876be6bffaec4e73f4a4c,Rubriques/entrées réglementaires parallèles ; seules les formes explicitement listées sont retenues dans chaque langue,EXACT_SOURCE_SUBTERM,meat,meat:NON_VEGAN,,,ALREADY_COVERED,REVIEW_REQUIRED,NO,"Conjonction ou/ou-et, pluriels et ellipses : risque de fragment reconnu ou inconnu résiduel ; aucune reconstruction de Schaffleisch à partir de Schaf-.","Une ligne collective ne prouve pas un mélange d'ingrédients, ni une identité entre mouton et chèvre. Conserver sa reconnaissance historique ; ne pas attribuer le composé à une seule espèce.",EXACT,meat,,meat,EXACT,meat,,EXACT,meat,,meat,EXACT,meat,,viandes ovine et caprine,FR,FAMILY_OR_CURRENT_OWNER_NOT_PROOF_OF_RECOGNITION,BROADER_FAMILY_OR_SPECIFIC_DENOMINATION_REVIEW_REQUIRED,DOCUMENTARY_ONLY,NO_NEW_ALIAS_KEY_PROPOSED,meat,meat,meat,meat:NON_VEGAN,,,,ALREADY_RECOGNIZED_NO_ALIAS_PROPOSED,Cf5acad2e40dd02,Cf5acad2e40dd02,,BROAD_CSV_AND_PRIMARY_PDF,02013R1308,2026-08-18,2026-10-06,fc74f08aa87e22c0fe38cf896a1a323c64cbf7ea
M0035,M06,VIANDES,COLLECTIVE_SPECIES_MEAT,FR,FR,Viandes des animaux des espèces ovine et caprine,Viandes des animaux des espèces ovine et caprine,,CELEX_02013R1308-20260818_FR_TXT.pdf,145,"Annexe I XVIII, titre/NC 0204",2172,"rs de race pure et les agneaux  
0104 20 90 Animaux vivants de l'espèce caprine, autres que les reproducteurs de race pure  
0204 Viandes des animaux des espèces ovine et caprine, fraîches , réfrigérées ou congelées  
0210 99 21 Viandes des animaux des espèces ovine et caprine non  désossées, salées ou en saumure, 
séchées ou ",5ea4e8f11d1ad1871ae780bbdc05ee4beff9a2283b8876be6bffaec4e73f4a4c,Rubriques/entrées réglementaires parallèles ; seules les formes explicitement listées sont retenues dans chaque langue,EXACT_SOURCE_SUBTERM,meat,meat:NON_VEGAN,,,OBSERVE_REGULATORY_COMPOSITE_NO_ALIAS_PROPOSED,REVIEW_REQUIRED,NO,"Conjonction ou/ou-et, pluriels et ellipses : risque de fragment reconnu ou inconnu résiduel ; aucune reconstruction de Schaffleisch à partir de Schaf-.","Une ligne collective ne prouve pas un mélange d'ingrédients, ni une identité entre mouton et chèvre. Conserver sa reconnaissance historique ; ne pas attribuer le composé à une seule espèce.",NONE,,viandes des animaux des especes ovine et caprine,,NONE,,viandes des animaux des especes ovine et caprine,NONE,,viandes des animaux des especes ovine et caprine,,NONE,,viandes des animaux des especes ovine et caprine,viandes des animaux des especes ovine et caprine,FR,FAMILY_OR_CURRENT_OWNER_NOT_PROOF_OF_RECOGNITION,BROADER_FAMILY_OR_SPECIFIC_DENOMINATION_REVIEW_REQUIRED,DOCUMENTARY_ONLY,NO_NEW_ALIAS_KEY_PROPOSED,,,,,viandes ovine et caprine,,,NOT_PROPOSED_CONTEXT_ONLY,C0b269b1e372a26,C0b269b1e372a26,,BROAD_CSV_AND_PRIMARY_PDF,02013R1308,2026-08-18,2026-10-06,fc74f08aa87e22c0fe38cf896a1a323c64cbf7ea
M0036,M06,VIANDES,COLLECTIVE_SPECIES_MEAT,NL,NL,Schapen- en geitenvlees,Schapen- en geitenvlees,,CELEX_02013R1308-20260818_NL_TXT.pdf,145,"Annexe I XVIII, titre/NC 0204",1730,"htspercenten worst, vlees of slachtafvallen van alle so orten, met inbegrip van vet 
van alle soorten of oorsprong  
DEEL XVIII  
Schapen- en geitenvlees  
De in de onderstaande tabel opgenomen producten vallen onder de  sector 
schapen- en geitenvlees.  
GN-code Omschrijving  
a) 0104 10 30 Lammeren (",99ee3d7c91c02249f6ca6ffca15e06cf2e9603ab9718919138dd2a981281bb74,Rubriques/entrées réglementaires parallèles ; seules les formes explicitement listées sont retenues dans chaque langue,EXACT_SOURCE_SUBTERM,meat,meat:NON_VEGAN,,,ALREADY_COVERED,REVIEW_REQUIRED,NO,"Conjonction ou/ou-et, pluriels et ellipses : risque de fragment reconnu ou inconnu résiduel ; aucune reconstruction de Schaffleisch à partir de Schaf-.","Une ligne collective ne prouve pas un mélange d'ingrédients, ni une identité entre mouton et chèvre. Conserver sa reconnaissance historique ; ne pas attribuer le composé à une seule espèce.",EXACT,meat,,meat,EXACT,meat,,EXACT,meat,,meat,EXACT,meat,,schapen en geitenvlees,NL,FAMILY_OR_CURRENT_OWNER_NOT_PROOF_OF_RECOGNITION,BROADER_FAMILY_OR_SPECIFIC_DENOMINATION_REVIEW_REQUIRED,DOCUMENTARY_ONLY,NO_NEW_ALIAS_KEY_PROPOSED,meat,meat,meat,meat:NON_VEGAN,,,,ALREADY_RECOGNIZED_NO_ALIAS_PROPOSED,C8329bc1b4d1728|Ca9c00edccba63a,Ca9c00edccba63a,,BROAD_CSV_AND_PRIMARY_PDF,02013R1308,2026-08-18,2026-10-06,fc74f08aa87e22c0fe38cf896a1a323c64cbf7ea
M0037,M06,VIANDES,COLLECTIVE_SPECIES_MEAT,NL,NL,Vlees van schapen of van geiten,Vlees van schapen of van geiten,,CELEX_02013R1308-20260818_NL_TXT.pdf,145,"Annexe I XVIII, titre/NC 0204",2087,"pen, andere dan fokdieren van zuiver ras  en dan lammeren  
0104 20 90 Levende geiten, andere dan fokdieren van zuiver ras  
0204 Vlees van schapen of van geiten, vers, gekoeld of bevroren  
0210 99 21 Vlees van schapen en van geiten, met been, gezouten,  gepekeld, gedroogd of gerookt  
0210 99 29 Vlees van sc",99ee3d7c91c02249f6ca6ffca15e06cf2e9603ab9718919138dd2a981281bb74,Rubriques/entrées réglementaires parallèles ; seules les formes explicitement listées sont retenues dans chaque langue,EXACT_SOURCE_SUBTERM,meat,meat:NON_VEGAN,,,OBSERVE_REGULATORY_COMPOSITE_NO_ALIAS_PROPOSED,REVIEW_REQUIRED,NO,"Conjonction ou/ou-et, pluriels et ellipses : risque de fragment reconnu ou inconnu résiduel ; aucune reconstruction de Schaffleisch à partir de Schaf-.","Une ligne collective ne prouve pas un mélange d'ingrédients, ni une identité entre mouton et chèvre. Conserver sa reconnaissance historique ; ne pas attribuer le composé à une seule espèce.",PARTIAL_CONTEXTUAL,meat,van schapen of van geiten,,PARTIAL_CONTEXTUAL,meat,van schapen of van geiten,PARTIAL_CONTEXTUAL,meat,van schapen of van geiten,,PARTIAL_CONTEXTUAL,meat,van schapen of van geiten,vlees van schapen of van geiten,NL,FAMILY_OR_CURRENT_OWNER_NOT_PROOF_OF_RECOGNITION,BROADER_FAMILY_OR_SPECIFIC_DENOMINATION_REVIEW_REQUIRED,DOCUMENTARY_ONLY,NO_NEW_ALIAS_KEY_PROPOSED,,,,meat:NON_VEGAN,schapen en geitenvlees,,,NOT_PROPOSED_CONTEXT_ONLY,C7270fc5afa3c77,C7270fc5afa3c77,,BROAD_CSV_AND_PRIMARY_PDF,02013R1308,2026-08-18,2026-10-06,fc74f08aa87e22c0fe38cf896a1a323c64cbf7ea
M0038,M06,VIANDES,COLLECTIVE_SPECIES_MEAT,EN,EN,Sheepmeat and goatmeat,Sheepmeat and goatmeat,,CELEX_02013R1308-20260818_EN_TXT.pdf,145,"Annexe I XVIII, titre/NC 0204",1490,"0 % by 
weight of sausages and the like, of meat and meat offal of any kind, including fats of any 
kind or origin  
PART XVIII  
Sheepmeat and goatmeat  
The sheepmeat and goatmeat sector shall cover the products list ed in the 
following table:  
CN code Description  
(a) 0104 10 30 Lambs (up to one",b5cc2ea8e761cc408cca7f8930de7b2c01c2609f88dcb5a6bdbc4882e4455d11,Rubriques/entrées réglementaires parallèles ; seules les formes explicitement listées sont retenues dans chaque langue,EXACT_SOURCE_SUBTERM,meat,meat:NON_VEGAN,,,ALREADY_COVERED,REVIEW_REQUIRED,NO,"Conjonction ou/ou-et, pluriels et ellipses : risque de fragment reconnu ou inconnu résiduel ; aucune reconstruction de Schaffleisch à partir de Schaf-.","Une ligne collective ne prouve pas un mélange d'ingrédients, ni une identité entre mouton et chèvre. Conserver sa reconnaissance historique ; ne pas attribuer le composé à une seule espèce.",EXACT,meat,,meat,EXACT,meat,,EXACT,meat,,meat,EXACT,meat,,sheepmeat and goatmeat,EN,FAMILY_OR_CURRENT_OWNER_NOT_PROOF_OF_RECOGNITION,BROADER_FAMILY_OR_SPECIFIC_DENOMINATION_REVIEW_REQUIRED,DOCUMENTARY_ONLY,NO_NEW_ALIAS_KEY_PROPOSED,meat,meat,meat,meat:NON_VEGAN,,,,ALREADY_RECOGNIZED_NO_ALIAS_PROPOSED,C7cccdd15339852|Cb962667d2a5ed0,Cb962667d2a5ed0,,BROAD_CSV_AND_PRIMARY_PDF,02013R1308,2026-08-18,2026-10-06,fc74f08aa87e22c0fe38cf896a1a323c64cbf7ea
M0039,M06,VIANDES,COLLECTIVE_SPECIES_MEAT,EN,EN,Meat of sheep or goats,Meat of sheep or goats,,CELEX_02013R1308-20260818_EN_TXT.pdf,145,"Annexe I XVIII, titre/NC 0204",1815," Live sheep other than pure-bred breeding animals and  lambs  
0104 20 90 Live goats other than pure-bred breeding animals  
0204 Meat of sheep or goats, fresh, chilled or frozen  
0210 99 21 Meat of sheep and goats, with bone in, salted, in br ine, dried or smoked  
0210 99 29 Meat of sheep and goats",b5cc2ea8e761cc408cca7f8930de7b2c01c2609f88dcb5a6bdbc4882e4455d11,Rubriques/entrées réglementaires parallèles ; seules les formes explicitement listées sont retenues dans chaque langue,EXACT_SOURCE_SUBTERM,meat,meat:NON_VEGAN,,,OBSERVE_REGULATORY_COMPOSITE_NO_ALIAS_PROPOSED,REVIEW_REQUIRED,NO,"Conjonction ou/ou-et, pluriels et ellipses : risque de fragment reconnu ou inconnu résiduel ; aucune reconstruction de Schaffleisch à partir de Schaf-.","Une ligne collective ne prouve pas un mélange d'ingrédients, ni une identité entre mouton et chèvre. Conserver sa reconnaissance historique ; ne pas attribuer le composé à une seule espèce.",PARTIAL_CONTEXTUAL,meat,of sheep or goats,,PARTIAL_CONTEXTUAL,meat,of sheep or goats,PARTIAL_CONTEXTUAL,meat,of sheep or goats,,PARTIAL_CONTEXTUAL,meat,of sheep or goats,meat of sheep or goats,EN,FAMILY_OR_CURRENT_OWNER_NOT_PROOF_OF_RECOGNITION,BROADER_FAMILY_OR_SPECIFIC_DENOMINATION_REVIEW_REQUIRED,DOCUMENTARY_ONLY,NO_NEW_ALIAS_KEY_PROPOSED,,,,meat:NON_VEGAN,sheepmeat and goatmeat,,,NOT_PROPOSED_CONTEXT_ONLY,C2bd8e0a875f496,C2bd8e0a875f496,,BROAD_CSV_AND_PRIMARY_PDF,02013R1308,2026-08-18,2026-10-06,fc74f08aa87e22c0fe38cf896a1a323c64cbf7ea
M0040,M06,VIANDES,COLLECTIVE_SPECIES_MEAT,DE,DE,Schaf- und Ziegenfleisch,Schaf- und Ziegenfleisch,,CELEX_02013R1308-20260818_DE_TXT.pdf,145,"Annexe I XVIII, titre/NC 0204",1857,"ugnisse, Fleisch und Schlachtnebenerzeugnisse jeder Art, einschließlich 
Fette jeder Art oder Herkunft, enthaltend  
TEIL XVIII  
Schaf- und Ziegenfleisch  
Der Sektor Schaf- und Ziegenfleisch umfasst die in nachstehende r Tabelle auf­
geführten Erzeugnisse:  
KN-Code Warenbezeichnung  
a) 0104 10 30 Lä",64a45b265e50b848f0a1ae239b94a1feef40608b69c69c9e5e14f0ffb7328dda,Rubriques/entrées réglementaires parallèles ; seules les formes explicitement listées sont retenues dans chaque langue,EXACT_SOURCE_SUBTERM,meat,meat:NON_VEGAN,,,ALREADY_COVERED,REVIEW_REQUIRED,NO,"Conjonction ou/ou-et, pluriels et ellipses : risque de fragment reconnu ou inconnu résiduel ; aucune reconstruction de Schaffleisch à partir de Schaf-.","Une ligne collective ne prouve pas un mélange d'ingrédients, ni une identité entre mouton et chèvre. Conserver sa reconnaissance historique ; ne pas attribuer le composé à une seule espèce.",EXACT,meat,,meat,EXACT,meat,,EXACT,meat,,meat,EXACT,meat,,schaf und ziegenfleisch,DE,FAMILY_OR_CURRENT_OWNER_NOT_PROOF_OF_RECOGNITION,BROADER_FAMILY_OR_SPECIFIC_DENOMINATION_REVIEW_REQUIRED,DOCUMENTARY_ONLY,NO_NEW_ALIAS_KEY_PROPOSED,meat,meat,meat,meat:NON_VEGAN,,,,ALREADY_RECOGNIZED_NO_ALIAS_PROPOSED,C32d777a08245b7,C32d777a08245b7,,BROAD_CSV_AND_PRIMARY_PDF,02013R1308,2026-08-18,2026-10-06,fc74f08aa87e22c0fe38cf896a1a323c64cbf7ea
M0041,M06,VIANDES,COLLECTIVE_SPECIES_MEAT,DE,DE,Fleisch von Schafen oder Ziegen,Fleisch von Schafen oder Ziegen,,CELEX_02013R1308-20260818_DE_TXT.pdf,145,"Annexe I XVIII, titre/NC 0204",2205,"hafe, lebend, andere als reinrassige Zuchttiere un d Lämmer  
0104 20 90 Ziegen, lebend, andere als reinrassige Zuchttiere  
0204 Fleisch von Schafen oder Ziegen, frisch, gekühlt oder gefr oren 
0210 99 21 Fleisch von Schafen oder Ziegen, mit Knochen, gesalz en, in Salzlake, getrocknet oder 
geräuchert 
0210 9",64a45b265e50b848f0a1ae239b94a1feef40608b69c69c9e5e14f0ffb7328dda,Rubriques/entrées réglementaires parallèles ; seules les formes explicitement listées sont retenues dans chaque langue,EXACT_SOURCE_SUBTERM,meat,meat:NON_VEGAN,,,OBSERVE_REGULATORY_COMPOSITE_NO_ALIAS_PROPOSED,REVIEW_REQUIRED,NO,"Conjonction ou/ou-et, pluriels et ellipses : risque de fragment reconnu ou inconnu résiduel ; aucune reconstruction de Schaffleisch à partir de Schaf-.","Une ligne collective ne prouve pas un mélange d'ingrédients, ni une identité entre mouton et chèvre. Conserver sa reconnaissance historique ; ne pas attribuer le composé à une seule espèce.",NONE,,fleisch von schafen oder ziegen,,NONE,,fleisch von schafen oder ziegen,NONE,,fleisch von schafen oder ziegen,,NONE,,fleisch von schafen oder ziegen,fleisch von schafen oder ziegen,DE,FAMILY_OR_CURRENT_OWNER_NOT_PROOF_OF_RECOGNITION,BROADER_FAMILY_OR_SPECIFIC_DENOMINATION_REVIEW_REQUIRED,DOCUMENTARY_ONLY,NO_NEW_ALIAS_KEY_PROPOSED,,,,,schaf und ziegenfleisch,,,NOT_PROPOSED_CONTEXT_ONLY,C90a22ca96463b5,C90a22ca96463b5,,BROAD_CSV_AND_PRIMARY_PDF,02013R1308,2026-08-18,2026-10-06,fc74f08aa87e22c0fe38cf896a1a323c64cbf7ea
M0042,M07,VIANDES,SPECIES_MEAT,NL,NL,schapenvlees,schapenvlees,schapenvlees,CELEX_02013R1308-20260818_NL_TXT.pdf,13,Art.18(4)(c) p.13 NL ; annexe I XVIII EN,1366,"ende bepalingen voor de betrokken producten, ond er 
meer inzake de bevleesdheids- en de vetbedekkingsklassen, en, i n de 
sector schapenvlees, aanvullende bepalingen inzake gewicht, vle es­
kleur en vetbedekking en de criteria voor de indeling van karka ssen 
van lichte lammeren;  
d) tot v",99ee3d7c91c02249f6ca6ffca15e06cf2e9603ab9718919138dd2a981281bb74,Noms du secteur ovin : NL art.18(4)(c) p.13 et EN titre annexe I XVIII p.145 ; aucun alignement de nom individuel FR/DE,EXACT_SOURCE_SUBTERM,meat,meat:NON_VEGAN,sheep_meat,NON_ATTRIBUE_CONCEPT_ABSENT,PROPOSE_DISTINCT_CONCEPT,REVIEW_REQUIRED,NO,"Nom d'animal ou de viande dans une alternative végétale, un arôme, un titre ou une mention d'œufs/lait : exiger le contexte d'ingrédient réel ; aucune nouvelle règle de verdict. sheepmeat est actuellement proche du composé sheepmeat and goatmeat, sans stemming.","Noms complets utiles à reconnaître séparément ; pas de FR mouton, ni DE Schaffleisch attesté comme mot entier dans cette extraction.",NONE,,schapenvlees,,NONE,,schapenvlees,NONE,,schapenvlees,,NONE,,schapenvlees,schapenvlees,NL,FAMILY_OR_CURRENT_OWNER_NOT_PROOF_OF_RECOGNITION,BROADER_FAMILY_OR_SPECIFIC_DENOMINATION_REVIEW_REQUIRED,LABEL_CANDIDATE,SEMANTIC_OR_LANGUAGE_REVIEW_REQUIRED,,,,,schapen en geitenvlees|varkensvlees|schweinefleisch,,sheep_meat|NL|schapenvlees,POTENTIAL_NEW_SURFACE,,,,TARGETED_PRIMARY_PDF,02013R1308,2026-08-18,2026-10-06,fc74f08aa87e22c0fe38cf896a1a323c64cbf7ea
M0043,M07,VIANDES,SPECIES_MEAT,EN,EN,Sheepmeat,Sheepmeat,Sheepmeat,CELEX_02013R1308-20260818_EN_TXT.pdf,145,Art.18(4)(c) p.13 NL ; annexe I XVIII EN,1490,"0 % by 
weight of sausages and the like, of meat and meat offal of any kind, including fats of any 
kind or origin  
PART XVIII  
Sheepmeat and goatmeat  
The sheepmeat and goatmeat sector shall cover the products list ed in the 
following table:  
CN code Description  
(a) 0104 10 30 Lam",b5cc2ea8e761cc408cca7f8930de7b2c01c2609f88dcb5a6bdbc4882e4455d11,Noms du secteur ovin : NL art.18(4)(c) p.13 et EN titre annexe I XVIII p.145 ; aucun alignement de nom individuel FR/DE,EXACT_SOURCE_SUBTERM,meat,meat:NON_VEGAN,sheep_meat,NON_ATTRIBUE_CONCEPT_ABSENT,PROPOSE_DISTINCT_CONCEPT,REVIEW_REQUIRED,NO,"Nom d'animal ou de viande dans une alternative végétale, un arôme, un titre ou une mention d'œufs/lait : exiger le contexte d'ingrédient réel ; aucune nouvelle règle de verdict. sheepmeat est actuellement proche du composé sheepmeat and goatmeat, sans stemming.","Noms complets utiles à reconnaître séparément ; pas de FR mouton, ni DE Schaffleisch attesté comme mot entier dans cette extraction.",NONE,,sheepmeat,,NONE,,sheepmeat,NONE,,sheepmeat,,NONE,,sheepmeat,sheepmeat,EN,FAMILY_OR_CURRENT_OWNER_NOT_PROOF_OF_RECOGNITION,BROADER_FAMILY_OR_SPECIFIC_DENOMINATION_REVIEW_REQUIRED,LABEL_CANDIDATE,SEMANTIC_OR_LANGUAGE_REVIEW_REQUIRED,,,,,pigmeat|meat|sheepmeat and goatmeat,,sheep_meat|EN|sheepmeat,POTENTIAL_NEW_SURFACE,,Cb962667d2a5ed0,,BROAD_CSV_AND_PRIMARY_PDF,02013R1308,2026-08-18,2026-10-06,fc74f08aa87e22c0fe38cf896a1a323c64cbf7ea
M0044,M08,VIANDES,SPECIES_MEAT,NL,NL,geitenvlees,geitenvlees,geitenvlees,CELEX_02013R1308-20260818_NL_TXT.pdf,145,"Annexe I XVIII, composés du titre",1742," worst, vlees of slachtafvallen van alle so orten, met inbegrip van vet 
van alle soorten of oorsprong  
DEEL XVIII  
Schapen- en geitenvlees  
De in de onderstaande tabel opgenomen producten vallen onder de  sector 
schapen- en geitenvlees.  
GN-code Omschrijving  
a) 0104 10 30 Lammeren (",99ee3d7c91c02249f6ca6ffca15e06cf2e9603ab9718919138dd2a981281bb74,Rubriques/entrées réglementaires parallèles ; seules les formes explicitement listées sont retenues dans chaque langue,EXACT_SOURCE_SUBTERM,meat,meat:NON_VEGAN,goat_meat,NON_ATTRIBUE_CONCEPT_ABSENT,PROPOSE_DISTINCT_CONCEPT,REVIEW_REQUIRED,NO,"Nom d'animal ou de viande dans une alternative végétale, un arôme, un titre ou une mention d'œufs/lait : exiger le contexte d'ingrédient réel ; aucune nouvelle règle de verdict. Les composés collectifs existants ne reconnaissent pas automatiquement ces mots isolés.",Mots complets réellement présents comme parties du titre collectif. Une viande caprine spécifique serait utile ; aucune traduction FR viande de chèvre n'est ajoutée.,NONE,,geitenvlees,,NONE,,geitenvlees,NONE,,geitenvlees,,NONE,,geitenvlees,geitenvlees,NL,FAMILY_OR_CURRENT_OWNER_NOT_PROOF_OF_RECOGNITION,BROADER_FAMILY_OR_SPECIFIC_DENOMINATION_REVIEW_REQUIRED,LABEL_CANDIDATE,SEMANTIC_OR_LANGUAGE_REVIEW_REQUIRED,,,,,schapen en geitenvlees|vlees|varkensvlees,,goat_meat|NL|geitenvlees,POTENTIAL_NEW_SURFACE,,Ca9c00edccba63a,,BROAD_CSV_AND_PRIMARY_PDF,02013R1308,2026-08-18,2026-10-06,fc74f08aa87e22c0fe38cf896a1a323c64cbf7ea
M0045,M08,VIANDES,SPECIES_MEAT,EN,EN,goatmeat,goatmeat,goatmeat,CELEX_02013R1308-20260818_EN_TXT.pdf,145,"Annexe I XVIII, composés du titre",1504," of sausages and the like, of meat and meat offal of any kind, including fats of any 
kind or origin  
PART XVIII  
Sheepmeat and goatmeat  
The sheepmeat and goatmeat sector shall cover the products list ed in the 
following table:  
CN code Description  
(a) 0104 10 30 Lambs (up to one",b5cc2ea8e761cc408cca7f8930de7b2c01c2609f88dcb5a6bdbc4882e4455d11,Rubriques/entrées réglementaires parallèles ; seules les formes explicitement listées sont retenues dans chaque langue,EXACT_SOURCE_SUBTERM,meat,meat:NON_VEGAN,goat_meat,NON_ATTRIBUE_CONCEPT_ABSENT,PROPOSE_DISTINCT_CONCEPT,REVIEW_REQUIRED,NO,"Nom d'animal ou de viande dans une alternative végétale, un arôme, un titre ou une mention d'œufs/lait : exiger le contexte d'ingrédient réel ; aucune nouvelle règle de verdict. Les composés collectifs existants ne reconnaissent pas automatiquement ces mots isolés.",Mots complets réellement présents comme parties du titre collectif. Une viande caprine spécifique serait utile ; aucune traduction FR viande de chèvre n'est ajoutée.,NONE,,goatmeat,,NONE,,goatmeat,NONE,,goatmeat,,NONE,,goatmeat,goatmeat,EN,FAMILY_OR_CURRENT_OWNER_NOT_PROOF_OF_RECOGNITION,BROADER_FAMILY_OR_SPECIFIC_DENOMINATION_REVIEW_REQUIRED,LABEL_CANDIDATE,SEMANTIC_OR_LANGUAGE_REVIEW_REQUIRED,,,,,pigmeat|meat|poultrymeat,,goat_meat|EN|goatmeat,POTENTIAL_NEW_SURFACE,,Cb962667d2a5ed0,,BROAD_CSV_AND_PRIMARY_PDF,02013R1308,2026-08-18,2026-10-06,fc74f08aa87e22c0fe38cf896a1a323c64cbf7ea
M0046,M08,VIANDES,SPECIES_MEAT,DE,DE,Ziegenfleisch,Ziegenfleisch,Ziegenfleisch,CELEX_02013R1308-20260818_DE_TXT.pdf,145,"Annexe I XVIII, composés du titre",1868,"eisch und Schlachtnebenerzeugnisse jeder Art, einschließlich 
Fette jeder Art oder Herkunft, enthaltend  
TEIL XVIII  
Schaf- und Ziegenfleisch  
Der Sektor Schaf- und Ziegenfleisch umfasst die in nachstehende r Tabelle auf­
geführten Erzeugnisse:  
KN-Code Warenbezeichnung  
a) 0104 10 30 Lä",64a45b265e50b848f0a1ae239b94a1feef40608b69c69c9e5e14f0ffb7328dda,Rubriques/entrées réglementaires parallèles ; seules les formes explicitement listées sont retenues dans chaque langue,EXACT_SOURCE_SUBTERM,meat,meat:NON_VEGAN,goat_meat,NON_ATTRIBUE_CONCEPT_ABSENT,PROPOSE_DISTINCT_CONCEPT,REVIEW_REQUIRED,NO,"Nom d'animal ou de viande dans une alternative végétale, un arôme, un titre ou une mention d'œufs/lait : exiger le contexte d'ingrédient réel ; aucune nouvelle règle de verdict. Les composés collectifs existants ne reconnaissent pas automatiquement ces mots isolés.",Mots complets réellement présents comme parties du titre collectif. Une viande caprine spécifique serait utile ; aucune traduction FR viande de chèvre n'est ajoutée.,NONE,,ziegenfleisch,,NONE,,ziegenfleisch,NONE,,ziegenfleisch,,NONE,,ziegenfleisch,ziegenfleisch,DE,FAMILY_OR_CURRENT_OWNER_NOT_PROOF_OF_RECOGNITION,BROADER_FAMILY_OR_SPECIFIC_DENOMINATION_REVIEW_REQUIRED,LABEL_CANDIDATE,SEMANTIC_OR_LANGUAGE_REVIEW_REQUIRED,,,,,rindfleisch|schaf und ziegenfleisch|schweinefleisch,,goat_meat|DE|ziegenfleisch,POTENTIAL_NEW_SURFACE,,C32d777a08245b7,,BROAD_CSV_AND_PRIMARY_PDF,02013R1308,2026-08-18,2026-10-06,fc74f08aa87e22c0fe38cf896a1a323c64cbf7ea
M0047,M09,VIANDES,LIVE_SPECIES,FR,FR,Agneaux,Agneaux,,CELEX_02013R1308-20260818_FR_TXT.pdf,145,Annexe I XVIII NC 0104 10 30,1935,"ecteur des viandes ovine et caprine couvre les produits énu mérés dans le 
tableau suivant:  
Code NC Description  
a) 0104 10 30 Agneaux (jusqu'à l'âge d'un an)  
0104 10 80 Animaux vivants de l'espèce ovine, autres que les re producteurs de race pure et les agneaux  
0104 20 90 Animau",5ea4e8f11d1ad1871ae780bbdc05ee4beff9a2283b8876be6bffaec4e73f4a4c,Rubriques/entrées réglementaires parallèles ; seules les formes explicitement listées sont retenues dans chaque langue,EXACT_SOURCE_SUBTERM,meat,meat:NON_VEGAN,,,DEFER_CONTEXT_ONLY,REVIEW_REQUIRED,NO,"Ne pas inventer agneau/lamb singuliers, lamsvlees/Lammfleisch, ni créer un concept alimentaire à partir de la ligne d'animaux vivants.","Le texte atteste des animaux vivants jusqu'à un an, puis du classement de carcasses. Les alias agneau/lamb déjà dans meat ne sont pas une preuve source de viande d'agneau ici.",NONE,,agneaux,,NONE,,agneaux,NONE,,agneaux,,NONE,,agneaux,agneaux,FR,FAMILY_OR_CURRENT_OWNER_NOT_PROOF_OF_RECOGNITION,BROADER_FAMILY_OR_SPECIFIC_DENOMINATION_REVIEW_REQUIRED,DOCUMENTARY_ONLY,NO_NEW_ALIAS_KEY_PROPOSED,,,,,agneau|veau,,,NOT_PROPOSED_CONTEXT_ONLY,,,,TARGETED_PRIMARY_PDF,02013R1308,2026-08-18,2026-10-06,fc74f08aa87e22c0fe38cf896a1a323c64cbf7ea
M0048,M09,VIANDES,LIVE_SPECIES,NL,NL,Lammeren,Lammeren,,CELEX_02013R1308-20260818_NL_TXT.pdf,145,Annexe I XVIII NC 0104 10 30,1893,"e onderstaande tabel opgenomen producten vallen onder de  sector 
schapen- en geitenvlees.  
GN-code Omschrijving  
a) 0104 10 30 Lammeren (tot de leeftĳd van één jaar)  
0104 10 80 Levende schapen, andere dan fokdieren van zuiver ras  en dan lammeren  
0104 20 90 Levende geiten, andere ",99ee3d7c91c02249f6ca6ffca15e06cf2e9603ab9718919138dd2a981281bb74,Rubriques/entrées réglementaires parallèles ; seules les formes explicitement listées sont retenues dans chaque langue,EXACT_SOURCE_SUBTERM,meat,meat:NON_VEGAN,,,DEFER_CONTEXT_ONLY,REVIEW_REQUIRED,NO,"Ne pas inventer agneau/lamb singuliers, lamsvlees/Lammfleisch, ni créer un concept alimentaire à partir de la ligne d'animaux vivants.","Le texte atteste des animaux vivants jusqu'à un an, puis du classement de carcasses. Les alias agneau/lamb déjà dans meat ne sont pas une preuve source de viande d'agneau ici.",NONE,,lammeren,,NONE,,lammeren,NONE,,lammeren,,NONE,,lammeren,lammeren,NL,FAMILY_OR_CURRENT_OWNER_NOT_PROOF_OF_RECOGNITION,BROADER_FAMILY_OR_SPECIFIC_DENOMINATION_REVIEW_REQUIRED,DOCUMENTARY_ONLY,NO_NEW_ALIAS_KEY_PROPOSED,,,,,lamb,,,NOT_PROPOSED_CONTEXT_ONLY,,,,TARGETED_PRIMARY_PDF,02013R1308,2026-08-18,2026-10-06,fc74f08aa87e22c0fe38cf896a1a323c64cbf7ea
M0049,M09,VIANDES,LIVE_SPECIES,EN,EN,Lambs,Lambs,,CELEX_02013R1308-20260818_EN_TXT.pdf,145,Annexe I XVIII NC 0104 10 30,1646,"he sheepmeat and goatmeat sector shall cover the products list ed in the 
following table:  
CN code Description  
(a) 0104 10 30 Lambs (up to one year old)  
0104 10 80 Live sheep other than pure-bred breeding animals and  lambs  
0104 20 90 Live goats other than pure-bred breeding a",b5cc2ea8e761cc408cca7f8930de7b2c01c2609f88dcb5a6bdbc4882e4455d11,Rubriques/entrées réglementaires parallèles ; seules les formes explicitement listées sont retenues dans chaque langue,EXACT_SOURCE_SUBTERM,meat,meat:NON_VEGAN,,,DEFER_CONTEXT_ONLY,REVIEW_REQUIRED,NO,"Ne pas inventer agneau/lamb singuliers, lamsvlees/Lammfleisch, ni créer un concept alimentaire à partir de la ligne d'animaux vivants.","Le texte atteste des animaux vivants jusqu'à un an, puis du classement de carcasses. Les alias agneau/lamb déjà dans meat ne sont pas une preuve source de viande d'agneau ici.",NONE,,lambs,,NONE,,lambs,NONE,,lambs,,NONE,,lambs,lambs,EN,FAMILY_OR_CURRENT_OWNER_NOT_PROOF_OF_RECOGNITION,BROADER_FAMILY_OR_SPECIFIC_DENOMINATION_REVIEW_REQUIRED,DOCUMENTARY_ONLY,NO_NEW_ALIAS_KEY_PROPOSED,,,,,lamb,,,NOT_PROPOSED_CONTEXT_ONLY,,Ce1a9dc3cc41899,,BROAD_CSV_AND_PRIMARY_PDF,02013R1308,2026-08-18,2026-10-06,fc74f08aa87e22c0fe38cf896a1a323c64cbf7ea
M0050,M09,VIANDES,LIVE_SPECIES,DE,DE,Lämmer,Lämmer,,CELEX_02013R1308-20260818_DE_TXT.pdf,145,Annexe I XVIII NC 0104 10 30,2029,"f- und Ziegenfleisch umfasst die in nachstehende r Tabelle auf­
geführten Erzeugnisse:  
KN-Code Warenbezeichnung  
a) 0104 10 30 Lämmer (bis zu einem Jahr alt)  
0104 10 80 Schafe, lebend, andere als reinrassige Zuchttiere un d Lämmer  
0104 20 90 Ziegen, lebend, andere als reinrassig",64a45b265e50b848f0a1ae239b94a1feef40608b69c69c9e5e14f0ffb7328dda,Rubriques/entrées réglementaires parallèles ; seules les formes explicitement listées sont retenues dans chaque langue,EXACT_SOURCE_SUBTERM,meat,meat:NON_VEGAN,,,DEFER_CONTEXT_ONLY,REVIEW_REQUIRED,NO,"Ne pas inventer agneau/lamb singuliers, lamsvlees/Lammfleisch, ni créer un concept alimentaire à partir de la ligne d'animaux vivants.","Le texte atteste des animaux vivants jusqu'à un an, puis du classement de carcasses. Les alias agneau/lamb déjà dans meat ne sont pas une preuve source de viande d'agneau ici.",NONE,,lammer,,NONE,,lammer,NONE,,lammer,,NONE,,lammer,lammer,DE,FAMILY_OR_CURRENT_OWNER_NOT_PROOF_OF_RECOGNITION,BROADER_FAMILY_OR_SPECIFIC_DENOMINATION_REVIEW_REQUIRED,DOCUMENTARY_ONLY,NO_NEW_ALIAS_KEY_PROPOSED,,,,,lamb,,,NOT_PROPOSED_CONTEXT_ONLY,,,,TARGETED_PRIMARY_PDF,02013R1308,2026-08-18,2026-10-06,fc74f08aa87e22c0fe38cf896a1a323c64cbf7ea
M0051,M10,VIANDES,MEAT,FR,FR,Viande de volaille,Viande de volaille,Viande de volaille,CELEX_02013R1308-20260818_FR_TXT.pdf,146,"Annexe I XX, titre ; annexe VII V.II.1-4 p.185",1142,"ement conservés, même additi onnés de sucre ou d'autres 
édulcorants, autres qu'impropres à des usages alimentaires  
PARTIE XX  
Viande de volaille  
Le secteur de la viande de volaille couvre les produits énuméré s dans le tableau 
suivant: 
Code NC Description  
a) 0105 Coqs, poules, canards, o",5ea4e8f11d1ad1871ae780bbdc05ee4beff9a2283b8876be6bffaec4e73f4a4c,Rubriques/entrées réglementaires parallèles ; seules les formes explicitement listées sont retenues dans chaque langue,EXACT_SOURCE_SUBTERM,meat,meat:NON_VEGAN,,,ALREADY_COVERED,REVIEW_REQUIRED,NO,"Nom d'animal ou de viande dans une alternative végétale, un arôme, un titre ou une mention d'œufs/lait : exiger le contexte d'ingrédient réel ; aucune nouvelle règle de verdict.","Les états thermiques sont des variantes du même aliment, pas de nouveaux concepts. Ajouter un alias uniquement si sa forme n'est pas couverte ; reconnaître une base avec reste n'est pas une couverture complète.",EXACT,meat,,meat,EXACT,meat,,EXACT,meat,,meat,EXACT,meat,,viande de volaille,FR,FAMILY_OR_CURRENT_OWNER_NOT_PROOF_OF_RECOGNITION,BROADER_FAMILY_OR_SPECIFIC_DENOMINATION_REVIEW_REQUIRED,LABEL_CANDIDATE,NO_NEW_ALIAS_KEY_PROPOSED,meat,meat,meat,meat:NON_VEGAN,,,,ALREADY_CANONICAL_AND_LANGUAGE_COVERED,C9237eaab86240a|Cfaefcf7d293b75,Cfaefcf7d293b75,,BROAD_CSV_AND_PRIMARY_PDF,02013R1308,2026-08-18,2026-10-06,fc74f08aa87e22c0fe38cf896a1a323c64cbf7ea
M0052,M10,VIANDES,MEAT,FR,FR,viande de volaille fraîche,viande de volaille fraîche,viande de volaille fraîche,CELEX_02013R1308-20260818_FR_TXT.pdf,185,"Annexe I XX, titre ; annexe VII V.II.1-4 p.185",1568,"e volaille»: la viande de volaille propre à la cons ommation 
humaine n'ayant subi aucun autre traitement que par le froid;  
2) «viande de volaille fraîche»: viande de volaille n'ayant été  durcie à 
aucun moment par le froid avant d'être maintenue en permanence à 
une température qui ne soit ni inférieu",5ea4e8f11d1ad1871ae780bbdc05ee4beff9a2283b8876be6bffaec4e73f4a4c,Rubriques/entrées réglementaires parallèles ; seules les formes explicitement listées sont retenues dans chaque langue,EXACT_SOURCE_SUBTERM,meat,meat:NON_VEGAN,,,PROPOSE_ALIAS_EXISTING,REVIEW_REQUIRED,NO,"Nom d'animal ou de viande dans une alternative végétale, un arôme, un titre ou une mention d'œufs/lait : exiger le contexte d'ingrédient réel ; aucune nouvelle règle de verdict.","Les états thermiques sont des variantes du même aliment, pas de nouveaux concepts. Ajouter un alias uniquement si sa forme n'est pas couverte ; reconnaître une base avec reste n'est pas une couverture complète.",PARTIAL_CONTEXTUAL,meat,fraiche,,PARTIAL_CONTEXTUAL,meat,fraiche,PARTIAL_CONTEXTUAL,meat,fraiche,,PARTIAL_CONTEXTUAL,meat,fraiche,viande de volaille fraiche,FR,FAMILY_OR_CURRENT_OWNER_NOT_PROOF_OF_RECOGNITION,BROADER_FAMILY_OR_SPECIFIC_DENOMINATION_REVIEW_REQUIRED,LABEL_CANDIDATE,SEMANTIC_OR_LANGUAGE_REVIEW_REQUIRED,,,,meat:NON_VEGAN,viande de volaille|viande de porc|viandes ovine et caprine,,meat|FR|viande de volaille fraiche,POTENTIAL_NEW_SURFACE,Cb0d33afbef35b1|Cfef70ad1ffec6e,Cfef70ad1ffec6e,,BROAD_CSV_AND_PRIMARY_PDF,02013R1308,2026-08-18,2026-10-06,fc74f08aa87e22c0fe38cf896a1a323c64cbf7ea
M0053,M10,VIANDES,MEAT,FR,FR,viande de volaille congelée,viande de volaille congelée,viande de volaille congelée,CELEX_02013R1308-20260818_FR_TXT.pdf,185,"Annexe I XX, titre ; annexe VII V.II.1-4 p.185",2208,", où le découpage et la manipulation sont effectués exclus ivement 
en vue d'une vente directe, sur place, au consommateur;  
3) «viande de volaille congelée»: viande de volaille devant êtr e congelée 
dès que possible dans le cadre des procédures normales d'abatta ge et 
devant être maintenue en permanenc",5ea4e8f11d1ad1871ae780bbdc05ee4beff9a2283b8876be6bffaec4e73f4a4c,Rubriques/entrées réglementaires parallèles ; seules les formes explicitement listées sont retenues dans chaque langue,EXACT_SOURCE_SUBTERM,meat,meat:NON_VEGAN,,,PROPOSE_ALIAS_EXISTING,REVIEW_REQUIRED,NO,"Nom d'animal ou de viande dans une alternative végétale, un arôme, un titre ou une mention d'œufs/lait : exiger le contexte d'ingrédient réel ; aucune nouvelle règle de verdict.","Les états thermiques sont des variantes du même aliment, pas de nouveaux concepts. Ajouter un alias uniquement si sa forme n'est pas couverte ; reconnaître une base avec reste n'est pas une couverture complète.",PARTIAL_CONTEXTUAL,meat,congelee,,PARTIAL_CONTEXTUAL,meat,congelee,PARTIAL_CONTEXTUAL,meat,congelee,,PARTIAL_CONTEXTUAL,meat,congelee,viande de volaille congelee,FR,FAMILY_OR_CURRENT_OWNER_NOT_PROOF_OF_RECOGNITION,BROADER_FAMILY_OR_SPECIFIC_DENOMINATION_REVIEW_REQUIRED,LABEL_CANDIDATE,SEMANTIC_OR_LANGUAGE_REVIEW_REQUIRED,,,,meat:NON_VEGAN,viande de volaille|viande de porc|viande bovine,,meat|FR|viande de volaille congelee,POTENTIAL_NEW_SURFACE,C2e14d06e92a9dc,C2e14d06e92a9dc,,BROAD_CSV_AND_PRIMARY_PDF,02013R1308,2026-08-18,2026-10-06,fc74f08aa87e22c0fe38cf896a1a323c64cbf7ea
M0054,M10,VIANDES,MEAT,FR,FR,viande de volaille surgelée,viande de volaille surgelée,viande de volaille surgelée,CELEX_02013R1308-20260818_FR_TXT.pdf,185,"Annexe I XX, titre ; annexe VII V.II.1-4 p.185",2439,"e des procédures normales d'abatta ge et 
devant être maintenue en permanence à une température ne dépass ant 
pas – 12 °C;  
4) «viande de volaille surgelée»: viande de volaille devant êtr e maintenue 
en permanence à une température ne dépassant pas – 18 °C, dans la 
limite des tolérances prévues par la ",5ea4e8f11d1ad1871ae780bbdc05ee4beff9a2283b8876be6bffaec4e73f4a4c,Rubriques/entrées réglementaires parallèles ; seules les formes explicitement listées sont retenues dans chaque langue,EXACT_SOURCE_SUBTERM,meat,meat:NON_VEGAN,,,PROPOSE_ALIAS_EXISTING,REVIEW_REQUIRED,NO,"Nom d'animal ou de viande dans une alternative végétale, un arôme, un titre ou une mention d'œufs/lait : exiger le contexte d'ingrédient réel ; aucune nouvelle règle de verdict.","Les états thermiques sont des variantes du même aliment, pas de nouveaux concepts. Ajouter un alias uniquement si sa forme n'est pas couverte ; reconnaître une base avec reste n'est pas une couverture complète.",PARTIAL_CONTEXTUAL,meat,surgelee,,PARTIAL_CONTEXTUAL,meat,surgelee,PARTIAL_CONTEXTUAL,meat,surgelee,,PARTIAL_CONTEXTUAL,meat,surgelee,viande de volaille surgelee,FR,FAMILY_OR_CURRENT_OWNER_NOT_PROOF_OF_RECOGNITION,BROADER_FAMILY_OR_SPECIFIC_DENOMINATION_REVIEW_REQUIRED,LABEL_CANDIDATE,SEMANTIC_OR_LANGUAGE_REVIEW_REQUIRED,,,,meat:NON_VEGAN,viande de volaille|viande de porc|viandes ovine et caprine,,meat|FR|viande de volaille surgelee,POTENTIAL_NEW_SURFACE,C38617b4f11fb71,C38617b4f11fb71,,BROAD_CSV_AND_PRIMARY_PDF,02013R1308,2026-08-18,2026-10-06,fc74f08aa87e22c0fe38cf896a1a323c64cbf7ea
M0055,M10,VIANDES,MEAT,NL,NL,Pluimveevlees,Pluimveevlees,Pluimveevlees,CELEX_02013R1308-20260818_NL_TXT.pdf,146,"Annexe I XX, titre ; annexe VII V.II.1-4 p.185",1119,"e wijze verd uurzaamd, ook indien met 
toegevoegde suiker of andere zoetstoffen, geschikt voor menseli jke consumptie  
DEEL XX  
Pluimveevlees 
De in de onderstaande tabel opgenomen producten vallen onder de  sector 
pluimveevlees. 
GN-code Omschrijving  
a) 0105 Levend pluimvee (hanen, kipp",99ee3d7c91c02249f6ca6ffca15e06cf2e9603ab9718919138dd2a981281bb74,Rubriques/entrées réglementaires parallèles ; seules les formes explicitement listées sont retenues dans chaque langue,EXACT_SOURCE_SUBTERM,meat,meat:NON_VEGAN,,,ALREADY_COVERED,REVIEW_REQUIRED,NO,"Nom d'animal ou de viande dans une alternative végétale, un arôme, un titre ou une mention d'œufs/lait : exiger le contexte d'ingrédient réel ; aucune nouvelle règle de verdict.","Les états thermiques sont des variantes du même aliment, pas de nouveaux concepts. Ajouter un alias uniquement si sa forme n'est pas couverte ; reconnaître une base avec reste n'est pas une couverture complète.",EXACT,meat,,meat,EXACT,meat,,EXACT,meat,,meat,EXACT,meat,,pluimveevlees,NL,FAMILY_OR_CURRENT_OWNER_NOT_PROOF_OF_RECOGNITION,BROADER_FAMILY_OR_SPECIFIC_DENOMINATION_REVIEW_REQUIRED,LABEL_CANDIDATE,NO_NEW_ALIAS_KEY_PROPOSED,meat,meat,meat,meat:NON_VEGAN,,,,ALREADY_CANONICAL_AND_LANGUAGE_COVERED,Cb1d79b1f20a899|Cde1bc0e175952b,Cde1bc0e175952b,,BROAD_CSV_AND_PRIMARY_PDF,02013R1308,2026-08-18,2026-10-06,fc74f08aa87e22c0fe38cf896a1a323c64cbf7ea
M0056,M10,VIANDES,MEAT,NL,NL,Vers pluimveevlees,Vers pluimveevlees,Vers pluimveevlees,CELEX_02013R1308-20260818_NL_TXT.pdf,185,"Annexe I XX, titre ; annexe VII V.II.1-4 p.185",1471,"ke consumptie geschikt vl ees van 
pluimvee dat geen enkele andere behandeling dan een koudebehand eling 
heeft ondergaan;  
(2) ""Vers pluimveevlees"": pluimveevlees dat op geen enkel momen t door 
koude is verstijfd voorafgaand aan de bewaring bij een temperat uur die 
niet lager mag zijn dan – 2 ",99ee3d7c91c02249f6ca6ffca15e06cf2e9603ab9718919138dd2a981281bb74,Rubriques/entrées réglementaires parallèles ; seules les formes explicitement listées sont retenues dans chaque langue,EXACT_SOURCE_SUBTERM,meat,meat:NON_VEGAN,,,PROPOSE_ALIAS_EXISTING,REVIEW_REQUIRED,NO,"Nom d'animal ou de viande dans une alternative végétale, un arôme, un titre ou une mention d'œufs/lait : exiger le contexte d'ingrédient réel ; aucune nouvelle règle de verdict.","Les états thermiques sont des variantes du même aliment, pas de nouveaux concepts. Ajouter un alias uniquement si sa forme n'est pas couverte ; reconnaître une base avec reste n'est pas une couverture complète.",PARTIAL_CONTEXTUAL,meat,vers,,PARTIAL_CONTEXTUAL,meat,vers,PARTIAL_CONTEXTUAL,meat,vers,,PARTIAL_CONTEXTUAL,meat,vers,vers pluimveevlees,NL,FAMILY_OR_CURRENT_OWNER_NOT_PROOF_OF_RECOGNITION,BROADER_FAMILY_OR_SPECIFIC_DENOMINATION_REVIEW_REQUIRED,LABEL_CANDIDATE,SEMANTIC_OR_LANGUAGE_REVIEW_REQUIRED,,,,meat:NON_VEGAN,pluimveevlees|varkensvlees|rundvlees,,meat|NL|vers pluimveevlees,POTENTIAL_NEW_SURFACE,C6bfd0be7de711c,C6bfd0be7de711c,,BROAD_CSV_AND_PRIMARY_PDF,02013R1308,2026-08-18,2026-10-06,fc74f08aa87e22c0fe38cf896a1a323c64cbf7ea
M0057,M10,VIANDES,MEAT,NL,NL,Bevroren pluimveevlees,Bevroren pluimveevlees,Bevroren pluimveevlees,CELEX_02013R1308-20260818_NL_TXT.pdf,185,"Annexe I XX, titre ; annexe VII V.II.1-4 p.185",2055,"vlees uitsluitend wordt versneden e n behan­
deld om ter plaatse rechtstreeks aan de consument te kunnen wor den 
geleverd; 
(3) ""Bevroren pluimveevlees"": pluimveevlees dat, zodra dit in h et kader van 
de normale slachtprocedures mogelijk is, moet worden bevroren e n moet 
te allen tijde worden bewaa",99ee3d7c91c02249f6ca6ffca15e06cf2e9603ab9718919138dd2a981281bb74,Rubriques/entrées réglementaires parallèles ; seules les formes explicitement listées sont retenues dans chaque langue,EXACT_SOURCE_SUBTERM,meat,meat:NON_VEGAN,,,PROPOSE_ALIAS_EXISTING,REVIEW_REQUIRED,NO,"Nom d'animal ou de viande dans une alternative végétale, un arôme, un titre ou une mention d'œufs/lait : exiger le contexte d'ingrédient réel ; aucune nouvelle règle de verdict.","Les états thermiques sont des variantes du même aliment, pas de nouveaux concepts. Ajouter un alias uniquement si sa forme n'est pas couverte ; reconnaître une base avec reste n'est pas une couverture complète.",PARTIAL_CONTEXTUAL,meat,bevroren,,PARTIAL_CONTEXTUAL,meat,bevroren,PARTIAL_CONTEXTUAL,meat,bevroren,,PARTIAL_CONTEXTUAL,meat,bevroren,bevroren pluimveevlees,NL,FAMILY_OR_CURRENT_OWNER_NOT_PROOF_OF_RECOGNITION,BROADER_FAMILY_OR_SPECIFIC_DENOMINATION_REVIEW_REQUIRED,LABEL_CANDIDATE,SEMANTIC_OR_LANGUAGE_REVIEW_REQUIRED,,,,meat:NON_VEGAN,pluimveevlees|varkensvlees,,meat|NL|bevroren pluimveevlees,POTENTIAL_NEW_SURFACE,C56ab8248461145,C56ab8248461145,,BROAD_CSV_AND_PRIMARY_PDF,02013R1308,2026-08-18,2026-10-06,fc74f08aa87e22c0fe38cf896a1a323c64cbf7ea
M0058,M10,VIANDES,MEAT,NL,NL,Diepgevroren pluimveevlees,Diepgevroren pluimveevlees,Diepgevroren pluimveevlees,CELEX_02013R1308-20260818_NL_TXT.pdf,185,"Annexe I XX, titre ; annexe VII V.II.1-4 p.185",2284,"s mogelijk is, moet worden bevroren e n moet 
te allen tijde worden bewaard bij een temperatuur van ten hoogs te – 
12 °C;  
(4) ""Diepgevroren pluimveevlees"": pluimveevlees dat moet worden  bewaard 
bij een temperatuur van ten hoogste – 18 °C, met inachtneming v an de 
in Richtlijn 89/108/EEG van de Raad ",99ee3d7c91c02249f6ca6ffca15e06cf2e9603ab9718919138dd2a981281bb74,Rubriques/entrées réglementaires parallèles ; seules les formes explicitement listées sont retenues dans chaque langue,EXACT_SOURCE_SUBTERM,meat,meat:NON_VEGAN,,,PROPOSE_ALIAS_EXISTING,REVIEW_REQUIRED,NO,"Nom d'animal ou de viande dans une alternative végétale, un arôme, un titre ou une mention d'œufs/lait : exiger le contexte d'ingrédient réel ; aucune nouvelle règle de verdict.","Les états thermiques sont des variantes du même aliment, pas de nouveaux concepts. Ajouter un alias uniquement si sa forme n'est pas couverte ; reconnaître une base avec reste n'est pas une couverture complète.",PARTIAL_CONTEXTUAL,meat,diepgevroren,,PARTIAL_CONTEXTUAL,meat,diepgevroren,PARTIAL_CONTEXTUAL,meat,diepgevroren,,PARTIAL_CONTEXTUAL,meat,diepgevroren,diepgevroren pluimveevlees,NL,FAMILY_OR_CURRENT_OWNER_NOT_PROOF_OF_RECOGNITION,BROADER_FAMILY_OR_SPECIFIC_DENOMINATION_REVIEW_REQUIRED,LABEL_CANDIDATE,SEMANTIC_OR_LANGUAGE_REVIEW_REQUIRED,,,,meat:NON_VEGAN,pluimveevlees,,meat|NL|diepgevroren pluimveevlees,POTENTIAL_NEW_SURFACE,C2fe1def2b468fe,C2fe1def2b468fe,,BROAD_CSV_AND_PRIMARY_PDF,02013R1308,2026-08-18,2026-10-06,fc74f08aa87e22c0fe38cf896a1a323c64cbf7ea
M0059,M10,VIANDES,MEAT,EN,EN,Poultrymeat,Poultrymeat,Poultrymeat,CELEX_02013R1308-20260818_EN_TXT.pdf,146,"Annexe I XX, titre ; annexe VII V.II.1-4 p.185",1000,"preserved, whether or not c ontaining added sugar or 
other sweetening matter, other than unfit for human consumption  
PART XX  
Poultrymeat 
The poultrymeat sector shall cover the products listed in the f ollowing table:  
CN code Description  
(a) 0105 Live poultry, that is to say, fowls",b5cc2ea8e761cc408cca7f8930de7b2c01c2609f88dcb5a6bdbc4882e4455d11,Rubriques/entrées réglementaires parallèles ; seules les formes explicitement listées sont retenues dans chaque langue,EXACT_SOURCE_SUBTERM,meat,meat:NON_VEGAN,,,ALREADY_COVERED,REVIEW_REQUIRED,NO,"Nom d'animal ou de viande dans une alternative végétale, un arôme, un titre ou une mention d'œufs/lait : exiger le contexte d'ingrédient réel ; aucune nouvelle règle de verdict.","Les états thermiques sont des variantes du même aliment, pas de nouveaux concepts. Ajouter un alias uniquement si sa forme n'est pas couverte ; reconnaître une base avec reste n'est pas une couverture complète.",EXACT,meat,,meat,EXACT,meat,,EXACT,meat,,meat,EXACT,meat,,poultrymeat,EN,FAMILY_OR_CURRENT_OWNER_NOT_PROOF_OF_RECOGNITION,BROADER_FAMILY_OR_SPECIFIC_DENOMINATION_REVIEW_REQUIRED,LABEL_CANDIDATE,NO_NEW_ALIAS_KEY_PROPOSED,meat,meat,meat,meat:NON_VEGAN,,,,ALREADY_CANONICAL_AND_LANGUAGE_COVERED,C93112a9723e055|Cb551f7b8f417ba,Cb551f7b8f417ba,,BROAD_CSV_AND_PRIMARY_PDF,02013R1308,2026-08-18,2026-10-06,fc74f08aa87e22c0fe38cf896a1a323c64cbf7ea
M0060,M10,VIANDES,MEAT,EN,EN,fresh poultrymeat,fresh poultrymeat,fresh poultrymeat,CELEX_02013R1308-20260818_EN_TXT.pdf,185,"Annexe I XX, titre ; annexe VII V.II.1-4 p.185",1340,"meat"" means poultrymeat suitable for human consumpt ion, 
which has not undergone any treatment other than cold treatment ; 
(2) ""fresh poultrymeat"" means poultrymeat which has not been st iffened at 
any time by the cooling process prior to being kept at a temper ature not 
below – 2 °C and not ",b5cc2ea8e761cc408cca7f8930de7b2c01c2609f88dcb5a6bdbc4882e4455d11,Rubriques/entrées réglementaires parallèles ; seules les formes explicitement listées sont retenues dans chaque langue,EXACT_SOURCE_SUBTERM,meat,meat:NON_VEGAN,,,PROPOSE_ALIAS_EXISTING,REVIEW_REQUIRED,NO,"Nom d'animal ou de viande dans une alternative végétale, un arôme, un titre ou une mention d'œufs/lait : exiger le contexte d'ingrédient réel ; aucune nouvelle règle de verdict.","Les états thermiques sont des variantes du même aliment, pas de nouveaux concepts. Ajouter un alias uniquement si sa forme n'est pas couverte ; reconnaître une base avec reste n'est pas une couverture complète.",PARTIAL_CONTEXTUAL,meat,fresh,,PARTIAL_CONTEXTUAL,meat,fresh,PARTIAL_CONTEXTUAL,meat,fresh,,PARTIAL_CONTEXTUAL,meat,fresh,fresh poultrymeat,EN,FAMILY_OR_CURRENT_OWNER_NOT_PROOF_OF_RECOGNITION,BROADER_FAMILY_OR_SPECIFIC_DENOMINATION_REVIEW_REQUIRED,LABEL_CANDIDATE,SEMANTIC_OR_LANGUAGE_REVIEW_REQUIRED,,,,meat:NON_VEGAN,poultrymeat|poulet,,meat|EN|fresh poultrymeat,POTENTIAL_NEW_SURFACE,Ca14ba93bd9e90d|Cc58bf87d4aa2de,Cc58bf87d4aa2de,,BROAD_CSV_AND_PRIMARY_PDF,02013R1308,2026-08-18,2026-10-06,fc74f08aa87e22c0fe38cf896a1a323c64cbf7ea
M0061,M10,VIANDES,MEAT,EN,EN,frozen poultrymeat,frozen poultrymeat,frozen poultrymeat,CELEX_02013R1308-20260818_EN_TXT.pdf,185,"Annexe I XX, titre ; annexe VII V.II.1-4 p.185",1898,"nts, where the cutting and handling are performed solely for  the 
purpose of supplying the consumer directly on the spot;  
(3) ""frozen poultrymeat"" means poultrymeat which must be frozen  as soon 
as possible within the constraints of normal slaughtering proce dures and 
is to be kept at a tempe",b5cc2ea8e761cc408cca7f8930de7b2c01c2609f88dcb5a6bdbc4882e4455d11,Rubriques/entrées réglementaires parallèles ; seules les formes explicitement listées sont retenues dans chaque langue,EXACT_SOURCE_SUBTERM,meat,meat:NON_VEGAN,,,PROPOSE_ALIAS_EXISTING,REVIEW_REQUIRED,NO,"Nom d'animal ou de viande dans une alternative végétale, un arôme, un titre ou une mention d'œufs/lait : exiger le contexte d'ingrédient réel ; aucune nouvelle règle de verdict.","Les états thermiques sont des variantes du même aliment, pas de nouveaux concepts. Ajouter un alias uniquement si sa forme n'est pas couverte ; reconnaître une base avec reste n'est pas une couverture complète.",PARTIAL_CONTEXTUAL,meat,frozen,,PARTIAL_CONTEXTUAL,meat,frozen,PARTIAL_CONTEXTUAL,meat,frozen,,PARTIAL_CONTEXTUAL,meat,frozen,frozen poultrymeat,EN,FAMILY_OR_CURRENT_OWNER_NOT_PROOF_OF_RECOGNITION,BROADER_FAMILY_OR_SPECIFIC_DENOMINATION_REVIEW_REQUIRED,LABEL_CANDIDATE,SEMANTIC_OR_LANGUAGE_REVIEW_REQUIRED,,,,meat:NON_VEGAN,poultrymeat|poulet,,meat|EN|frozen poultrymeat,POTENTIAL_NEW_SURFACE,C4da8f6990953d3,C4da8f6990953d3,,BROAD_CSV_AND_PRIMARY_PDF,02013R1308,2026-08-18,2026-10-06,fc74f08aa87e22c0fe38cf896a1a323c64cbf7ea
M0062,M10,VIANDES,MEAT,EN,EN,quick-frozen poultrymeat,quick-frozen poultrymeat,quick-frozen poultrymeat,CELEX_02013R1308-20260818_EN_TXT.pdf,185,"Annexe I XX, titre ; annexe VII V.II.1-4 p.185",2116,"the constraints of normal slaughtering proce dures and 
is to be kept at a temperature no higher than – 12 °C at any ti me; 
(4) ""quick-frozen poultrymeat"" means poultrymeat which is to be  kept at a 
temperature no higher than – 18 °C at any time within the toler ances as 
provided for in Council Direc",b5cc2ea8e761cc408cca7f8930de7b2c01c2609f88dcb5a6bdbc4882e4455d11,Rubriques/entrées réglementaires parallèles ; seules les formes explicitement listées sont retenues dans chaque langue,EXACT_SOURCE_SUBTERM,meat,meat:NON_VEGAN,,,PROPOSE_ALIAS_EXISTING,REVIEW_REQUIRED,NO,"Nom d'animal ou de viande dans une alternative végétale, un arôme, un titre ou une mention d'œufs/lait : exiger le contexte d'ingrédient réel ; aucune nouvelle règle de verdict.","Les états thermiques sont des variantes du même aliment, pas de nouveaux concepts. Ajouter un alias uniquement si sa forme n'est pas couverte ; reconnaître une base avec reste n'est pas une couverture complète.",PARTIAL_CONTEXTUAL,meat,quick frozen,,PARTIAL_CONTEXTUAL,meat,quick frozen,PARTIAL_CONTEXTUAL,meat,quick frozen,,PARTIAL_CONTEXTUAL,meat,quick frozen,quick frozen poultrymeat,EN,FAMILY_OR_CURRENT_OWNER_NOT_PROOF_OF_RECOGNITION,BROADER_FAMILY_OR_SPECIFIC_DENOMINATION_REVIEW_REQUIRED,LABEL_CANDIDATE,SEMANTIC_OR_LANGUAGE_REVIEW_REQUIRED,,,,meat:NON_VEGAN,poultrymeat,,meat|EN|quick frozen poultrymeat,POTENTIAL_NEW_SURFACE,C4fb9dc22b810f9,C4fb9dc22b810f9,,BROAD_CSV_AND_PRIMARY_PDF,02013R1308,2026-08-18,2026-10-06,fc74f08aa87e22c0fe38cf896a1a323c64cbf7ea
M0063,M10,VIANDES,MEAT,DE,DE,Geflügelfleisch,Geflügelfleisch,Geflügelfleisch,CELEX_02013R1308-20260818_DE_TXT.pdf,146,"Annexe I XX, titre ; annexe VII V.II.1-4 p.185",1168,"haltbar gemacht, auch mit Zusatz von Zucker oder 
anderen Süßmitteln, andere als ungenießbar oder ungenießbar gem acht 
TEIL XX  
Geflügelfleisch 
Der Geflügelfleischsektor umfasst die in nachstehender Tabelle aufgeführten Er­
zeugnisse: 
KN-Code Warenbezeichnung  
a) 0105 Hausgeflügel (Hühner,",64a45b265e50b848f0a1ae239b94a1feef40608b69c69c9e5e14f0ffb7328dda,Rubriques/entrées réglementaires parallèles ; seules les formes explicitement listées sont retenues dans chaque langue,EXACT_SOURCE_SUBTERM,meat,meat:NON_VEGAN,,,ALREADY_COVERED,REVIEW_REQUIRED,NO,"Nom d'animal ou de viande dans une alternative végétale, un arôme, un titre ou une mention d'œufs/lait : exiger le contexte d'ingrédient réel ; aucune nouvelle règle de verdict.","Les états thermiques sont des variantes du même aliment, pas de nouveaux concepts. Ajouter un alias uniquement si sa forme n'est pas couverte ; reconnaître une base avec reste n'est pas une couverture complète.",EXACT,meat,,meat,EXACT,meat,,EXACT,meat,,meat,EXACT,meat,,geflugelfleisch,DE,FAMILY_OR_CURRENT_OWNER_NOT_PROOF_OF_RECOGNITION,BROADER_FAMILY_OR_SPECIFIC_DENOMINATION_REVIEW_REQUIRED,LABEL_CANDIDATE,NO_NEW_ALIAS_KEY_PROPOSED,meat,meat,meat,meat:NON_VEGAN,,,,ALREADY_CANONICAL_AND_LANGUAGE_COVERED,Cae651996a862d2,Cae651996a862d2,,BROAD_CSV_AND_PRIMARY_PDF,02013R1308,2026-08-18,2026-10-06,fc74f08aa87e22c0fe38cf896a1a323c64cbf7ea
M0064,M10,VIANDES,MEAT,DE,DE,frisches Geflügelfleisch,frisches Geflügelfleisch,frisches Geflügelfleisch,CELEX_02013R1308-20260818_DE_TXT.pdf,185,"Annexe I XX, titre ; annexe VII V.II.1-4 p.185",1551,"für Menschen geeignetes Geflü gel­
fleisch, das keiner Behandlung, mit Ausnahme einer Kältebehandl ung, 
unterworfen wurde;  
2. ""frisches Geflügelfleisch"": Geflügelfleisch, das zu keinem Z eitpunkt 
durch Kälteeinwirkung erstarrt ist, bevor es ständig auf einer Temperatur 
von – 2 °C bis + 4 °C gehalte",64a45b265e50b848f0a1ae239b94a1feef40608b69c69c9e5e14f0ffb7328dda,Rubriques/entrées réglementaires parallèles ; seules les formes explicitement listées sont retenues dans chaque langue,EXACT_SOURCE_SUBTERM,meat,meat:NON_VEGAN,,,PROPOSE_ALIAS_EXISTING,REVIEW_REQUIRED,NO,"Nom d'animal ou de viande dans une alternative végétale, un arôme, un titre ou une mention d'œufs/lait : exiger le contexte d'ingrédient réel ; aucune nouvelle règle de verdict.","Les états thermiques sont des variantes du même aliment, pas de nouveaux concepts. Ajouter un alias uniquement si sa forme n'est pas couverte ; reconnaître une base avec reste n'est pas une couverture complète.",PARTIAL_CONTEXTUAL,meat,frisches,,PARTIAL_CONTEXTUAL,meat,frisches,PARTIAL_CONTEXTUAL,meat,frisches,,PARTIAL_CONTEXTUAL,meat,frisches,frisches geflugelfleisch,DE,FAMILY_OR_CURRENT_OWNER_NOT_PROOF_OF_RECOGNITION,BROADER_FAMILY_OR_SPECIFIC_DENOMINATION_REVIEW_REQUIRED,LABEL_CANDIDATE,SEMANTIC_OR_LANGUAGE_REVIEW_REQUIRED,,,,meat:NON_VEGAN,geflugelfleisch|schweinefleisch|schaf und ziegenfleisch,,meat|DE|frisches geflugelfleisch,POTENTIAL_NEW_SURFACE,C1f3312a68a9eda,C1f3312a68a9eda,,BROAD_CSV_AND_PRIMARY_PDF,02013R1308,2026-08-18,2026-10-06,fc74f08aa87e22c0fe38cf896a1a323c64cbf7ea
M0065,M10,VIANDES,MEAT,DE,DE,gefrorenes Geflügelfleisch,gefrorenes Geflügelfleisch,gefrorenes Geflügelfleisch,CELEX_02013R1308-20260818_DE_TXT.pdf,185,"Annexe I XX, titre ; annexe VII V.II.1-4 p.185",2145,"as Zerlegen und die Hand ­
habung ausschließlich zur unmittelbaren Versorgung der Verbrauc her 
an Ort und Stelle erfolgen;  
3. ""gefrorenes Geflügelfleisch"": Geflügelfleisch, das so bald w ie möglich 
im Rahmen des normalen Schlachtvorgangs gefroren und ständig au f 
einer Temperatur gehalten werden muss",64a45b265e50b848f0a1ae239b94a1feef40608b69c69c9e5e14f0ffb7328dda,Rubriques/entrées réglementaires parallèles ; seules les formes explicitement listées sont retenues dans chaque langue,EXACT_SOURCE_SUBTERM,meat,meat:NON_VEGAN,,,PROPOSE_ALIAS_EXISTING,REVIEW_REQUIRED,NO,"Nom d'animal ou de viande dans une alternative végétale, un arôme, un titre ou une mention d'œufs/lait : exiger le contexte d'ingrédient réel ; aucune nouvelle règle de verdict.","Les états thermiques sont des variantes du même aliment, pas de nouveaux concepts. Ajouter un alias uniquement si sa forme n'est pas couverte ; reconnaître une base avec reste n'est pas une couverture complète.",PARTIAL_CONTEXTUAL,meat,gefrorenes,,PARTIAL_CONTEXTUAL,meat,gefrorenes,PARTIAL_CONTEXTUAL,meat,gefrorenes,,PARTIAL_CONTEXTUAL,meat,gefrorenes,gefrorenes geflugelfleisch,DE,FAMILY_OR_CURRENT_OWNER_NOT_PROOF_OF_RECOGNITION,BROADER_FAMILY_OR_SPECIFIC_DENOMINATION_REVIEW_REQUIRED,LABEL_CANDIDATE,SEMANTIC_OR_LANGUAGE_REVIEW_REQUIRED,,,,meat:NON_VEGAN,geflugelfleisch,,meat|DE|gefrorenes geflugelfleisch,POTENTIAL_NEW_SURFACE,C7c52f817afc30f,C7c52f817afc30f,,BROAD_CSV_AND_PRIMARY_PDF,02013R1308,2026-08-18,2026-10-06,fc74f08aa87e22c0fe38cf896a1a323c64cbf7ea
M0066,M10,VIANDES,MEAT,DE,DE,tiefgefrorenes Geflügelfleisch,tiefgefrorenes Geflügelfleisch,tiefgefrorenes Geflügelfleisch,CELEX_02013R1308-20260818_DE_TXT.pdf,185,"Annexe I XX, titre ; annexe VII V.II.1-4 p.185",2368,"n Schlachtvorgangs gefroren und ständig au f 
einer Temperatur gehalten werden muss, die – 12 °C nicht übersc hreiten 
darf; 
4. ""tiefgefrorenes Geflügelfleisch"": Geflügelfleisch, das inner halb der To­
leranzen gemäß der Richtlinie 89/108/EWG des Rates (  1 ) ständig auf 
einer Temperatur gehalten werden mus",64a45b265e50b848f0a1ae239b94a1feef40608b69c69c9e5e14f0ffb7328dda,Rubriques/entrées réglementaires parallèles ; seules les formes explicitement listées sont retenues dans chaque langue,EXACT_SOURCE_SUBTERM,meat,meat:NON_VEGAN,,,PROPOSE_ALIAS_EXISTING,REVIEW_REQUIRED,NO,"Nom d'animal ou de viande dans une alternative végétale, un arôme, un titre ou une mention d'œufs/lait : exiger le contexte d'ingrédient réel ; aucune nouvelle règle de verdict.","Les états thermiques sont des variantes du même aliment, pas de nouveaux concepts. Ajouter un alias uniquement si sa forme n'est pas couverte ; reconnaître une base avec reste n'est pas une couverture complète.",PARTIAL_CONTEXTUAL,meat,tiefgefrorenes,,PARTIAL_CONTEXTUAL,meat,tiefgefrorenes,PARTIAL_CONTEXTUAL,meat,tiefgefrorenes,,PARTIAL_CONTEXTUAL,meat,tiefgefrorenes,tiefgefrorenes geflugelfleisch,DE,FAMILY_OR_CURRENT_OWNER_NOT_PROOF_OF_RECOGNITION,BROADER_FAMILY_OR_SPECIFIC_DENOMINATION_REVIEW_REQUIRED,LABEL_CANDIDATE,SEMANTIC_OR_LANGUAGE_REVIEW_REQUIRED,,,,meat:NON_VEGAN,geflugelfleisch,,meat|DE|tiefgefrorenes geflugelfleisch,POTENTIAL_NEW_SURFACE,Cb4859efc4e0b06,Cb4859efc4e0b06,,BROAD_CSV_AND_PRIMARY_PDF,02013R1308,2026-08-18,2026-10-06,fc74f08aa87e22c0fe38cf896a1a323c64cbf7ea
M0067,M11,VIANDES,SPECIES_IN_FOOD_SCOPE,FR,FR,coqs,coqs,coqs,CELEX_02013R1308-20260818_FR_TXT.pdf,185,"Annexe VII V.I, liste des espèces de viandes/préparations/produits destinés à la commercialisation",1207,"ase de viandes de volailles ou d'ab ats de volailles 
des espèces suivantes faisant l'objet d'une profession ou d'un commerce: 
— coqs et poules,  
— canards,  
— oies,  
— dindons et dindes,  
— pintades.  
Les présentes dispositions s'appliquent également à la viande d e volaille 
",5ea4e8f11d1ad1871ae780bbdc05ee4beff9a2283b8876be6bffaec4e73f4a4c,Rubriques/entrées réglementaires parallèles ; seules les formes explicitement listées sont retenues dans chaque langue,EXACT_SOURCE_SUBTERM,meat,meat:NON_VEGAN,chicken_meat,NON_ATTRIBUE_CONCEPT_ABSENT,PROPOSE_DISTINCT_CONCEPT,REVIEW_REQUIRED,NO,"Nom d'animal ou de viande dans une alternative végétale, un arôme, un titre ou une mention d'œufs/lait : exiger le contexte d'ingrédient réel ; aucune nouvelle règle de verdict. Tous les pluriels, oeufs de poules/oies/canards et noms taxonomiques demandent une revue de portée avant import.","La liste est explicitement alimentaire (pas seulement l'annexe I 0105 des animaux vivants). Concept de viande par espèce proposé ; noms nus conditionnels au contexte viande. Pas de chicken/poulet/Puten ni de singulier fabriqué. Gallus domesticus est une preuve taxonomique, pas un alias d'étiquette retenu.",NONE,,coqs,,NONE,,coqs,NONE,,coqs,,NONE,,coqs,coqs,FR,FAMILY_OR_CURRENT_OWNER_NOT_PROOF_OF_RECOGNITION,SPECIES_NAME_IN_FOOD_CONTEXT,LABEL_CANDIDATE,CONTEXT_VALIDATION_REQUIRED,,,,,,,chicken_meat|FR|coqs,POTENTIAL_NEW_SURFACE,,,,TARGETED_PRIMARY_PDF,02013R1308,2026-08-18,2026-10-06,fc74f08aa87e22c0fe38cf896a1a323c64cbf7ea
M0068,M11,VIANDES,SPECIES_IN_FOOD_SCOPE,FR,FR,poules,poules,poules,CELEX_02013R1308-20260818_FR_TXT.pdf,185,"Annexe VII V.I, liste des espèces de viandes/préparations/produits destinés à la commercialisation",1215,"iandes de volailles ou d'ab ats de volailles 
des espèces suivantes faisant l'objet d'une profession ou d'un commerce: 
— coqs et poules,  
— canards,  
— oies,  
— dindons et dindes,  
— pintades.  
Les présentes dispositions s'appliquent également à la viande d e volaille 
saumurée c",5ea4e8f11d1ad1871ae780bbdc05ee4beff9a2283b8876be6bffaec4e73f4a4c,Rubriques/entrées réglementaires parallèles ; seules les formes explicitement listées sont retenues dans chaque langue,EXACT_SOURCE_SUBTERM,meat,meat:NON_VEGAN,chicken_meat,NON_ATTRIBUE_CONCEPT_ABSENT,PROPOSE_DISTINCT_CONCEPT,REVIEW_REQUIRED,NO,"Nom d'animal ou de viande dans une alternative végétale, un arôme, un titre ou une mention d'œufs/lait : exiger le contexte d'ingrédient réel ; aucune nouvelle règle de verdict. Tous les pluriels, oeufs de poules/oies/canards et noms taxonomiques demandent une revue de portée avant import.","La liste est explicitement alimentaire (pas seulement l'annexe I 0105 des animaux vivants). Concept de viande par espèce proposé ; noms nus conditionnels au contexte viande. Pas de chicken/poulet/Puten ni de singulier fabriqué. Gallus domesticus est une preuve taxonomique, pas un alias d'étiquette retenu.",NONE,,poules,,NONE,,poules,NONE,,poules,,NONE,,poules,poules,FR,FAMILY_OR_CURRENT_OWNER_NOT_PROOF_OF_RECOGNITION,SPECIES_NAME_IN_FOOD_CONTEXT,LABEL_CANDIDATE,CONTEXT_VALIDATION_REQUIRED,,,,,poulet|poultrymeat|vlees,,chicken_meat|FR|poules,POTENTIAL_NEW_SURFACE,,,,TARGETED_PRIMARY_PDF,02013R1308,2026-08-18,2026-10-06,fc74f08aa87e22c0fe38cf896a1a323c64cbf7ea
M0069,M11,VIANDES,SPECIES_IN_FOOD_SCOPE,NL,NL,hanen,hanen,hanen,CELEX_02013R1308-20260818_NL_TXT.pdf,185,"Annexe VII V.I, liste des espèces de viandes/préparations/produits destinés à la commercialisation",1095,"evlees, alsmede van bereidingen en producten op basis 
van pluimveevlees of slachtafval van pluimvee, van de volgende soorten: 
— hanen en kippen (Gallus domesticus),  
— eenden,  
— ganzen,  
— kalkoenen,  
— parelhoenders.  
Deze bepalingen zijn ook van toepassing op gepekeld pluimv",99ee3d7c91c02249f6ca6ffca15e06cf2e9603ab9718919138dd2a981281bb74,Rubriques/entrées réglementaires parallèles ; seules les formes explicitement listées sont retenues dans chaque langue,EXACT_SOURCE_SUBTERM,meat,meat:NON_VEGAN,chicken_meat,NON_ATTRIBUE_CONCEPT_ABSENT,PROPOSE_DISTINCT_CONCEPT,REVIEW_REQUIRED,NO,"Nom d'animal ou de viande dans une alternative végétale, un arôme, un titre ou une mention d'œufs/lait : exiger le contexte d'ingrédient réel ; aucune nouvelle règle de verdict. Tous les pluriels, oeufs de poules/oies/canards et noms taxonomiques demandent une revue de portée avant import.","La liste est explicitement alimentaire (pas seulement l'annexe I 0105 des animaux vivants). Concept de viande par espèce proposé ; noms nus conditionnels au contexte viande. Pas de chicken/poulet/Puten ni de singulier fabriqué. Gallus domesticus est une preuve taxonomique, pas un alias d'étiquette retenu.",NONE,,hanen,,NONE,,hanen,NONE,,hanen,,NONE,,hanen,hanen,NL,FAMILY_OR_CURRENT_OWNER_NOT_PROOF_OF_RECOGNITION,SPECIES_NAME_IN_FOOD_CONTEXT,LABEL_CANDIDATE,CONTEXT_VALIDATION_REQUIRED,,,,,viande|agneau|chicken,,chicken_meat|NL|hanen,POTENTIAL_NEW_SURFACE,,,,TARGETED_PRIMARY_PDF,02013R1308,2026-08-18,2026-10-06,fc74f08aa87e22c0fe38cf896a1a323c64cbf7ea
M0070,M11,VIANDES,SPECIES_IN_FOOD_SCOPE,NL,NL,kippen,kippen,kippen,CELEX_02013R1308-20260818_NL_TXT.pdf,185,"Annexe VII V.I, liste des espèces de viandes/préparations/produits destinés à la commercialisation",1104,"lsmede van bereidingen en producten op basis 
van pluimveevlees of slachtafval van pluimvee, van de volgende soorten: 
— hanen en kippen (Gallus domesticus),  
— eenden,  
— ganzen,  
— kalkoenen,  
— parelhoenders.  
Deze bepalingen zijn ook van toepassing op gepekeld pluimveevle es v",99ee3d7c91c02249f6ca6ffca15e06cf2e9603ab9718919138dd2a981281bb74,Rubriques/entrées réglementaires parallèles ; seules les formes explicitement listées sont retenues dans chaque langue,EXACT_SOURCE_SUBTERM,meat,meat:NON_VEGAN,chicken_meat,NON_ATTRIBUE_CONCEPT_ABSENT,PROPOSE_DISTINCT_CONCEPT,REVIEW_REQUIRED,NO,"Nom d'animal ou de viande dans une alternative végétale, un arôme, un titre ou une mention d'œufs/lait : exiger le contexte d'ingrédient réel ; aucune nouvelle règle de verdict. Tous les pluriels, oeufs de poules/oies/canards et noms taxonomiques demandent une revue de portée avant import.","La liste est explicitement alimentaire (pas seulement l'annexe I 0105 des animaux vivants). Concept de viande par espèce proposé ; noms nus conditionnels au contexte viande. Pas de chicken/poulet/Puten ni de singulier fabriqué. Gallus domesticus est une preuve taxonomique, pas un alias d'étiquette retenu.",NONE,,kippen,,NONE,,kippen,NONE,,kippen,,NONE,,kippen,kippen,NL,FAMILY_OR_CURRENT_OWNER_NOT_PROOF_OF_RECOGNITION,SPECIES_NAME_IN_FOOD_CONTEXT,LABEL_CANDIDATE,CONTEXT_VALIDATION_REQUIRED,,,,,,,chicken_meat|NL|kippen,POTENTIAL_NEW_SURFACE,,,,TARGETED_PRIMARY_PDF,02013R1308,2026-08-18,2026-10-06,fc74f08aa87e22c0fe38cf896a1a323c64cbf7ea
M0071,M11,VIANDES,SPECIES_IN_FOOD_SCOPE,EN,EN,Gallus domesticus,Gallus domesticus,,CELEX_02013R1308-20260818_EN_TXT.pdf,185,"Annexe VII V.I, liste des espèces de viandes/préparations/produits destinés à la commercialisation",1009,"ypes and presentations of poultr ymeat, and 
poultrymeat or poultry offal preparations and products, of the following 
species 
— Gallus domesticus , 
— ducks,  
— geese,  
— turkeys,  
— guinea fowls.  
These provisions shall also apply to poultrymeat in brine falli ng within CN 
code 0210 99 39",b5cc2ea8e761cc408cca7f8930de7b2c01c2609f88dcb5a6bdbc4882e4455d11,Rubriques/entrées réglementaires parallèles ; seules les formes explicitement listées sont retenues dans chaque langue,EXACT_SOURCE_SUBTERM,meat,meat:NON_VEGAN,chicken_meat,NON_ATTRIBUE_CONCEPT_ABSENT,DEFER_COMPOSITE_OR_TAXON_ALIAS,REVIEW_REQUIRED,NO,"Nom d'animal ou de viande dans une alternative végétale, un arôme, un titre ou une mention d'œufs/lait : exiger le contexte d'ingrédient réel ; aucune nouvelle règle de verdict. Tous les pluriels, oeufs de poules/oies/canards et noms taxonomiques demandent une revue de portée avant import.","La liste est explicitement alimentaire (pas seulement l'annexe I 0105 des animaux vivants). Concept de viande par espèce proposé ; noms nus conditionnels au contexte viande. Pas de chicken/poulet/Puten ni de singulier fabriqué. Gallus domesticus est une preuve taxonomique, pas un alias d'étiquette retenu.",NONE,,gallus domesticus,,NONE,,gallus domesticus,NONE,,gallus domesticus,,NONE,,gallus domesticus,gallus domesticus,LATIN,FAMILY_OR_CURRENT_OWNER_NOT_PROOF_OF_RECOGNITION,SPECIES_NAME_IN_FOOD_CONTEXT,DOCUMENTARY_ONLY,NO_NEW_ALIAS_KEY_PROPOSED,,,,,,,,NOT_PROPOSED_CONTEXT_ONLY,C65ec2944368749,C65ec2944368749,,BROAD_CSV_AND_PRIMARY_PDF,02013R1308,2026-08-18,2026-10-06,fc74f08aa87e22c0fe38cf896a1a323c64cbf7ea
M0072,M11,VIANDES,SPECIES_IN_FOOD_SCOPE,DE,DE,Hühner,Hühner,Hühner,CELEX_02013R1308-20260818_DE_TXT.pdf,185,"Annexe VII V.I, liste des espèces de viandes/préparations/produits destinés à la commercialisation",1193,"ssen aus Ge flügel­
fleisch und Schlachtnebenerzeugnissen von Geflügel; hiervon bet roffen 
sind die folgenden Geflügelarten:  
— Hühner,  
— Enten,  
— Gänse,  
— Truthühner,  
— Perlhühner.  
Die vorliegenden Bestimmungen gelten auch für Geflügelfleisch i n Salzlake 
des KN-Codes 021",64a45b265e50b848f0a1ae239b94a1feef40608b69c69c9e5e14f0ffb7328dda,Rubriques/entrées réglementaires parallèles ; seules les formes explicitement listées sont retenues dans chaque langue,EXACT_SOURCE_SUBTERM,meat,meat:NON_VEGAN,chicken_meat,NON_ATTRIBUE_CONCEPT_ABSENT,PROPOSE_DISTINCT_CONCEPT,REVIEW_REQUIRED,NO,"Nom d'animal ou de viande dans une alternative végétale, un arôme, un titre ou une mention d'œufs/lait : exiger le contexte d'ingrédient réel ; aucune nouvelle règle de verdict. Tous les pluriels, oeufs de poules/oies/canards et noms taxonomiques demandent une revue de portée avant import.","La liste est explicitement alimentaire (pas seulement l'annexe I 0105 des animaux vivants). Concept de viande par espèce proposé ; noms nus conditionnels au contexte viande. Pas de chicken/poulet/Puten ni de singulier fabriqué. Gallus domesticus est une preuve taxonomique, pas un alias d'étiquette retenu.",NONE,,huhner,,NONE,,huhner,NONE,,huhner,,NONE,,huhner,huhner,DE,FAMILY_OR_CURRENT_OWNER_NOT_PROOF_OF_RECOGNITION,SPECIES_NAME_IN_FOOD_CONTEXT,LABEL_CANDIDATE,CONTEXT_VALIDATION_REQUIRED,,,,,,,chicken_meat|DE|huhner,POTENTIAL_NEW_SURFACE,,,,TARGETED_PRIMARY_PDF,02013R1308,2026-08-18,2026-10-06,fc74f08aa87e22c0fe38cf896a1a323c64cbf7ea
M0073,M12,VIANDES,SPECIES_IN_FOOD_SCOPE,FR,FR,canards,canards,canards,CELEX_02013R1308-20260818_FR_TXT.pdf,185,"Annexe VII V.I, liste des espèces de viandes/préparations/produits destinés à la commercialisation",1227,"lailles ou d'ab ats de volailles 
des espèces suivantes faisant l'objet d'une profession ou d'un commerce: 
— coqs et poules,  
— canards,  
— oies,  
— dindons et dindes,  
— pintades.  
Les présentes dispositions s'appliquent également à la viande d e volaille 
saumurée couverte par l",5ea4e8f11d1ad1871ae780bbdc05ee4beff9a2283b8876be6bffaec4e73f4a4c,Rubriques/entrées réglementaires parallèles ; seules les formes explicitement listées sont retenues dans chaque langue,EXACT_SOURCE_SUBTERM,meat,meat:NON_VEGAN,duck_meat,NON_ATTRIBUE_CONCEPT_ABSENT,PROPOSE_DISTINCT_CONCEPT,REVIEW_REQUIRED,NO,"Nom d'animal ou de viande dans une alternative végétale, un arôme, un titre ou une mention d'œufs/lait : exiger le contexte d'ingrédient réel ; aucune nouvelle règle de verdict. Tous les pluriels, oeufs de poules/oies/canards et noms taxonomiques demandent une revue de portée avant import.","La liste est explicitement alimentaire (pas seulement l'annexe I 0105 des animaux vivants). Concept de viande par espèce proposé ; noms nus conditionnels au contexte viande. Pas de chicken/poulet/Puten ni de singulier fabriqué. Gallus domesticus est une preuve taxonomique, pas un alias d'étiquette retenu.",NONE,,canards,,NONE,,canards,NONE,,canards,,NONE,,canards,canards,FR,FAMILY_OR_CURRENT_OWNER_NOT_PROOF_OF_RECOGNITION,SPECIES_NAME_IN_FOOD_CONTEXT,LABEL_CANDIDATE,CONTEXT_VALIDATION_REQUIRED,,,,,,,duck_meat|FR|canards,POTENTIAL_NEW_SURFACE,,,,TARGETED_PRIMARY_PDF,02013R1308,2026-08-18,2026-10-06,fc74f08aa87e22c0fe38cf896a1a323c64cbf7ea
M0074,M12,VIANDES,SPECIES_IN_FOOD_SCOPE,NL,NL,eenden,eenden,eenden,CELEX_02013R1308-20260818_NL_TXT.pdf,185,"Annexe VII V.I, liste des espèces de viandes/préparations/produits destinés à la commercialisation",1136,"ten op basis 
van pluimveevlees of slachtafval van pluimvee, van de volgende soorten: 
— hanen en kippen (Gallus domesticus),  
— eenden,  
— ganzen,  
— kalkoenen,  
— parelhoenders.  
Deze bepalingen zijn ook van toepassing op gepekeld pluimveevle es van 
GN-code 0210 99 39.  
II. De",99ee3d7c91c02249f6ca6ffca15e06cf2e9603ab9718919138dd2a981281bb74,Rubriques/entrées réglementaires parallèles ; seules les formes explicitement listées sont retenues dans chaque langue,EXACT_SOURCE_SUBTERM,meat,meat:NON_VEGAN,duck_meat,NON_ATTRIBUE_CONCEPT_ABSENT,PROPOSE_DISTINCT_CONCEPT,REVIEW_REQUIRED,NO,"Nom d'animal ou de viande dans une alternative végétale, un arôme, un titre ou une mention d'œufs/lait : exiger le contexte d'ingrédient réel ; aucune nouvelle règle de verdict. Tous les pluriels, oeufs de poules/oies/canards et noms taxonomiques demandent une revue de portée avant import.","La liste est explicitement alimentaire (pas seulement l'annexe I 0105 des animaux vivants). Concept de viande par espèce proposé ; noms nus conditionnels au contexte viande. Pas de chicken/poulet/Puten ni de singulier fabriqué. Gallus domesticus est une preuve taxonomique, pas un alias d'étiquette retenu.",NONE,,eenden,,NONE,,eenden,NONE,,eenden,,NONE,,eenden,eenden,NL,FAMILY_OR_CURRENT_OWNER_NOT_PROOF_OF_RECOGNITION,SPECIES_NAME_IN_FOOD_CONTEXT,LABEL_CANDIDATE,CONTEXT_VALIDATION_REQUIRED,,,,,beef and veal|viande,,duck_meat|NL|eenden,POTENTIAL_NEW_SURFACE,,,,TARGETED_PRIMARY_PDF,02013R1308,2026-08-18,2026-10-06,fc74f08aa87e22c0fe38cf896a1a323c64cbf7ea
M0075,M12,VIANDES,SPECIES_IN_FOOD_SCOPE,EN,EN,ducks,ducks,ducks,CELEX_02013R1308-20260818_EN_TXT.pdf,185,"Annexe VII V.I, liste des espèces de viandes/préparations/produits destinés à la commercialisation",1032,"of poultr ymeat, and 
poultrymeat or poultry offal preparations and products, of the following 
species 
— Gallus domesticus , 
— ducks,  
— geese,  
— turkeys,  
— guinea fowls.  
These provisions shall also apply to poultrymeat in brine falli ng within CN 
code 0210 99 39.  
II. Def",b5cc2ea8e761cc408cca7f8930de7b2c01c2609f88dcb5a6bdbc4882e4455d11,Rubriques/entrées réglementaires parallèles ; seules les formes explicitement listées sont retenues dans chaque langue,EXACT_SOURCE_SUBTERM,meat,meat:NON_VEGAN,duck_meat,NON_ATTRIBUE_CONCEPT_ABSENT,PROPOSE_DISTINCT_CONCEPT,REVIEW_REQUIRED,NO,"Nom d'animal ou de viande dans une alternative végétale, un arôme, un titre ou une mention d'œufs/lait : exiger le contexte d'ingrédient réel ; aucune nouvelle règle de verdict. Tous les pluriels, oeufs de poules/oies/canards et noms taxonomiques demandent une revue de portée avant import.","La liste est explicitement alimentaire (pas seulement l'annexe I 0105 des animaux vivants). Concept de viande par espèce proposé ; noms nus conditionnels au contexte viande. Pas de chicken/poulet/Puten ni de singulier fabriqué. Gallus domesticus est une preuve taxonomique, pas un alias d'étiquette retenu.",NONE,,ducks,,NONE,,ducks,NONE,,ducks,,NONE,,ducks,ducks,EN,FAMILY_OR_CURRENT_OWNER_NOT_PROOF_OF_RECOGNITION,SPECIES_NAME_IN_FOOD_CONTEXT,LABEL_CANDIDATE,CONTEXT_VALIDATION_REQUIRED,,,,,,,duck_meat|EN|ducks,POTENTIAL_NEW_SURFACE,,,,TARGETED_PRIMARY_PDF,02013R1308,2026-08-18,2026-10-06,fc74f08aa87e22c0fe38cf896a1a323c64cbf7ea
M0076,M12,VIANDES,SPECIES_IN_FOOD_SCOPE,DE,DE,Enten,Enten,Enten,CELEX_02013R1308-20260818_DE_TXT.pdf,185,"Annexe VII V.I, liste des espèces de viandes/préparations/produits destinés à la commercialisation",1205,"flügel­
fleisch und Schlachtnebenerzeugnissen von Geflügel; hiervon bet roffen 
sind die folgenden Geflügelarten:  
— Hühner,  
— Enten,  
— Gänse,  
— Truthühner,  
— Perlhühner.  
Die vorliegenden Bestimmungen gelten auch für Geflügelfleisch i n Salzlake 
des KN-Codes 0210 99 39.  
",64a45b265e50b848f0a1ae239b94a1feef40608b69c69c9e5e14f0ffb7328dda,Rubriques/entrées réglementaires parallèles ; seules les formes explicitement listées sont retenues dans chaque langue,EXACT_SOURCE_SUBTERM,meat,meat:NON_VEGAN,duck_meat,NON_ATTRIBUE_CONCEPT_ABSENT,PROPOSE_DISTINCT_CONCEPT,REVIEW_REQUIRED,NO,"Nom d'animal ou de viande dans une alternative végétale, un arôme, un titre ou une mention d'œufs/lait : exiger le contexte d'ingrédient réel ; aucune nouvelle règle de verdict. Tous les pluriels, oeufs de poules/oies/canards et noms taxonomiques demandent une revue de portée avant import.","La liste est explicitement alimentaire (pas seulement l'annexe I 0105 des animaux vivants). Concept de viande par espèce proposé ; noms nus conditionnels au contexte viande. Pas de chicken/poulet/Puten ni de singulier fabriqué. Gallus domesticus est une preuve taxonomique, pas un alias d'étiquette retenu.",NONE,,enten,,NONE,,enten,NONE,,enten,,NONE,,enten,enten,DE,FAMILY_OR_CURRENT_OWNER_NOT_PROOF_OF_RECOGNITION,SPECIES_NAME_IN_FOOD_CONTEXT,LABEL_CANDIDATE,CONTEXT_VALIDATION_REQUIRED,,,,,,,duck_meat|DE|enten,POTENTIAL_NEW_SURFACE,,,,TARGETED_PRIMARY_PDF,02013R1308,2026-08-18,2026-10-06,fc74f08aa87e22c0fe38cf896a1a323c64cbf7ea
M0077,M13,VIANDES,SPECIES_IN_FOOD_SCOPE,FR,FR,oies,oies,oies,CELEX_02013R1308-20260818_FR_TXT.pdf,185,"Annexe VII V.I, liste des espèces alimentaires ; annexe IX, mention facultative oie à l’avoine p.201",1240,"ab ats de volailles 
des espèces suivantes faisant l'objet d'une profession ou d'un commerce: 
— coqs et poules,  
— canards,  
— oies,  
— dindons et dindes,  
— pintades.  
Les présentes dispositions s'appliquent également à la viande d e volaille 
saumurée couverte par le code NC ",5ea4e8f11d1ad1871ae780bbdc05ee4beff9a2283b8876be6bffaec4e73f4a4c,Rubriques/entrées réglementaires parallèles ; seules les formes explicitement listées sont retenues dans chaque langue,EXACT_SOURCE_SUBTERM,meat,meat:NON_VEGAN,goose_meat,NON_ATTRIBUE_CONCEPT_ABSENT,PROPOSE_DISTINCT_CONCEPT,REVIEW_REQUIRED,NO,"Nom d'animal ou de viande dans une alternative végétale, un arôme, un titre ou une mention d'œufs/lait : exiger le contexte d'ingrédient réel ; aucune nouvelle règle de verdict. Tous les pluriels, oeufs de poules/oies/canards et noms taxonomiques demandent une revue de portée avant import.","La liste est explicitement alimentaire (pas seulement l'annexe I 0105 des animaux vivants). Concept de viande par espèce proposé ; noms nus conditionnels au contexte viande. Pas de chicken/poulet/Puten ni de singulier fabriqué. Gallus domesticus est une preuve taxonomique, pas un alias d'étiquette retenu.",NONE,,oies,,NONE,,oies,NONE,,oies,,NONE,,oies,oies,FR,FAMILY_OR_CURRENT_OWNER_NOT_PROOF_OF_RECOGNITION,SPECIES_NAME_IN_FOOD_CONTEXT,LABEL_CANDIDATE,CONTEXT_VALIDATION_REQUIRED,,,,,,,goose_meat|FR|oies,POTENTIAL_NEW_SURFACE,,,,TARGETED_PRIMARY_PDF,02013R1308,2026-08-18,2026-10-06,fc74f08aa87e22c0fe38cf896a1a323c64cbf7ea
M0078,M13,VIANDES,SPECIES_IN_FOOD_SCOPE,FR,FR,oie,oie,oie,CELEX_02013R1308-20260818_FR_TXT.pdf,201,"Annexe VII V.I, liste des espèces alimentaires ; annexe IX, mention facultative oie à l’avoine p.201",273,"e la nomenclature 
combinée) 
Mention réservée facultative  
Viande de volaille 
(codes NC 0207 et 0210) 
alimenté avec … % de … 
oie nourrie à l'avoine 
élevé à l'intérieur/système extensif 
sortant à l'extérieur 
fermier — élevé en plein air 
fermier — élevé en liberté 
âge d'abat",5ea4e8f11d1ad1871ae780bbdc05ee4beff9a2283b8876be6bffaec4e73f4a4c,Rubriques/entrées réglementaires parallèles ; seules les formes explicitement listées sont retenues dans chaque langue,EXACT_SOURCE_SUBTERM,meat,meat:NON_VEGAN,goose_meat,NON_ATTRIBUE_CONCEPT_ABSENT,PROPOSE_DISTINCT_CONCEPT,REVIEW_REQUIRED,NO,"Nom d'animal ou de viande dans une alternative végétale, un arôme, un titre ou une mention d'œufs/lait : exiger le contexte d'ingrédient réel ; aucune nouvelle règle de verdict. Tous les pluriels, oeufs de poules/oies/canards et noms taxonomiques demandent une revue de portée avant import.","La liste est explicitement alimentaire (pas seulement l'annexe I 0105 des animaux vivants). Concept de viande par espèce proposé ; noms nus conditionnels au contexte viande. Pas de chicken/poulet/Puten ni de singulier fabriqué. Gallus domesticus est une preuve taxonomique, pas un alias d'étiquette retenu.",NONE,,oie,,NONE,,oie,NONE,,oie,,NONE,,oie,oie,FR,FAMILY_OR_CURRENT_OWNER_NOT_PROOF_OF_RECOGNITION,SPECIES_NAME_IN_FOOD_CONTEXT,LABEL_CANDIDATE,CONTEXT_VALIDATION_REQUIRED,,,,,boeuf,,goose_meat|FR|oie,POTENTIAL_NEW_SURFACE,,C76f865d00f905a,,BROAD_CSV_AND_PRIMARY_PDF,02013R1308,2026-08-18,2026-10-06,fc74f08aa87e22c0fe38cf896a1a323c64cbf7ea
M0079,M13,VIANDES,SPECIES_IN_FOOD_SCOPE,NL,NL,ganzen,ganzen,ganzen,CELEX_02013R1308-20260818_NL_TXT.pdf,185,"Annexe VII V.I, liste des espèces alimentaires ; annexe IX, mention facultative oie à l’avoine p.201",1148," 
van pluimveevlees of slachtafval van pluimvee, van de volgende soorten: 
— hanen en kippen (Gallus domesticus),  
— eenden,  
— ganzen,  
— kalkoenen,  
— parelhoenders.  
Deze bepalingen zijn ook van toepassing op gepekeld pluimveevle es van 
GN-code 0210 99 39.  
II. Definities  
(",99ee3d7c91c02249f6ca6ffca15e06cf2e9603ab9718919138dd2a981281bb74,Rubriques/entrées réglementaires parallèles ; seules les formes explicitement listées sont retenues dans chaque langue,EXACT_SOURCE_SUBTERM,meat,meat:NON_VEGAN,goose_meat,NON_ATTRIBUE_CONCEPT_ABSENT,PROPOSE_DISTINCT_CONCEPT,REVIEW_REQUIRED,NO,"Nom d'animal ou de viande dans une alternative végétale, un arôme, un titre ou une mention d'œufs/lait : exiger le contexte d'ingrédient réel ; aucune nouvelle règle de verdict. Tous les pluriels, oeufs de poules/oies/canards et noms taxonomiques demandent une revue de portée avant import.","La liste est explicitement alimentaire (pas seulement l'annexe I 0105 des animaux vivants). Concept de viande par espèce proposé ; noms nus conditionnels au contexte viande. Pas de chicken/poulet/Puten ni de singulier fabriqué. Gallus domesticus est une preuve taxonomique, pas un alias d'étiquette retenu.",NONE,,ganzen,,NONE,,ganzen,NONE,,ganzen,,NONE,,ganzen,ganzen,NL,FAMILY_OR_CURRENT_OWNER_NOT_PROOF_OF_RECOGNITION,SPECIES_NAME_IN_FOOD_CONTEXT,LABEL_CANDIDATE,CONTEXT_VALIDATION_REQUIRED,,,,,viande|agneau,,goose_meat|NL|ganzen,POTENTIAL_NEW_SURFACE,,,,TARGETED_PRIMARY_PDF,02013R1308,2026-08-18,2026-10-06,fc74f08aa87e22c0fe38cf896a1a323c64cbf7ea
M0080,M13,VIANDES,SPECIES_IN_FOOD_SCOPE,NL,NL,gans,gans,gans,CELEX_02013R1308-20260818_NL_TXT.pdf,201,"Annexe VII V.I, liste des espèces alimentaires ; annexe IX, mention facultative oie à l’avoine p.201",305,"latuur) 
Facultatieve gereserveerde vermelding  
vlees van pluimvee 
(GN-codes 0207 en 0210) 
gevoerd met … % … 
haver vetgemeste gans 
scharrel … binnengehouden 
scharrel … met uitloop 
boerenscharrel … met uitloop/hoeve … 
met uitloop 
boerenscharrel … met vrije uitloop/ 
hoeve … m",99ee3d7c91c02249f6ca6ffca15e06cf2e9603ab9718919138dd2a981281bb74,Rubriques/entrées réglementaires parallèles ; seules les formes explicitement listées sont retenues dans chaque langue,EXACT_SOURCE_SUBTERM,meat,meat:NON_VEGAN,goose_meat,NON_ATTRIBUE_CONCEPT_ABSENT,PROPOSE_DISTINCT_CONCEPT,REVIEW_REQUIRED,NO,"Nom d'animal ou de viande dans une alternative végétale, un arôme, un titre ou une mention d'œufs/lait : exiger le contexte d'ingrédient réel ; aucune nouvelle règle de verdict. Tous les pluriels, oeufs de poules/oies/canards et noms taxonomiques demandent une revue de portée avant import.","La liste est explicitement alimentaire (pas seulement l'annexe I 0105 des animaux vivants). Concept de viande par espèce proposé ; noms nus conditionnels au contexte viande. Pas de chicken/poulet/Puten ni de singulier fabriqué. Gallus domesticus est une preuve taxonomique, pas un alias d'étiquette retenu.",NONE,,gans,,NONE,,gans,NONE,,gans,,NONE,,gans,gans,NL,FAMILY_OR_CURRENT_OWNER_NOT_PROOF_OF_RECOGNITION,SPECIES_NAME_IN_FOOD_CONTEXT,LABEL_CANDIDATE,CONTEXT_VALIDATION_REQUIRED,,,,,,,goose_meat|NL|gans,POTENTIAL_NEW_SURFACE,,C4ed8ee0abcf5f7,,BROAD_CSV_AND_PRIMARY_PDF,02013R1308,2026-08-18,2026-10-06,fc74f08aa87e22c0fe38cf896a1a323c64cbf7ea
M0081,M13,VIANDES,SPECIES_IN_FOOD_SCOPE,EN,EN,geese,geese,geese,CELEX_02013R1308-20260818_EN_TXT.pdf,185,"Annexe VII V.I, liste des espèces alimentaires ; annexe IX, mention facultative oie à l’avoine p.201",1043,"meat, and 
poultrymeat or poultry offal preparations and products, of the following 
species 
— Gallus domesticus , 
— ducks,  
— geese,  
— turkeys,  
— guinea fowls.  
These provisions shall also apply to poultrymeat in brine falli ng within CN 
code 0210 99 39.  
II. Definitions  
",b5cc2ea8e761cc408cca7f8930de7b2c01c2609f88dcb5a6bdbc4882e4455d11,Rubriques/entrées réglementaires parallèles ; seules les formes explicitement listées sont retenues dans chaque langue,EXACT_SOURCE_SUBTERM,meat,meat:NON_VEGAN,goose_meat,NON_ATTRIBUE_CONCEPT_ABSENT,PROPOSE_DISTINCT_CONCEPT,REVIEW_REQUIRED,NO,"Nom d'animal ou de viande dans une alternative végétale, un arôme, un titre ou une mention d'œufs/lait : exiger le contexte d'ingrédient réel ; aucune nouvelle règle de verdict. Tous les pluriels, oeufs de poules/oies/canards et noms taxonomiques demandent une revue de portée avant import.","La liste est explicitement alimentaire (pas seulement l'annexe I 0105 des animaux vivants). Concept de viande par espèce proposé ; noms nus conditionnels au contexte viande. Pas de chicken/poulet/Puten ni de singulier fabriqué. Gallus domesticus est une preuve taxonomique, pas un alias d'étiquette retenu.",NONE,,geese,,NONE,,geese,NONE,,geese,,NONE,,geese,geese,EN,FAMILY_OR_CURRENT_OWNER_NOT_PROOF_OF_RECOGNITION,SPECIES_NAME_IN_FOOD_CONTEXT,LABEL_CANDIDATE,CONTEXT_VALIDATION_REQUIRED,,,,,vlees,,goose_meat|EN|geese,POTENTIAL_NEW_SURFACE,,,,TARGETED_PRIMARY_PDF,02013R1308,2026-08-18,2026-10-06,fc74f08aa87e22c0fe38cf896a1a323c64cbf7ea
M0082,M13,VIANDES,SPECIES_IN_FOOD_SCOPE,EN,EN,goose,goose,goose,CELEX_02013R1308-20260818_EN_TXT.pdf,201,"Annexe VII V.I, liste des espèces alimentaires ; annexe IX, mention facultative oie à l’avoine p.201",251,"bined nomenclature clas­
sification) 
Optional reserved term  
poultrymeat 
(CN codes 0207 and 0210) 
fed with … % of … 
oats fed goose 
extensive indoor/barn-reared 
free range 
traditional free range 
free range — total freedom 
age at slaughter 
length of fattening period  
eggs 
(",b5cc2ea8e761cc408cca7f8930de7b2c01c2609f88dcb5a6bdbc4882e4455d11,Rubriques/entrées réglementaires parallèles ; seules les formes explicitement listées sont retenues dans chaque langue,EXACT_SOURCE_SUBTERM,meat,meat:NON_VEGAN,goose_meat,NON_ATTRIBUE_CONCEPT_ABSENT,PROPOSE_DISTINCT_CONCEPT,REVIEW_REQUIRED,NO,"Nom d'animal ou de viande dans une alternative végétale, un arôme, un titre ou une mention d'œufs/lait : exiger le contexte d'ingrédient réel ; aucune nouvelle règle de verdict. Tous les pluriels, oeufs de poules/oies/canards et noms taxonomiques demandent une revue de portée avant import.","La liste est explicitement alimentaire (pas seulement l'annexe I 0105 des animaux vivants). Concept de viande par espèce proposé ; noms nus conditionnels au contexte viande. Pas de chicken/poulet/Puten ni de singulier fabriqué. Gallus domesticus est une preuve taxonomique, pas un alias d'étiquette retenu.",NONE,,goose,,NONE,,goose,NONE,,goose,,NONE,,goose,goose,EN,FAMILY_OR_CURRENT_OWNER_NOT_PROOF_OF_RECOGNITION,SPECIES_NAME_IN_FOOD_CONTEXT,LABEL_CANDIDATE,CONTEXT_VALIDATION_REQUIRED,,,,,,,goose_meat|EN|goose,POTENTIAL_NEW_SURFACE,,C8899b1f3583649,,BROAD_CSV_AND_PRIMARY_PDF,02013R1308,2026-08-18,2026-10-06,fc74f08aa87e22c0fe38cf896a1a323c64cbf7ea
M0083,M13,VIANDES,SPECIES_IN_FOOD_SCOPE,DE,DE,Gänse,Gänse,Gänse,CELEX_02013R1308-20260818_DE_TXT.pdf,185,"Annexe VII V.I, liste des espèces alimentaires ; annexe IX, mention facultative oie à l’avoine p.201",1216,"isch und Schlachtnebenerzeugnissen von Geflügel; hiervon bet roffen 
sind die folgenden Geflügelarten:  
— Hühner,  
— Enten,  
— Gänse,  
— Truthühner,  
— Perlhühner.  
Die vorliegenden Bestimmungen gelten auch für Geflügelfleisch i n Salzlake 
des KN-Codes 0210 99 39.  
II. Begriff",64a45b265e50b848f0a1ae239b94a1feef40608b69c69c9e5e14f0ffb7328dda,Rubriques/entrées réglementaires parallèles ; seules les formes explicitement listées sont retenues dans chaque langue,EXACT_SOURCE_SUBTERM,meat,meat:NON_VEGAN,goose_meat,NON_ATTRIBUE_CONCEPT_ABSENT,PROPOSE_DISTINCT_CONCEPT,REVIEW_REQUIRED,NO,"Nom d'animal ou de viande dans une alternative végétale, un arôme, un titre ou une mention d'œufs/lait : exiger le contexte d'ingrédient réel ; aucune nouvelle règle de verdict. Tous les pluriels, oeufs de poules/oies/canards et noms taxonomiques demandent une revue de portée avant import.","La liste est explicitement alimentaire (pas seulement l'annexe I 0105 des animaux vivants). Concept de viande par espèce proposé ; noms nus conditionnels au contexte viande. Pas de chicken/poulet/Puten ni de singulier fabriqué. Gallus domesticus est une preuve taxonomique, pas un alias d'étiquette retenu.",NONE,,ganse,,NONE,,ganse,NONE,,ganse,,NONE,,ganse,ganse,DE,FAMILY_OR_CURRENT_OWNER_NOT_PROOF_OF_RECOGNITION,SPECIES_NAME_IN_FOOD_CONTEXT,LABEL_CANDIDATE,CONTEXT_VALIDATION_REQUIRED,,,,,viande|agneau,,goose_meat|DE|ganse,POTENTIAL_NEW_SURFACE,,,,TARGETED_PRIMARY_PDF,02013R1308,2026-08-18,2026-10-06,fc74f08aa87e22c0fe38cf896a1a323c64cbf7ea
M0084,M13,VIANDES,SPECIES_IN_FOOD_SCOPE,DE,DE,Hafermastgans,Hafermastgans,Hafermastgans,CELEX_02013R1308-20260818_DE_TXT.pdf,201,"Annexe VII V.I, liste des espèces alimentaires ; annexe IX, mention facultative oie à l’avoine p.201",283,"
binierte Nomenklatur) 
Fakultative vorbehaltene Angabe  
Geflügelfleisch 
(KN-Code 0207, KN-Code 0210) 
gefüttert mit … % von … 
Hafermastgans 
extensive Bodenhaltung 
Freilandhaltung 
bäuerliche Freilandhaltung 
Freilandhaltung — unbegrenzter Aus­
lauf 
Schlachtalter 
Mastdauer 
Eier 
(KN-C",64a45b265e50b848f0a1ae239b94a1feef40608b69c69c9e5e14f0ffb7328dda,Rubriques/entrées réglementaires parallèles ; seules les formes explicitement listées sont retenues dans chaque langue,EXACT_SOURCE_SUBTERM,meat,meat:NON_VEGAN,goose_meat,NON_ATTRIBUE_CONCEPT_ABSENT,PROPOSE_DISTINCT_CONCEPT,REVIEW_REQUIRED,NO,"Nom d'animal ou de viande dans une alternative végétale, un arôme, un titre ou une mention d'œufs/lait : exiger le contexte d'ingrédient réel ; aucune nouvelle règle de verdict. Tous les pluriels, oeufs de poules/oies/canards et noms taxonomiques demandent une revue de portée avant import.","La liste est explicitement alimentaire (pas seulement l'annexe I 0105 des animaux vivants). Concept de viande par espèce proposé ; noms nus conditionnels au contexte viande. Pas de chicken/poulet/Puten ni de singulier fabriqué. Gallus domesticus est une preuve taxonomique, pas un alias d'étiquette retenu.",NONE,,hafermastgans,,NONE,,hafermastgans,NONE,,hafermastgans,,NONE,,hafermastgans,hafermastgans,DE,FAMILY_OR_CURRENT_OWNER_NOT_PROOF_OF_RECOGNITION,SPECIES_NAME_IN_FOOD_CONTEXT,LABEL_CANDIDATE,CONTEXT_VALIDATION_REQUIRED,,,,,,,goose_meat|DE|hafermastgans,POTENTIAL_NEW_SURFACE,C65632b08811da9,C65632b08811da9,,BROAD_CSV_AND_PRIMARY_PDF,02013R1308,2026-08-18,2026-10-06,fc74f08aa87e22c0fe38cf896a1a323c64cbf7ea
M0085,M14,VIANDES,SPECIES_IN_FOOD_SCOPE,FR,FR,dindons,dindons,dindons,CELEX_02013R1308-20260818_FR_TXT.pdf,185,"Annexe VII V.I, liste des espèces de viandes/préparations/produits destinés à la commercialisation",1250,"volailles 
des espèces suivantes faisant l'objet d'une profession ou d'un commerce: 
— coqs et poules,  
— canards,  
— oies,  
— dindons et dindes,  
— pintades.  
Les présentes dispositions s'appliquent également à la viande d e volaille 
saumurée couverte par le code NC 0210 99 39.  ",5ea4e8f11d1ad1871ae780bbdc05ee4beff9a2283b8876be6bffaec4e73f4a4c,Rubriques/entrées réglementaires parallèles ; seules les formes explicitement listées sont retenues dans chaque langue,EXACT_SOURCE_SUBTERM,meat,meat:NON_VEGAN,turkey_meat,NON_ATTRIBUE_CONCEPT_ABSENT,PROPOSE_DISTINCT_CONCEPT,REVIEW_REQUIRED,NO,"Nom d'animal ou de viande dans une alternative végétale, un arôme, un titre ou une mention d'œufs/lait : exiger le contexte d'ingrédient réel ; aucune nouvelle règle de verdict. Tous les pluriels, oeufs de poules/oies/canards et noms taxonomiques demandent une revue de portée avant import.","La liste est explicitement alimentaire (pas seulement l'annexe I 0105 des animaux vivants). Concept de viande par espèce proposé ; noms nus conditionnels au contexte viande. Pas de chicken/poulet/Puten ni de singulier fabriqué. Gallus domesticus est une preuve taxonomique, pas un alias d'étiquette retenu.",NONE,,dindons,,NONE,,dindons,NONE,,dindons,,NONE,,dindons,dindons,FR,FAMILY_OR_CURRENT_OWNER_NOT_PROOF_OF_RECOGNITION,SPECIES_NAME_IN_FOOD_CONTEXT,LABEL_CANDIDATE,CONTEXT_VALIDATION_REQUIRED,,,,,viande bovine,,turkey_meat|FR|dindons,POTENTIAL_NEW_SURFACE,,,,TARGETED_PRIMARY_PDF,02013R1308,2026-08-18,2026-10-06,fc74f08aa87e22c0fe38cf896a1a323c64cbf7ea
M0086,M14,VIANDES,SPECIES_IN_FOOD_SCOPE,FR,FR,dindes,dindes,dindes,CELEX_02013R1308-20260818_FR_TXT.pdf,185,"Annexe VII V.I, liste des espèces de viandes/préparations/produits destinés à la commercialisation",1261,"des espèces suivantes faisant l'objet d'une profession ou d'un commerce: 
— coqs et poules,  
— canards,  
— oies,  
— dindons et dindes,  
— pintades.  
Les présentes dispositions s'appliquent également à la viande d e volaille 
saumurée couverte par le code NC 0210 99 39.  
II. Défin",5ea4e8f11d1ad1871ae780bbdc05ee4beff9a2283b8876be6bffaec4e73f4a4c,Rubriques/entrées réglementaires parallèles ; seules les formes explicitement listées sont retenues dans chaque langue,EXACT_SOURCE_SUBTERM,meat,meat:NON_VEGAN,turkey_meat,NON_ATTRIBUE_CONCEPT_ABSENT,PROPOSE_DISTINCT_CONCEPT,REVIEW_REQUIRED,NO,"Nom d'animal ou de viande dans une alternative végétale, un arôme, un titre ou une mention d'œufs/lait : exiger le contexte d'ingrédient réel ; aucune nouvelle règle de verdict. Tous les pluriels, oeufs de poules/oies/canards et noms taxonomiques demandent une revue de portée avant import.","La liste est explicitement alimentaire (pas seulement l'annexe I 0105 des animaux vivants). Concept de viande par espèce proposé ; noms nus conditionnels au contexte viande. Pas de chicken/poulet/Puten ni de singulier fabriqué. Gallus domesticus est une preuve taxonomique, pas un alias d'étiquette retenu.",NONE,,dindes,,NONE,,dindes,NONE,,dindes,,NONE,,dindes,dindes,FR,FAMILY_OR_CURRENT_OWNER_NOT_PROOF_OF_RECOGNITION,SPECIES_NAME_IN_FOOD_CONTEXT,LABEL_CANDIDATE,CONTEXT_VALIDATION_REQUIRED,,,,,viande|rindfleisch|rundvlees,,turkey_meat|FR|dindes,POTENTIAL_NEW_SURFACE,,,,TARGETED_PRIMARY_PDF,02013R1308,2026-08-18,2026-10-06,fc74f08aa87e22c0fe38cf896a1a323c64cbf7ea
M0087,M14,VIANDES,SPECIES_IN_FOOD_SCOPE,NL,NL,kalkoenen,kalkoenen,kalkoenen,CELEX_02013R1308-20260818_NL_TXT.pdf,185,"Annexe VII V.I, liste des espèces de viandes/préparations/produits destinés à la commercialisation",1160,"eevlees of slachtafval van pluimvee, van de volgende soorten: 
— hanen en kippen (Gallus domesticus),  
— eenden,  
— ganzen,  
— kalkoenen,  
— parelhoenders.  
Deze bepalingen zijn ook van toepassing op gepekeld pluimveevle es van 
GN-code 0210 99 39.  
II. Definities  
(1) ""Pluimveevle",99ee3d7c91c02249f6ca6ffca15e06cf2e9603ab9718919138dd2a981281bb74,Rubriques/entrées réglementaires parallèles ; seules les formes explicitement listées sont retenues dans chaque langue,EXACT_SOURCE_SUBTERM,meat,meat:NON_VEGAN,turkey_meat,NON_ATTRIBUE_CONCEPT_ABSENT,PROPOSE_DISTINCT_CONCEPT,REVIEW_REQUIRED,NO,"Nom d'animal ou de viande dans une alternative végétale, un arôme, un titre ou une mention d'œufs/lait : exiger le contexte d'ingrédient réel ; aucune nouvelle règle de verdict. Tous les pluriels, oeufs de poules/oies/canards et noms taxonomiques demandent une revue de portée avant import.","La liste est explicitement alimentaire (pas seulement l'annexe I 0105 des animaux vivants). Concept de viande par espèce proposé ; noms nus conditionnels au contexte viande. Pas de chicken/poulet/Puten ni de singulier fabriqué. Gallus domesticus est une preuve taxonomique, pas un alias d'étiquette retenu.",NONE,,kalkoenen,,NONE,,kalkoenen,NONE,,kalkoenen,,NONE,,kalkoenen,kalkoenen,NL,FAMILY_OR_CURRENT_OWNER_NOT_PROOF_OF_RECOGNITION,SPECIES_NAME_IN_FOOD_CONTEXT,LABEL_CANDIDATE,CONTEXT_VALIDATION_REQUIRED,,,,,,,turkey_meat|NL|kalkoenen,POTENTIAL_NEW_SURFACE,,,,TARGETED_PRIMARY_PDF,02013R1308,2026-08-18,2026-10-06,fc74f08aa87e22c0fe38cf896a1a323c64cbf7ea
M0088,M14,VIANDES,SPECIES_IN_FOOD_SCOPE,EN,EN,turkeys,turkeys,turkeys,CELEX_02013R1308-20260818_EN_TXT.pdf,185,"Annexe VII V.I, liste des espèces de viandes/préparations/produits destinés à la commercialisation",1054,"poultrymeat or poultry offal preparations and products, of the following 
species 
— Gallus domesticus , 
— ducks,  
— geese,  
— turkeys,  
— guinea fowls.  
These provisions shall also apply to poultrymeat in brine falli ng within CN 
code 0210 99 39.  
II. Definitions  
(1) ""poultrym",b5cc2ea8e761cc408cca7f8930de7b2c01c2609f88dcb5a6bdbc4882e4455d11,Rubriques/entrées réglementaires parallèles ; seules les formes explicitement listées sont retenues dans chaque langue,EXACT_SOURCE_SUBTERM,meat,meat:NON_VEGAN,turkey_meat,NON_ATTRIBUE_CONCEPT_ABSENT,PROPOSE_DISTINCT_CONCEPT,REVIEW_REQUIRED,NO,"Nom d'animal ou de viande dans une alternative végétale, un arôme, un titre ou une mention d'œufs/lait : exiger le contexte d'ingrédient réel ; aucune nouvelle règle de verdict. Tous les pluriels, oeufs de poules/oies/canards et noms taxonomiques demandent une revue de portée avant import.","La liste est explicitement alimentaire (pas seulement l'annexe I 0105 des animaux vivants). Concept de viande par espèce proposé ; noms nus conditionnels au contexte viande. Pas de chicken/poulet/Puten ni de singulier fabriqué. Gallus domesticus est une preuve taxonomique, pas un alias d'étiquette retenu.",NONE,,turkeys,,NONE,,turkeys,NONE,,turkeys,,NONE,,turkeys,turkeys,EN,FAMILY_OR_CURRENT_OWNER_NOT_PROOF_OF_RECOGNITION,SPECIES_NAME_IN_FOOD_CONTEXT,LABEL_CANDIDATE,CONTEXT_VALIDATION_REQUIRED,,,,,,,turkey_meat|EN|turkeys,POTENTIAL_NEW_SURFACE,,,,TARGETED_PRIMARY_PDF,02013R1308,2026-08-18,2026-10-06,fc74f08aa87e22c0fe38cf896a1a323c64cbf7ea
M0089,M14,VIANDES,SPECIES_IN_FOOD_SCOPE,DE,DE,Truthühner,Truthühner,Truthühner,CELEX_02013R1308-20260818_DE_TXT.pdf,185,"Annexe VII V.I, liste des espèces de viandes/préparations/produits destinés à la commercialisation",1227,"hlachtnebenerzeugnissen von Geflügel; hiervon bet roffen 
sind die folgenden Geflügelarten:  
— Hühner,  
— Enten,  
— Gänse,  
— Truthühner,  
— Perlhühner.  
Die vorliegenden Bestimmungen gelten auch für Geflügelfleisch i n Salzlake 
des KN-Codes 0210 99 39.  
II. Begriffsbestimmungen  
",64a45b265e50b848f0a1ae239b94a1feef40608b69c69c9e5e14f0ffb7328dda,Rubriques/entrées réglementaires parallèles ; seules les formes explicitement listées sont retenues dans chaque langue,EXACT_SOURCE_SUBTERM,meat,meat:NON_VEGAN,turkey_meat,NON_ATTRIBUE_CONCEPT_ABSENT,PROPOSE_DISTINCT_CONCEPT,REVIEW_REQUIRED,NO,"Nom d'animal ou de viande dans une alternative végétale, un arôme, un titre ou une mention d'œufs/lait : exiger le contexte d'ingrédient réel ; aucune nouvelle règle de verdict. Tous les pluriels, oeufs de poules/oies/canards et noms taxonomiques demandent une revue de portée avant import.","La liste est explicitement alimentaire (pas seulement l'annexe I 0105 des animaux vivants). Concept de viande par espèce proposé ; noms nus conditionnels au contexte viande. Pas de chicken/poulet/Puten ni de singulier fabriqué. Gallus domesticus est une preuve taxonomique, pas un alias d'étiquette retenu.",NONE,,truthuhner,,NONE,,truthuhner,NONE,,truthuhner,,NONE,,truthuhner,truthuhner,DE,FAMILY_OR_CURRENT_OWNER_NOT_PROOF_OF_RECOGNITION,SPECIES_NAME_IN_FOOD_CONTEXT,LABEL_CANDIDATE,CONTEXT_VALIDATION_REQUIRED,,,,,,,turkey_meat|DE|truthuhner,POTENTIAL_NEW_SURFACE,,,,TARGETED_PRIMARY_PDF,02013R1308,2026-08-18,2026-10-06,fc74f08aa87e22c0fe38cf896a1a323c64cbf7ea
M0090,M15,VIANDES,SPECIES_IN_FOOD_SCOPE,FR,FR,pintades,pintades,pintades,CELEX_02013R1308-20260818_FR_TXT.pdf,185,"Annexe VII V.I, liste des espèces de viandes/préparations/produits destinés à la commercialisation",1273,"suivantes faisant l'objet d'une profession ou d'un commerce: 
— coqs et poules,  
— canards,  
— oies,  
— dindons et dindes,  
— pintades.  
Les présentes dispositions s'appliquent également à la viande d e volaille 
saumurée couverte par le code NC 0210 99 39.  
II. Définitions  
1) «v",5ea4e8f11d1ad1871ae780bbdc05ee4beff9a2283b8876be6bffaec4e73f4a4c,Rubriques/entrées réglementaires parallèles ; seules les formes explicitement listées sont retenues dans chaque langue,EXACT_SOURCE_SUBTERM,meat,meat:NON_VEGAN,guinea_fowl_meat,NON_ATTRIBUE_CONCEPT_ABSENT,PROPOSE_DISTINCT_CONCEPT,REVIEW_REQUIRED,NO,"Nom d'animal ou de viande dans une alternative végétale, un arôme, un titre ou une mention d'œufs/lait : exiger le contexte d'ingrédient réel ; aucune nouvelle règle de verdict. Tous les pluriels, oeufs de poules/oies/canards et noms taxonomiques demandent une revue de portée avant import.","La liste est explicitement alimentaire (pas seulement l'annexe I 0105 des animaux vivants). Concept de viande par espèce proposé ; noms nus conditionnels au contexte viande. Pas de chicken/poulet/Puten ni de singulier fabriqué. Gallus domesticus est une preuve taxonomique, pas un alias d'étiquette retenu.",NONE,,pintades,,NONE,,pintades,NONE,,pintades,,NONE,,pintades,pintades,FR,FAMILY_OR_CURRENT_OWNER_NOT_PROOF_OF_RECOGNITION,SPECIES_NAME_IN_FOOD_CONTEXT,LABEL_CANDIDATE,CONTEXT_VALIDATION_REQUIRED,,,,,viande|rindfleisch,,guinea_fowl_meat|FR|pintades,POTENTIAL_NEW_SURFACE,,,,TARGETED_PRIMARY_PDF,02013R1308,2026-08-18,2026-10-06,fc74f08aa87e22c0fe38cf896a1a323c64cbf7ea
M0091,M15,VIANDES,SPECIES_IN_FOOD_SCOPE,NL,NL,parelhoenders,parelhoenders,parelhoenders,CELEX_02013R1308-20260818_NL_TXT.pdf,185,"Annexe VII V.I, liste des espèces de viandes/préparations/produits destinés à la commercialisation",1175,"htafval van pluimvee, van de volgende soorten: 
— hanen en kippen (Gallus domesticus),  
— eenden,  
— ganzen,  
— kalkoenen,  
— parelhoenders.  
Deze bepalingen zijn ook van toepassing op gepekeld pluimveevle es van 
GN-code 0210 99 39.  
II. Definities  
(1) ""Pluimveevlees"": het voor mense",99ee3d7c91c02249f6ca6ffca15e06cf2e9603ab9718919138dd2a981281bb74,Rubriques/entrées réglementaires parallèles ; seules les formes explicitement listées sont retenues dans chaque langue,EXACT_SOURCE_SUBTERM,meat,meat:NON_VEGAN,guinea_fowl_meat,NON_ATTRIBUE_CONCEPT_ABSENT,PROPOSE_DISTINCT_CONCEPT,REVIEW_REQUIRED,NO,"Nom d'animal ou de viande dans une alternative végétale, un arôme, un titre ou une mention d'œufs/lait : exiger le contexte d'ingrédient réel ; aucune nouvelle règle de verdict. Tous les pluriels, oeufs de poules/oies/canards et noms taxonomiques demandent une revue de portée avant import.","La liste est explicitement alimentaire (pas seulement l'annexe I 0105 des animaux vivants). Concept de viande par espèce proposé ; noms nus conditionnels au contexte viande. Pas de chicken/poulet/Puten ni de singulier fabriqué. Gallus domesticus est une preuve taxonomique, pas un alias d'étiquette retenu.",NONE,,parelhoenders,,NONE,,parelhoenders,NONE,,parelhoenders,,NONE,,parelhoenders,parelhoenders,NL,FAMILY_OR_CURRENT_OWNER_NOT_PROOF_OF_RECOGNITION,SPECIES_NAME_IN_FOOD_CONTEXT,LABEL_CANDIDATE,CONTEXT_VALIDATION_REQUIRED,,,,,,,guinea_fowl_meat|NL|parelhoenders,POTENTIAL_NEW_SURFACE,,,,TARGETED_PRIMARY_PDF,02013R1308,2026-08-18,2026-10-06,fc74f08aa87e22c0fe38cf896a1a323c64cbf7ea
M0092,M15,VIANDES,SPECIES_IN_FOOD_SCOPE,EN,EN,guinea fowls,guinea fowls,guinea fowls,CELEX_02013R1308-20260818_EN_TXT.pdf,185,"Annexe VII V.I, liste des espèces de viandes/préparations/produits destinés à la commercialisation",1067,"r poultry offal preparations and products, of the following 
species 
— Gallus domesticus , 
— ducks,  
— geese,  
— turkeys,  
— guinea fowls.  
These provisions shall also apply to poultrymeat in brine falli ng within CN 
code 0210 99 39.  
II. Definitions  
(1) ""poultrymeat"" means poultry",b5cc2ea8e761cc408cca7f8930de7b2c01c2609f88dcb5a6bdbc4882e4455d11,Rubriques/entrées réglementaires parallèles ; seules les formes explicitement listées sont retenues dans chaque langue,EXACT_SOURCE_SUBTERM,meat,meat:NON_VEGAN,guinea_fowl_meat,NON_ATTRIBUE_CONCEPT_ABSENT,PROPOSE_DISTINCT_CONCEPT,REVIEW_REQUIRED,NO,"Nom d'animal ou de viande dans une alternative végétale, un arôme, un titre ou une mention d'œufs/lait : exiger le contexte d'ingrédient réel ; aucune nouvelle règle de verdict. Tous les pluriels, oeufs de poules/oies/canards et noms taxonomiques demandent une revue de portée avant import.","La liste est explicitement alimentaire (pas seulement l'annexe I 0105 des animaux vivants). Concept de viande par espèce proposé ; noms nus conditionnels au contexte viande. Pas de chicken/poulet/Puten ni de singulier fabriqué. Gallus domesticus est une preuve taxonomique, pas un alias d'étiquette retenu.",NONE,,guinea fowls,,NONE,,guinea fowls,NONE,,guinea fowls,,NONE,,guinea fowls,guinea fowls,EN,FAMILY_OR_CURRENT_OWNER_NOT_PROOF_OF_RECOGNITION,SPECIES_NAME_IN_FOOD_CONTEXT,LABEL_CANDIDATE,CONTEXT_VALIDATION_REQUIRED,,,,,,,guinea_fowl_meat|EN|guinea fowls,POTENTIAL_NEW_SURFACE,,,,TARGETED_PRIMARY_PDF,02013R1308,2026-08-18,2026-10-06,fc74f08aa87e22c0fe38cf896a1a323c64cbf7ea
M0093,M15,VIANDES,SPECIES_IN_FOOD_SCOPE,DE,DE,Perlhühner,Perlhühner,Perlhühner,CELEX_02013R1308-20260818_DE_TXT.pdf,185,"Annexe VII V.I, liste des espèces de viandes/préparations/produits destinés à la commercialisation",1243,"gnissen von Geflügel; hiervon bet roffen 
sind die folgenden Geflügelarten:  
— Hühner,  
— Enten,  
— Gänse,  
— Truthühner,  
— Perlhühner.  
Die vorliegenden Bestimmungen gelten auch für Geflügelfleisch i n Salzlake 
des KN-Codes 0210 99 39.  
II. Begriffsbestimmungen  
1. ""Geflügelflei",64a45b265e50b848f0a1ae239b94a1feef40608b69c69c9e5e14f0ffb7328dda,Rubriques/entrées réglementaires parallèles ; seules les formes explicitement listées sont retenues dans chaque langue,EXACT_SOURCE_SUBTERM,meat,meat:NON_VEGAN,guinea_fowl_meat,NON_ATTRIBUE_CONCEPT_ABSENT,PROPOSE_DISTINCT_CONCEPT,REVIEW_REQUIRED,NO,"Nom d'animal ou de viande dans une alternative végétale, un arôme, un titre ou une mention d'œufs/lait : exiger le contexte d'ingrédient réel ; aucune nouvelle règle de verdict. Tous les pluriels, oeufs de poules/oies/canards et noms taxonomiques demandent une revue de portée avant import.","La liste est explicitement alimentaire (pas seulement l'annexe I 0105 des animaux vivants). Concept de viande par espèce proposé ; noms nus conditionnels au contexte viande. Pas de chicken/poulet/Puten ni de singulier fabriqué. Gallus domesticus est une preuve taxonomique, pas un alias d'étiquette retenu.",NONE,,perlhuhner,,NONE,,perlhuhner,NONE,,perlhuhner,,NONE,,perlhuhner,perlhuhner,DE,FAMILY_OR_CURRENT_OWNER_NOT_PROOF_OF_RECOGNITION,SPECIES_NAME_IN_FOOD_CONTEXT,LABEL_CANDIDATE,CONTEXT_VALIDATION_REQUIRED,,,,,,,guinea_fowl_meat|DE|perlhuhner,POTENTIAL_NEW_SURFACE,,,,TARGETED_PRIMARY_PDF,02013R1308,2026-08-18,2026-10-06,fc74f08aa87e22c0fe38cf896a1a323c64cbf7ea
M0094,M16,VIANDES,SPECIES_MEAT,FR,FR,Viandes des animaux de l'espèce équine,Viandes des animaux de l'espèce équine,Viandes des animaux de l'espèce équine,CELEX_02013R1308-20260818_FR_TXT.pdf,156,"Annexe I XXIV section 2, NC ex0205/0210 99 10",2630,"
nomenclature combinée.  
Section 2  
Code NC Description  
0101 29 10 Chevaux vivants destinés à la boucherie (  α ) 
ex 0205 00 Viandes des animaux de l'espèce équine, fraîches, ré frigérées ou congelées  
0210 99 10 Viandes de cheval, salées ou en saumure ou bien séch ées 
0511 99 10 Nerfs ou tendons; rognures et ",5ea4e8f11d1ad1871ae780bbdc05ee4beff9a2283b8876be6bffaec4e73f4a4c,Rubriques/entrées réglementaires parallèles ; seules les formes explicitement listées sont retenues dans chaque langue,EXACT_SOURCE_SUBTERM,meat,meat:NON_VEGAN,horse_meat,NON_ATTRIBUE_CONCEPT_ABSENT,PROPOSE_DISTINCT_CONCEPT,REVIEW_REQUIRED,NO,"Nom d'animal ou de viande dans une alternative végétale, un arôme, un titre ou une mention d'œufs/lait : exiger le contexte d'ingrédient réel ; aucune nouvelle règle de verdict.","Les lignes sont explicitement de viande, distinctes des chevaux vivants et des déchets de peaux. Concept équin utile sans dériver viande depuis le seul animal vivant.",NONE,,viandes des animaux de l espece equine,,NONE,,viandes des animaux de l espece equine,NONE,,viandes des animaux de l espece equine,,NONE,,viandes des animaux de l espece equine,viandes des animaux de l espece equine,FR,FAMILY_OR_CURRENT_OWNER_NOT_PROOF_OF_RECOGNITION,BROADER_FAMILY_OR_SPECIFIC_DENOMINATION_REVIEW_REQUIRED,LABEL_CANDIDATE,SEMANTIC_OR_LANGUAGE_REVIEW_REQUIRED,,,,,,,horse_meat|FR|viandes des animaux de l espece equine,POTENTIAL_NEW_SURFACE,C25f3a171c6ef60,C25f3a171c6ef60,,BROAD_CSV_AND_PRIMARY_PDF,02013R1308,2026-08-18,2026-10-06,fc74f08aa87e22c0fe38cf896a1a323c64cbf7ea
M0095,M16,VIANDES,SPECIES_MEAT,FR,FR,Viandes de cheval,Viandes de cheval,Viandes de cheval,CELEX_02013R1308-20260818_FR_TXT.pdf,156,"Annexe I XXIV section 2, NC ex0205/0210 99 10",2719,"stinés à la boucherie (  α ) 
ex 0205 00 Viandes des animaux de l'espèce équine, fraîches, ré frigérées ou congelées  
0210 99 10 Viandes de cheval, salées ou en saumure ou bien séch ées 
0511 99 10 Nerfs ou tendons; rognures et déchets similaires de peaux brutes  
0701 Pommes de terre, à l'état ",5ea4e8f11d1ad1871ae780bbdc05ee4beff9a2283b8876be6bffaec4e73f4a4c,Rubriques/entrées réglementaires parallèles ; seules les formes explicitement listées sont retenues dans chaque langue,EXACT_SOURCE_SUBTERM,meat,meat:NON_VEGAN,horse_meat,NON_ATTRIBUE_CONCEPT_ABSENT,PROPOSE_DISTINCT_CONCEPT,REVIEW_REQUIRED,NO,"Nom d'animal ou de viande dans une alternative végétale, un arôme, un titre ou une mention d'œufs/lait : exiger le contexte d'ingrédient réel ; aucune nouvelle règle de verdict.","Les lignes sont explicitement de viande, distinctes des chevaux vivants et des déchets de peaux. Concept équin utile sans dériver viande depuis le seul animal vivant.",NONE,,viandes de cheval,,NONE,,viandes de cheval,NONE,,viandes de cheval,,NONE,,viandes de cheval,viandes de cheval,FR,FAMILY_OR_CURRENT_OWNER_NOT_PROOF_OF_RECOGNITION,BROADER_FAMILY_OR_SPECIFIC_DENOMINATION_REVIEW_REQUIRED,LABEL_CANDIDATE,SEMANTIC_OR_LANGUAGE_REVIEW_REQUIRED,,,,,viande de porc|viande de volaille|viandes ovine et caprine,,horse_meat|FR|viandes de cheval,POTENTIAL_NEW_SURFACE,Cac4fdde71bd3e3,Cac4fdde71bd3e3,,BROAD_CSV_AND_PRIMARY_PDF,02013R1308,2026-08-18,2026-10-06,fc74f08aa87e22c0fe38cf896a1a323c64cbf7ea
M0096,M16,VIANDES,SPECIES_MEAT,NL,NL,Vlees van paarden,Vlees van paarden,Vlees van paarden,CELEX_02013R1308-20260818_NL_TXT.pdf,156,"Annexe I XXIV section 2, NC ex0205/0210 99 10",2556," 
bepalingen van de gecombineerde nomenclatuur.  
Afdeling 2  
GN-code Omschrijving  
0101 29 10 Slachtpaarden (  α ) 
ex 0205 00 Vlees van paarden, vers, gekoeld of bevroren  
0210 99 10 Vlees van paarden, gezouten, gepekeld of gedroogd  
0511 99 10 Pezen en zenen; snippers en dergelijk afval va",99ee3d7c91c02249f6ca6ffca15e06cf2e9603ab9718919138dd2a981281bb74,Rubriques/entrées réglementaires parallèles ; seules les formes explicitement listées sont retenues dans chaque langue,EXACT_SOURCE_SUBTERM,meat,meat:NON_VEGAN,horse_meat,NON_ATTRIBUE_CONCEPT_ABSENT,PROPOSE_DISTINCT_CONCEPT,REVIEW_REQUIRED,NO,"Nom d'animal ou de viande dans une alternative végétale, un arôme, un titre ou une mention d'œufs/lait : exiger le contexte d'ingrédient réel ; aucune nouvelle règle de verdict.","Les lignes sont explicitement de viande, distinctes des chevaux vivants et des déchets de peaux. Concept équin utile sans dériver viande depuis le seul animal vivant.",PARTIAL_CONTEXTUAL,meat,van paarden,,PARTIAL_CONTEXTUAL,meat,van paarden,PARTIAL_CONTEXTUAL,meat,van paarden,,PARTIAL_CONTEXTUAL,meat,van paarden,vlees van paarden,NL,FAMILY_OR_CURRENT_OWNER_NOT_PROOF_OF_RECOGNITION,BROADER_FAMILY_OR_SPECIFIC_DENOMINATION_REVIEW_REQUIRED,LABEL_CANDIDATE,SEMANTIC_OR_LANGUAGE_REVIEW_REQUIRED,,,,meat:NON_VEGAN,,,horse_meat|NL|vlees van paarden,POTENTIAL_NEW_SURFACE,C685926fc77b13b,C685926fc77b13b,,BROAD_CSV_AND_PRIMARY_PDF,02013R1308,2026-08-18,2026-10-06,fc74f08aa87e22c0fe38cf896a1a323c64cbf7ea
M0097,M16,VIANDES,SPECIES_MEAT,EN,EN,Meat of horses,Meat of horses,Meat of horses,CELEX_02013R1308-20260818_EN_TXT.pdf,156,"Annexe I XXIV section 2, NC ex0205/0210 99 10",2293,"ions of  the 
Combined Nomenclature.  
Section 2  
CN code Description  
0101 29 10 Live horses, for slaughter (  α ) 
ex 0205 00 Meat of horses, fresh, chilled or frozen  
0210 99 10 Horsemeat, salted in brine or dried  
0511 99 10 Sinews or tendons; parings and similar wastes of raw  hides o",b5cc2ea8e761cc408cca7f8930de7b2c01c2609f88dcb5a6bdbc4882e4455d11,Rubriques/entrées réglementaires parallèles ; seules les formes explicitement listées sont retenues dans chaque langue,EXACT_SOURCE_SUBTERM,meat,meat:NON_VEGAN,horse_meat,NON_ATTRIBUE_CONCEPT_ABSENT,PROPOSE_DISTINCT_CONCEPT,REVIEW_REQUIRED,NO,"Nom d'animal ou de viande dans une alternative végétale, un arôme, un titre ou une mention d'œufs/lait : exiger le contexte d'ingrédient réel ; aucune nouvelle règle de verdict.","Les lignes sont explicitement de viande, distinctes des chevaux vivants et des déchets de peaux. Concept équin utile sans dériver viande depuis le seul animal vivant.",PARTIAL_CONTEXTUAL,meat,of horses,,PARTIAL_CONTEXTUAL,meat,of horses,PARTIAL_CONTEXTUAL,meat,of horses,,PARTIAL_CONTEXTUAL,meat,of horses,meat of horses,EN,FAMILY_OR_CURRENT_OWNER_NOT_PROOF_OF_RECOGNITION,BROADER_FAMILY_OR_SPECIFIC_DENOMINATION_REVIEW_REQUIRED,LABEL_CANDIDATE,SEMANTIC_OR_LANGUAGE_REVIEW_REQUIRED,,,,meat:NON_VEGAN,,,horse_meat|EN|meat of horses,POTENTIAL_NEW_SURFACE,Cc2ff609499d11b,Cc2ff609499d11b,,BROAD_CSV_AND_PRIMARY_PDF,02013R1308,2026-08-18,2026-10-06,fc74f08aa87e22c0fe38cf896a1a323c64cbf7ea
M0098,M16,VIANDES,SPECIES_MEAT,EN,EN,Horsemeat,Horsemeat,Horsemeat,CELEX_02013R1308-20260818_EN_TXT.pdf,156,"Annexe I XXIV section 2, NC ex0205/0210 99 10",2347,"code Description  
0101 29 10 Live horses, for slaughter (  α ) 
ex 0205 00 Meat of horses, fresh, chilled or frozen  
0210 99 10 Horsemeat, salted in brine or dried  
0511 99 10 Sinews or tendons; parings and similar wastes of raw  hides or skins  
0701 Potatoes, fresh or chilled  
0901 ",b5cc2ea8e761cc408cca7f8930de7b2c01c2609f88dcb5a6bdbc4882e4455d11,Rubriques/entrées réglementaires parallèles ; seules les formes explicitement listées sont retenues dans chaque langue,EXACT_SOURCE_SUBTERM,meat,meat:NON_VEGAN,horse_meat,NON_ATTRIBUE_CONCEPT_ABSENT,PROPOSE_DISTINCT_CONCEPT,REVIEW_REQUIRED,NO,"Nom d'animal ou de viande dans une alternative végétale, un arôme, un titre ou une mention d'œufs/lait : exiger le contexte d'ingrédient réel ; aucune nouvelle règle de verdict.","Les lignes sont explicitement de viande, distinctes des chevaux vivants et des déchets de peaux. Concept équin utile sans dériver viande depuis le seul animal vivant.",NONE,,horsemeat,,NONE,,horsemeat,NONE,,horsemeat,,NONE,,horsemeat,horsemeat,EN,FAMILY_OR_CURRENT_OWNER_NOT_PROOF_OF_RECOGNITION,BROADER_FAMILY_OR_SPECIFIC_DENOMINATION_REVIEW_REQUIRED,LABEL_CANDIDATE,SEMANTIC_OR_LANGUAGE_REVIEW_REQUIRED,,,,,meat|poultrymeat|pigmeat,,horse_meat|EN|horsemeat,POTENTIAL_NEW_SURFACE,C1aff04d56a907e,C1aff04d56a907e,,BROAD_CSV_AND_PRIMARY_PDF,02013R1308,2026-08-18,2026-10-06,fc74f08aa87e22c0fe38cf896a1a323c64cbf7ea
M0099,M16,VIANDES,SPECIES_MEAT,DE,DE,Fleisch von Pferden,Fleisch von Pferden,Fleisch von Pferden,CELEX_02013R1308-20260818_DE_TXT.pdf,156,"Annexe I XXIV section 2, NC ex0205/0210 99 10",2432,"gelegten Voraussetzungen.  
Abschnitt 2  
KN-Code Warenbezeichnung  
0101 29 10 Pferde, lebend, zum Schlachten (  α ) 
ex 0205 00 Fleisch von Pferden, frisch, gekühlt oder gefroren  
0210 99 10 Fleisch von Pferden, gesalzen, in Salzlake oder getr ocknet 
0511 99 10 Flechsen und Sehnen; Schnitzel un",64a45b265e50b848f0a1ae239b94a1feef40608b69c69c9e5e14f0ffb7328dda,Rubriques/entrées réglementaires parallèles ; seules les formes explicitement listées sont retenues dans chaque langue,EXACT_SOURCE_SUBTERM,meat,meat:NON_VEGAN,horse_meat,NON_ATTRIBUE_CONCEPT_ABSENT,PROPOSE_DISTINCT_CONCEPT,REVIEW_REQUIRED,NO,"Nom d'animal ou de viande dans une alternative végétale, un arôme, un titre ou une mention d'œufs/lait : exiger le contexte d'ingrédient réel ; aucune nouvelle règle de verdict.","Les lignes sont explicitement de viande, distinctes des chevaux vivants et des déchets de peaux. Concept équin utile sans dériver viande depuis le seul animal vivant.",NONE,,fleisch von pferden,,NONE,,fleisch von pferden,NONE,,fleisch von pferden,,NONE,,fleisch von pferden,fleisch von pferden,DE,FAMILY_OR_CURRENT_OWNER_NOT_PROOF_OF_RECOGNITION,BROADER_FAMILY_OR_SPECIFIC_DENOMINATION_REVIEW_REQUIRED,LABEL_CANDIDATE,SEMANTIC_OR_LANGUAGE_REVIEW_REQUIRED,,,,,,,horse_meat|DE|fleisch von pferden,POTENTIAL_NEW_SURFACE,Cdb7fa7d55eb9ef,Cdb7fa7d55eb9ef,,BROAD_CSV_AND_PRIMARY_PDF,02013R1308,2026-08-18,2026-10-06,fc74f08aa87e22c0fe38cf896a1a323c64cbf7ea
M0100,M17,VIANDES,COLLECTIVE_SPECIES_MEAT,FR,FR,Viandes des animaux des espèces asine ou mulassière,Viandes des animaux des espèces asine ou mulassière,,CELEX_02013R1308-20260818_FR_TXT.pdf,148,"Annexe I XXIV section 1, NC ex0205 00",1614,"de l'espèce porcine domestique  
ex 0203 29 – – autres:  
0203 29 90 – – – autres que de l'espèce porcine domestique  
ex 0205 00 Viandes des animaux des espèces asine ou mulassière,  fraîches, réfrigérées ou congelées  
▼B",5ea4e8f11d1ad1871ae780bbdc05ee4beff9a2283b8876be6bffaec4e73f4a4c,Rubriques/entrées réglementaires parallèles ; seules les formes explicitement listées sont retenues dans chaque langue,EXACT_SOURCE_SUBTERM,meat,meat:NON_VEGAN,other_equid_meat,NON_ATTRIBUE_CONCEPT_ABSENT,DEFER_COMPOSITE_OR_TAXON_ALIAS,REVIEW_REQUIRED,NO,"Catégorie collective avec plusieurs espèces ; faible probabilité d'un tel libellé long sur étiquette. Priorité basse, ne pas en faire une traduction singulière inventée.",Viandes explicitement désignées. Un groupe alimentaire pour équidés hors cheval suffit à ce stade ; aucun concept par variante âne/mulet/bardot et aucun alias d'animal nu.,NONE,,viandes des animaux des especes asine ou mulassiere,,NONE,,viandes des animaux des especes asine ou mulassiere,NONE,,viandes des animaux des especes asine ou mulassiere,,NONE,,viandes des animaux des especes asine ou mulassiere,viandes des animaux des especes asine ou mulassiere,FR,FAMILY_OR_CURRENT_OWNER_NOT_PROOF_OF_RECOGNITION,BROADER_FAMILY_OR_SPECIFIC_DENOMINATION_REVIEW_REQUIRED,LOW_SOURCE_CATEGORY,NO_NEW_ALIAS_KEY_PROPOSED,,,,,,,,NOT_PROPOSED_CONTEXT_ONLY,C5f019e3b9fa7ea,C5f019e3b9fa7ea,,BROAD_CSV_AND_PRIMARY_PDF,02013R1308,2026-08-18,2026-10-06,fc74f08aa87e22c0fe38cf896a1a323c64cbf7ea
M0101,M17,VIANDES,COLLECTIVE_SPECIES_MEAT,NL,NL,"Vlees van ezels, van muildieren of van muilezels","Vlees van ezels, van muildieren of van muilezels",,CELEX_02013R1308-20260818_NL_TXT.pdf,148,"Annexe I XXIV section 1, NC ex0205 00",1436," Andere dan van varkens (huisdieren)  
ex 0203 29 – – Andere:  
0203 29 90 – – – Andere dan van varkens (huisdieren)  
ex 0205 00 Vlees van ezels, van muildieren of van muilezels, ve rs, gekoeld of bevroren  
▼B",99ee3d7c91c02249f6ca6ffca15e06cf2e9603ab9718919138dd2a981281bb74,Rubriques/entrées réglementaires parallèles ; seules les formes explicitement listées sont retenues dans chaque langue,EXACT_SOURCE_SUBTERM,meat,meat:NON_VEGAN,other_equid_meat,NON_ATTRIBUE_CONCEPT_ABSENT,DEFER_COMPOSITE_OR_TAXON_ALIAS,REVIEW_REQUIRED,NO,"Catégorie collective avec plusieurs espèces ; faible probabilité d'un tel libellé long sur étiquette. Priorité basse, ne pas en faire une traduction singulière inventée.",Viandes explicitement désignées. Un groupe alimentaire pour équidés hors cheval suffit à ce stade ; aucun concept par variante âne/mulet/bardot et aucun alias d'animal nu.,PARTIAL_CONTEXTUAL,meat,van ezels van muildieren of van muilezels,,PARTIAL_CONTEXTUAL,meat,van ezels van muildieren of van muilezels,PARTIAL_CONTEXTUAL,meat,van ezels van muildieren of van muilezels,,PARTIAL_CONTEXTUAL,meat,van ezels van muildieren of van muilezels,vlees van ezels van muildieren of van muilezels,NL,FAMILY_OR_CURRENT_OWNER_NOT_PROOF_OF_RECOGNITION,BROADER_FAMILY_OR_SPECIFIC_DENOMINATION_REVIEW_REQUIRED,LOW_SOURCE_CATEGORY,NO_NEW_ALIAS_KEY_PROPOSED,,,,meat:NON_VEGAN,,,,NOT_PROPOSED_CONTEXT_ONLY,,,,TARGETED_PRIMARY_PDF,02013R1308,2026-08-18,2026-10-06,fc74f08aa87e22c0fe38cf896a1a323c64cbf7ea
M0102,M17,VIANDES,COLLECTIVE_SPECIES_MEAT,EN,EN,"Meat of asses, mules or hinnies","Meat of asses, mules or hinnies",,CELEX_02013R1308-20260818_EN_TXT.pdf,148,"Annexe I XXIV section 1, NC ex0205 00",1376,"203 22 90 – – – Other than of domestic swine  
ex 0203 29 – – Other:  
0203 29 90 – – – Other than of domestic swine  
ex 0205 00 Meat of asses, mules or hinnies, fresh, chilled or f rozen 
▼B",b5cc2ea8e761cc408cca7f8930de7b2c01c2609f88dcb5a6bdbc4882e4455d11,Rubriques/entrées réglementaires parallèles ; seules les formes explicitement listées sont retenues dans chaque langue,EXACT_SOURCE_SUBTERM,meat,meat:NON_VEGAN,other_equid_meat,NON_ATTRIBUE_CONCEPT_ABSENT,DEFER_COMPOSITE_OR_TAXON_ALIAS,REVIEW_REQUIRED,NO,"Catégorie collective avec plusieurs espèces ; faible probabilité d'un tel libellé long sur étiquette. Priorité basse, ne pas en faire une traduction singulière inventée.",Viandes explicitement désignées. Un groupe alimentaire pour équidés hors cheval suffit à ce stade ; aucun concept par variante âne/mulet/bardot et aucun alias d'animal nu.,PARTIAL_CONTEXTUAL,meat,of asses mules or hinnies,,PARTIAL_CONTEXTUAL,meat,of asses mules or hinnies,PARTIAL_CONTEXTUAL,meat,of asses mules or hinnies,,PARTIAL_CONTEXTUAL,meat,of asses mules or hinnies,meat of asses mules or hinnies,EN,FAMILY_OR_CURRENT_OWNER_NOT_PROOF_OF_RECOGNITION,BROADER_FAMILY_OR_SPECIFIC_DENOMINATION_REVIEW_REQUIRED,LOW_SOURCE_CATEGORY,NO_NEW_ALIAS_KEY_PROPOSED,,,,meat:NON_VEGAN,,,,NOT_PROPOSED_CONTEXT_ONLY,,,,TARGETED_PRIMARY_PDF,02013R1308,2026-08-18,2026-10-06,fc74f08aa87e22c0fe38cf896a1a323c64cbf7ea
M0103,M17,VIANDES,COLLECTIVE_SPECIES_MEAT,DE,DE,"Fleisch von Eseln, Maultieren oder Mauleseln","Fleisch von Eseln, Maultieren oder Mauleseln",,CELEX_02013R1308-20260818_DE_TXT.pdf,148,"Annexe I XXIV section 1, NC ex0205 00",1429,"03 22 90 – – – andere als von Hausschweinen  
ex 0203 29 – – andere:  
0203 29 90 – – – andere als von Hausschweinen  
ex 0205 00 Fleisch von Eseln, Maultieren oder Mauleseln, frisch , gekühlt oder gefroren:  
▼B",64a45b265e50b848f0a1ae239b94a1feef40608b69c69c9e5e14f0ffb7328dda,Rubriques/entrées réglementaires parallèles ; seules les formes explicitement listées sont retenues dans chaque langue,EXACT_SOURCE_SUBTERM,meat,meat:NON_VEGAN,other_equid_meat,NON_ATTRIBUE_CONCEPT_ABSENT,DEFER_COMPOSITE_OR_TAXON_ALIAS,REVIEW_REQUIRED,NO,"Catégorie collective avec plusieurs espèces ; faible probabilité d'un tel libellé long sur étiquette. Priorité basse, ne pas en faire une traduction singulière inventée.",Viandes explicitement désignées. Un groupe alimentaire pour équidés hors cheval suffit à ce stade ; aucun concept par variante âne/mulet/bardot et aucun alias d'animal nu.,NONE,,fleisch von eseln maultieren oder mauleseln,,NONE,,fleisch von eseln maultieren oder mauleseln,NONE,,fleisch von eseln maultieren oder mauleseln,,NONE,,fleisch von eseln maultieren oder mauleseln,fleisch von eseln maultieren oder mauleseln,DE,FAMILY_OR_CURRENT_OWNER_NOT_PROOF_OF_RECOGNITION,BROADER_FAMILY_OR_SPECIFIC_DENOMINATION_REVIEW_REQUIRED,LOW_SOURCE_CATEGORY,NO_NEW_ALIAS_KEY_PROPOSED,,,,,,,,NOT_PROPOSED_CONTEXT_ONLY,,,,TARGETED_PRIMARY_PDF,02013R1308,2026-08-18,2026-10-06,fc74f08aa87e22c0fe38cf896a1a323c64cbf7ea
M0104,M18,VIANDES,SPECIES_MEAT,FR,FR,gibier,gibier,gibier,CELEX_02013R1308-20260818_FR_TXT.pdf,154,"Annexe I XXIV section 1, NC 1602 90 31 sous préparations/conserves de viandes/abats",2603,"ompris les préparations de sang de tous  animaux  
– – autres que des préparations de sang de tous animaux:  
1602 90 31 – – – de gibier ou de lapin  
– – – autres:  
– – – – Autres que celles contenant de la viande ou des abats d e l'espèce porcine 
domestique: 
– – – – – autres que c",5ea4e8f11d1ad1871ae780bbdc05ee4beff9a2283b8876be6bffaec4e73f4a4c,Rubriques/entrées réglementaires parallèles ; seules les formes explicitement listées sont retenues dans chaque langue,EXACT_SOURCE_SUBTERM,meat,meat:NON_VEGAN,game_meat,NON_ATTRIBUE_CONCEPT_ABSENT,PROPOSE_DISTINCT_CONCEPT,REVIEW_REQUIRED,NO,wild/Wild sont aussi des adjectifs et game un mot non alimentaire : aucun alias nu global sans validation de contexte. Une viande de gibier n'est pas une espèce unique.,"Groupe alimentaire réel par origine sauvage, sans inventer cerf, sanglier ou lièvre ; la sous-position ne précise pas ces espèces.",NONE,,gibier,,NONE,,gibier,NONE,,gibier,,NONE,,gibier,gibier,FR,FAMILY_OR_CURRENT_OWNER_NOT_PROOF_OF_RECOGNITION,SPECIES_NAME_IN_FOOD_CONTEXT,LABEL_CANDIDATE,CONTEXT_VALIDATION_REQUIRED,,,,,,,game_meat|FR|gibier,POTENTIAL_NEW_SURFACE,,,,TARGETED_PRIMARY_PDF,02013R1308,2026-08-18,2026-10-06,fc74f08aa87e22c0fe38cf896a1a323c64cbf7ea
M0105,M18,VIANDES,SPECIES_MEAT,NL,NL,wild,wild,wild,CELEX_02013R1308-20260818_NL_TXT.pdf,154,"Annexe I XXIV section 1, NC 1602 90 31 sous préparations/conserves de viandes/abats",2618,"n van alle soorten daaronder begrepen:  
– – Andere dan bereidingen van bloed van dieren van alle soorte n: 
1602 90 31 – – – Van wild of van konijn  
– – – Andere:  
– – – – Andere dan vlees of slachtafvallen van varkens (huisdie ren) bevattend:  
– – – – – Andere dan vlees of slach",99ee3d7c91c02249f6ca6ffca15e06cf2e9603ab9718919138dd2a981281bb74,Rubriques/entrées réglementaires parallèles ; seules les formes explicitement listées sont retenues dans chaque langue,EXACT_SOURCE_SUBTERM,meat,meat:NON_VEGAN,game_meat,NON_ATTRIBUE_CONCEPT_ABSENT,PROPOSE_DISTINCT_CONCEPT,REVIEW_REQUIRED,NO,wild/Wild sont aussi des adjectifs et game un mot non alimentaire : aucun alias nu global sans validation de contexte. Une viande de gibier n'est pas une espèce unique.,"Groupe alimentaire réel par origine sauvage, sans inventer cerf, sanglier ou lièvre ; la sous-position ne précise pas ces espèces.",NONE,,wild,,NONE,,wild,NONE,,wild,,NONE,,wild,wild,NL,FAMILY_OR_CURRENT_OWNER_NOT_PROOF_OF_RECOGNITION,SPECIES_NAME_IN_FOOD_CONTEXT,LABEL_CANDIDATE,CONTEXT_VALIDATION_REQUIRED,,,,,,,game_meat|NL|wild,POTENTIAL_NEW_SURFACE,,,,TARGETED_PRIMARY_PDF,02013R1308,2026-08-18,2026-10-06,fc74f08aa87e22c0fe38cf896a1a323c64cbf7ea
M0106,M18,VIANDES,SPECIES_MEAT,EN,EN,game,game,game,CELEX_02013R1308-20260818_EN_TXT.pdf,154,"Annexe I XXIV section 1, NC 1602 90 31 sous préparations/conserves de viandes/abats",2294,"Other, including preparations of blood of any anim al: 
– – Other than preparations of blood of any animal:  
1602 90 31 – – – Of game or rabbit  
– – – Other:  
– – – – Other than containing the meat or meat offal of domesti c swine:  
– – – – – Other than containing bovine meat or ",b5cc2ea8e761cc408cca7f8930de7b2c01c2609f88dcb5a6bdbc4882e4455d11,Rubriques/entrées réglementaires parallèles ; seules les formes explicitement listées sont retenues dans chaque langue,EXACT_SOURCE_SUBTERM,meat,meat:NON_VEGAN,game_meat,NON_ATTRIBUE_CONCEPT_ABSENT,PROPOSE_DISTINCT_CONCEPT,REVIEW_REQUIRED,NO,wild/Wild sont aussi des adjectifs et game un mot non alimentaire : aucun alias nu global sans validation de contexte. Une viande de gibier n'est pas une espèce unique.,"Groupe alimentaire réel par origine sauvage, sans inventer cerf, sanglier ou lièvre ; la sous-position ne précise pas ces espèces.",NONE,,game,,NONE,,game,NONE,,game,,NONE,,game,game,EN,FAMILY_OR_CURRENT_OWNER_NOT_PROOF_OF_RECOGNITION,SPECIES_NAME_IN_FOOD_CONTEXT,LABEL_CANDIDATE,CONTEXT_VALIDATION_REQUIRED,,,,,pigmeat|meat|lamb,,game_meat|EN|game,POTENTIAL_NEW_SURFACE,,,,TARGETED_PRIMARY_PDF,02013R1308,2026-08-18,2026-10-06,fc74f08aa87e22c0fe38cf896a1a323c64cbf7ea
M0107,M18,VIANDES,SPECIES_MEAT,DE,DE,Wild,Wild,Wild,CELEX_02013R1308-20260818_DE_TXT.pdf,154,"Annexe I XXIV section 1, NC 1602 90 31 sous préparations/conserves de viandes/abats",2458,"ließlich Zubereitungen aus Blut alle r Tierarten:  
– – andere als Zubereitungen aus Blut aller Tierarten:  
1602 90 31 – – – von Wild oder Kaninchen  
– – – andere  
– – – – andere als solche, die Fleisch oder Schlachtnebenerzeug nisse von Hausschweinen 
enthalten: 
– – – – – andere",64a45b265e50b848f0a1ae239b94a1feef40608b69c69c9e5e14f0ffb7328dda,Rubriques/entrées réglementaires parallèles ; seules les formes explicitement listées sont retenues dans chaque langue,EXACT_SOURCE_SUBTERM,meat,meat:NON_VEGAN,game_meat,NON_ATTRIBUE_CONCEPT_ABSENT,PROPOSE_DISTINCT_CONCEPT,REVIEW_REQUIRED,NO,wild/Wild sont aussi des adjectifs et game un mot non alimentaire : aucun alias nu global sans validation de contexte. Une viande de gibier n'est pas une espèce unique.,"Groupe alimentaire réel par origine sauvage, sans inventer cerf, sanglier ou lièvre ; la sous-position ne précise pas ces espèces.",NONE,,wild,,NONE,,wild,NONE,,wild,,NONE,,wild,wild,DE,FAMILY_OR_CURRENT_OWNER_NOT_PROOF_OF_RECOGNITION,SPECIES_NAME_IN_FOOD_CONTEXT,LABEL_CANDIDATE,CONTEXT_VALIDATION_REQUIRED,,,,,,,game_meat|DE|wild,POTENTIAL_NEW_SURFACE,,,,TARGETED_PRIMARY_PDF,02013R1308,2026-08-18,2026-10-06,fc74f08aa87e22c0fe38cf896a1a323c64cbf7ea
M0108,M19,VIANDES,SPECIES_MEAT,FR,FR,lapin,lapin,lapin,CELEX_02013R1308-20260818_FR_TXT.pdf,154,"Annexe I XXIV section 1, NC 1602 90 31 sous préparations/conserves de viandes/abats",2616,"éparations de sang de tous  animaux  
– – autres que des préparations de sang de tous animaux:  
1602 90 31 – – – de gibier ou de lapin  
– – – autres:  
– – – – Autres que celles contenant de la viande ou des abats d e l'espèce porcine 
domestique: 
– – – – – autres que celles conten",5ea4e8f11d1ad1871ae780bbdc05ee4beff9a2283b8876be6bffaec4e73f4a4c,Rubriques/entrées réglementaires parallèles ; seules les formes explicitement listées sont retenues dans chaque langue,EXACT_SOURCE_SUBTERM,meat,meat:NON_VEGAN,rabbit_meat,NON_ATTRIBUE_CONCEPT_ABSENT,PROPOSE_DISTINCT_CONCEPT,REVIEW_REQUIRED,NO,"Nom d'animal ou de viande dans une alternative végétale, un arôme, un titre ou une mention d'œufs/lait : exiger le contexte d'ingrédient réel ; aucune nouvelle règle de verdict.","Nom sous une préparation de viande ou d'abats, utile sur étiquette. Distinct du groupe générique gibier ; ne pas déduire le lièvre.",NONE,,lapin,,NONE,,lapin,NONE,,lapin,,NONE,,lapin,lapin,FR,FAMILY_OR_CURRENT_OWNER_NOT_PROOF_OF_RECOGNITION,SPECIES_NAME_IN_FOOD_CONTEXT,LABEL_CANDIDATE,CONTEXT_VALIDATION_REQUIRED,,,,,,,rabbit_meat|FR|lapin,POTENTIAL_NEW_SURFACE,,,,TARGETED_PRIMARY_PDF,02013R1308,2026-08-18,2026-10-06,fc74f08aa87e22c0fe38cf896a1a323c64cbf7ea
M0109,M19,VIANDES,SPECIES_MEAT,NL,NL,konijn,konijn,konijn,CELEX_02013R1308-20260818_NL_TXT.pdf,154,"Annexe I XXIV section 1, NC 1602 90 31 sous préparations/conserves de viandes/abats",2630,"oorten daaronder begrepen:  
– – Andere dan bereidingen van bloed van dieren van alle soorte n: 
1602 90 31 – – – Van wild of van konijn  
– – – Andere:  
– – – – Andere dan vlees of slachtafvallen van varkens (huisdie ren) bevattend:  
– – – – – Andere dan vlees of slachtafvallen van ",99ee3d7c91c02249f6ca6ffca15e06cf2e9603ab9718919138dd2a981281bb74,Rubriques/entrées réglementaires parallèles ; seules les formes explicitement listées sont retenues dans chaque langue,EXACT_SOURCE_SUBTERM,meat,meat:NON_VEGAN,rabbit_meat,NON_ATTRIBUE_CONCEPT_ABSENT,PROPOSE_DISTINCT_CONCEPT,REVIEW_REQUIRED,NO,"Nom d'animal ou de viande dans une alternative végétale, un arôme, un titre ou une mention d'œufs/lait : exiger le contexte d'ingrédient réel ; aucune nouvelle règle de verdict.","Nom sous une préparation de viande ou d'abats, utile sur étiquette. Distinct du groupe générique gibier ; ne pas déduire le lièvre.",NONE,,konijn,,NONE,,konijn,NONE,,konijn,,NONE,,konijn,konijn,NL,FAMILY_OR_CURRENT_OWNER_NOT_PROOF_OF_RECOGNITION,SPECIES_NAME_IN_FOOD_CONTEXT,LABEL_CANDIDATE,CONTEXT_VALIDATION_REQUIRED,,,,,,,rabbit_meat|NL|konijn,POTENTIAL_NEW_SURFACE,,,,TARGETED_PRIMARY_PDF,02013R1308,2026-08-18,2026-10-06,fc74f08aa87e22c0fe38cf896a1a323c64cbf7ea
M0110,M19,VIANDES,SPECIES_MEAT,EN,EN,rabbit,rabbit,rabbit,CELEX_02013R1308-20260818_EN_TXT.pdf,154,"Annexe I XXIV section 1, NC 1602 90 31 sous préparations/conserves de viandes/abats",2302,"ncluding preparations of blood of any anim al: 
– – Other than preparations of blood of any animal:  
1602 90 31 – – – Of game or rabbit  
– – – Other:  
– – – – Other than containing the meat or meat offal of domesti c swine:  
– – – – – Other than containing bovine meat or offal:  
1",b5cc2ea8e761cc408cca7f8930de7b2c01c2609f88dcb5a6bdbc4882e4455d11,Rubriques/entrées réglementaires parallèles ; seules les formes explicitement listées sont retenues dans chaque langue,EXACT_SOURCE_SUBTERM,meat,meat:NON_VEGAN,rabbit_meat,NON_ATTRIBUE_CONCEPT_ABSENT,PROPOSE_DISTINCT_CONCEPT,REVIEW_REQUIRED,NO,"Nom d'animal ou de viande dans une alternative végétale, un arôme, un titre ou une mention d'œufs/lait : exiger le contexte d'ingrédient réel ; aucune nouvelle règle de verdict.","Nom sous une préparation de viande ou d'abats, utile sur étiquette. Distinct du groupe générique gibier ; ne pas déduire le lièvre.",NONE,,rabbit,,NONE,,rabbit,NONE,,rabbit,,NONE,,rabbit,rabbit,EN,FAMILY_OR_CURRENT_OWNER_NOT_PROOF_OF_RECOGNITION,SPECIES_NAME_IN_FOOD_CONTEXT,LABEL_CANDIDATE,CONTEXT_VALIDATION_REQUIRED,,,,,,,rabbit_meat|EN|rabbit,POTENTIAL_NEW_SURFACE,,,,TARGETED_PRIMARY_PDF,02013R1308,2026-08-18,2026-10-06,fc74f08aa87e22c0fe38cf896a1a323c64cbf7ea
M0111,M19,VIANDES,SPECIES_MEAT,DE,DE,Kaninchen,Kaninchen,Kaninchen,CELEX_02013R1308-20260818_DE_TXT.pdf,154,"Annexe I XXIV section 1, NC 1602 90 31 sous préparations/conserves de viandes/abats",2468,"ubereitungen aus Blut alle r Tierarten:  
– – andere als Zubereitungen aus Blut aller Tierarten:  
1602 90 31 – – – von Wild oder Kaninchen  
– – – andere  
– – – – andere als solche, die Fleisch oder Schlachtnebenerzeug nisse von Hausschweinen 
enthalten: 
– – – – – andere als solche, di",64a45b265e50b848f0a1ae239b94a1feef40608b69c69c9e5e14f0ffb7328dda,Rubriques/entrées réglementaires parallèles ; seules les formes explicitement listées sont retenues dans chaque langue,EXACT_SOURCE_SUBTERM,meat,meat:NON_VEGAN,rabbit_meat,NON_ATTRIBUE_CONCEPT_ABSENT,PROPOSE_DISTINCT_CONCEPT,REVIEW_REQUIRED,NO,"Nom d'animal ou de viande dans une alternative végétale, un arôme, un titre ou une mention d'œufs/lait : exiger le contexte d'ingrédient réel ; aucune nouvelle règle de verdict.","Nom sous une préparation de viande ou d'abats, utile sur étiquette. Distinct du groupe générique gibier ; ne pas déduire le lièvre.",NONE,,kaninchen,,NONE,,kaninchen,NONE,,kaninchen,,NONE,,kaninchen,kaninchen,DE,FAMILY_OR_CURRENT_OWNER_NOT_PROOF_OF_RECOGNITION,SPECIES_NAME_IN_FOOD_CONTEXT,LABEL_CANDIDATE,CONTEXT_VALIDATION_REQUIRED,,,,,chicken,,rabbit_meat|DE|kaninchen,POTENTIAL_NEW_SURFACE,,,,TARGETED_PRIMARY_PDF,02013R1308,2026-08-18,2026-10-06,fc74f08aa87e22c0fe38cf896a1a323c64cbf7ea
M0112,M20,VIANDES,MEAT_CUT,FR,FR,Onglets,Onglets,Onglets,CELEX_02013R1308-20260818_FR_TXT.pdf,143,"Annexe I XV NC 0206 10 95 / 0206 29 91 / 0210 99 51, premier élément de la liste",1080,"des des animaux de l'espèce bovine, fraîches ou réfrig érées 
0202 Viandes des animaux de l'espèce bovine, congelées  
0206 10 95 Onglets et hampes, frais ou réfrigérés  
0206 29 91 Onglets et hampes, congelés  
0210 20 Viandes des animaux de l'espèce bovine, salées ou en sa umure, séch",5ea4e8f11d1ad1871ae780bbdc05ee4beff9a2283b8876be6bffaec4e73f4a4c,Même NC et ordre des deux morceaux ; alignement sémantique des sous-termes à réviser,EXACT_SOURCE_SUBTERM,meat,meat:NON_VEGAN,beef_hanger,NON_ATTRIBUE_CONCEPT_ABSENT,PROPOSE_DISTINCT_CONCEPT,REVIEW_REQUIRED,NO,Nierenzapfen n'est pas Nieren (rognons) ; éviter de classer le morceau comme organe ou d'utiliser skirt hors du composé alimentaire.,"Morceau comestible nommé et séparé de la seconde coupe ; le code douanier d'abats ne change pas sa nature musculaire. Correspondance intra-liste par ordre proposée, non un dictionnaire de synonymes certifié.",NONE,,onglets,,NONE,,onglets,NONE,,onglets,,NONE,,onglets,onglets,FR,FAMILY_OR_CURRENT_OWNER_NOT_PROOF_OF_RECOGNITION,CUT_ALIGNMENT_BY_PARALLEL_LIST_REVIEW_REQUIRED,LABEL_CANDIDATE,SEMANTIC_OR_LANGUAGE_REVIEW_REQUIRED,,,,,poulet|vlees|rundvlees,,beef_hanger|FR|onglets,POTENTIAL_NEW_SURFACE,C7efda65ce84a91|Cc4304eede37826,Cc4304eede37826|Cee239d0f488213,,BROAD_CSV_AND_PRIMARY_PDF,02013R1308,2026-08-18,2026-10-06,fc74f08aa87e22c0fe38cf896a1a323c64cbf7ea
M0113,M20,VIANDES,MEAT_CUT,NL,NL,Longhaasjes,Longhaasjes,Longhaasjes,CELEX_02013R1308-20260818_NL_TXT.pdf,143,"Annexe I XV NC 0206 10 95 / 0206 29 91 / 0210 99 51, premier élément de la liste",958,"n), andere dan fokdieren van zuiver ras 
0201 Vlees van runderen, vers of gekoeld  
0202 Vlees van runderen bevroren  
0206 10 95 Longhaasjes en omlopen, vers of gekoeld  
0206 29 91 Longhaasjes en omlopen, bevroren  
0210 20 Vlees van runderen, gezouten, gepekeld, gedroogd of ger ookt 
021",99ee3d7c91c02249f6ca6ffca15e06cf2e9603ab9718919138dd2a981281bb74,Même NC et ordre des deux morceaux ; alignement sémantique des sous-termes à réviser,EXACT_SOURCE_SUBTERM,meat,meat:NON_VEGAN,beef_hanger,NON_ATTRIBUE_CONCEPT_ABSENT,PROPOSE_DISTINCT_CONCEPT,REVIEW_REQUIRED,NO,Nierenzapfen n'est pas Nieren (rognons) ; éviter de classer le morceau comme organe ou d'utiliser skirt hors du composé alimentaire.,"Morceau comestible nommé et séparé de la seconde coupe ; le code douanier d'abats ne change pas sa nature musculaire. Correspondance intra-liste par ordre proposée, non un dictionnaire de synonymes certifié.",NONE,,longhaasjes,,NONE,,longhaasjes,NONE,,longhaasjes,,NONE,,longhaasjes,longhaasjes,NL,FAMILY_OR_CURRENT_OWNER_NOT_PROOF_OF_RECOGNITION,CUT_ALIGNMENT_BY_PARALLEL_LIST_REVIEW_REQUIRED,LABEL_CANDIDATE,SEMANTIC_OR_LANGUAGE_REVIEW_REQUIRED,,,,,,,beef_hanger|NL|longhaasjes,POTENTIAL_NEW_SURFACE,C42a10841e2d8af|Ccee01515d2bc84|Ce7c356164909c2,C6d9da2cf711c93|Ccee01515d2bc84,,BROAD_CSV_AND_PRIMARY_PDF,02013R1308,2026-08-18,2026-10-06,fc74f08aa87e22c0fe38cf896a1a323c64cbf7ea
M0114,M20,VIANDES,MEAT_CUT,EN,EN,Thick skirt,Thick skirt,Thick skirt,CELEX_02013R1308-20260818_EN_TXT.pdf,143,"Annexe I XV NC 0206 10 95 / 0206 29 91 / 0210 99 51, premier élément de la liste",1021,"an pure-br ed breeding animals  
0201 Meat of bovine animals, fresh or chilled  
0202 Meat of bovine animals, frozen  
0206 10 95 Thick skirt and thin skirt, fresh or chilled  
0206 29 91 Thick skirt and thin skirt, frozen  
0210 20 Meat of bovine animals, salted, in brine, dried or smok ed",b5cc2ea8e761cc408cca7f8930de7b2c01c2609f88dcb5a6bdbc4882e4455d11,Même NC et ordre des deux morceaux ; alignement sémantique des sous-termes à réviser,EXACT_SOURCE_SUBTERM,meat,meat:NON_VEGAN,beef_hanger,NON_ATTRIBUE_CONCEPT_ABSENT,PROPOSE_DISTINCT_CONCEPT,REVIEW_REQUIRED,NO,Nierenzapfen n'est pas Nieren (rognons) ; éviter de classer le morceau comme organe ou d'utiliser skirt hors du composé alimentaire.,"Morceau comestible nommé et séparé de la seconde coupe ; le code douanier d'abats ne change pas sa nature musculaire. Correspondance intra-liste par ordre proposée, non un dictionnaire de synonymes certifié.",NONE,,thick skirt,,NONE,,thick skirt,NONE,,thick skirt,,NONE,,thick skirt,thick skirt,EN,FAMILY_OR_CURRENT_OWNER_NOT_PROOF_OF_RECOGNITION,CUT_ALIGNMENT_BY_PARALLEL_LIST_REVIEW_REQUIRED,LABEL_CANDIDATE,SEMANTIC_OR_LANGUAGE_REVIEW_REQUIRED,,,,,,,beef_hanger|EN|thick skirt,POTENTIAL_NEW_SURFACE,Cad8e18de1e7dbd|Cbb31705599b372,Cbb31705599b372|Cbb4754e609d358,,BROAD_CSV_AND_PRIMARY_PDF,02013R1308,2026-08-18,2026-10-06,fc74f08aa87e22c0fe38cf896a1a323c64cbf7ea
M0115,M20,VIANDES,MEAT_CUT,DE,DE,Zwerchfellpfeiler,Zwerchfellpfeiler,Zwerchfellpfeiler,CELEX_02013R1308-20260818_DE_TXT.pdf,143,"Annexe I XV NC 0206 10 95 / 0206 29 91 / 0210 99 51, premier élément de la liste",926,"genommen reinrassige Zuchttiere  
0201 Fleisch von Rindern, frisch oder gekühlt  
0202 Fleisch von Rindern, gefroren  
0206 10 95 Zwerchfellpfeiler (Nierenzapfen) und Saumfleisch, fr isch oder gekühlt  
0206 29 91 Zwerchfellpfeiler (Nierenzapfen) und Saumfleisch, ge froren 
0210 20 Fleisch von Ri",64a45b265e50b848f0a1ae239b94a1feef40608b69c69c9e5e14f0ffb7328dda,Même NC et ordre des deux morceaux ; alignement sémantique des sous-termes à réviser,EXACT_SOURCE_SUBTERM,meat,meat:NON_VEGAN,beef_hanger,NON_ATTRIBUE_CONCEPT_ABSENT,PROPOSE_DISTINCT_CONCEPT,REVIEW_REQUIRED,NO,Nierenzapfen n'est pas Nieren (rognons) ; éviter de classer le morceau comme organe ou d'utiliser skirt hors du composé alimentaire.,"Morceau comestible nommé et séparé de la seconde coupe ; le code douanier d'abats ne change pas sa nature musculaire. Correspondance intra-liste par ordre proposée, non un dictionnaire de synonymes certifié.",NONE,,zwerchfellpfeiler,,NONE,,zwerchfellpfeiler,NONE,,zwerchfellpfeiler,,NONE,,zwerchfellpfeiler,zwerchfellpfeiler,DE,FAMILY_OR_CURRENT_OWNER_NOT_PROOF_OF_RECOGNITION,CUT_ALIGNMENT_BY_PARALLEL_LIST_REVIEW_REQUIRED,LABEL_CANDIDATE,SEMANTIC_OR_LANGUAGE_REVIEW_REQUIRED,,,,,,,beef_hanger|DE|zwerchfellpfeiler,POTENTIAL_NEW_SURFACE,C1f2935920524c9|Cc12942c997fe5b,Cc12942c997fe5b|Cf14e637ca2c963,,BROAD_CSV_AND_PRIMARY_PDF,02013R1308,2026-08-18,2026-10-06,fc74f08aa87e22c0fe38cf896a1a323c64cbf7ea
M0116,M20,VIANDES,MEAT_CUT,DE,DE,Nierenzapfen,Nierenzapfen,Nierenzapfen,CELEX_02013R1308-20260818_DE_TXT.pdf,143,"Annexe I XV NC 0206 10 95 / 0206 29 91 / 0210 99 51, premier élément de la liste",945,"e Zuchttiere  
0201 Fleisch von Rindern, frisch oder gekühlt  
0202 Fleisch von Rindern, gefroren  
0206 10 95 Zwerchfellpfeiler (Nierenzapfen) und Saumfleisch, fr isch oder gekühlt  
0206 29 91 Zwerchfellpfeiler (Nierenzapfen) und Saumfleisch, ge froren 
0210 20 Fleisch von Rindern, gesalze",64a45b265e50b848f0a1ae239b94a1feef40608b69c69c9e5e14f0ffb7328dda,Même NC et ordre des deux morceaux ; alignement sémantique des sous-termes à réviser,EXACT_SOURCE_SUBTERM,meat,meat:NON_VEGAN,beef_hanger,NON_ATTRIBUE_CONCEPT_ABSENT,PROPOSE_DISTINCT_CONCEPT,REVIEW_REQUIRED,NO,Nierenzapfen n'est pas Nieren (rognons) ; éviter de classer le morceau comme organe ou d'utiliser skirt hors du composé alimentaire.,"Morceau comestible nommé et séparé de la seconde coupe ; le code douanier d'abats ne change pas sa nature musculaire. Correspondance intra-liste par ordre proposée, non un dictionnaire de synonymes certifié.",NONE,,nierenzapfen,,NONE,,nierenzapfen,NONE,,nierenzapfen,,NONE,,nierenzapfen,nierenzapfen,DE,FAMILY_OR_CURRENT_OWNER_NOT_PROOF_OF_RECOGNITION,CUT_ALIGNMENT_BY_PARALLEL_LIST_REVIEW_REQUIRED,LABEL_CANDIDATE,SEMANTIC_OR_LANGUAGE_REVIEW_REQUIRED,,,,,,,beef_hanger|DE|nierenzapfen,POTENTIAL_NEW_SURFACE,C2d0b78c2a774f5|C40dbf540c5b003,C40dbf540c5b003|Cf14e637ca2c963,,BROAD_CSV_AND_PRIMARY_PDF,02013R1308,2026-08-18,2026-10-06,fc74f08aa87e22c0fe38cf896a1a323c64cbf7ea
M0117,M21,VIANDES,MEAT_CUT,FR,FR,hampes,hampes,hampes,CELEX_02013R1308-20260818_FR_TXT.pdf,143,"Annexe I XV mêmes NC, second élément de la liste",1091,"maux de l'espèce bovine, fraîches ou réfrig érées 
0202 Viandes des animaux de l'espèce bovine, congelées  
0206 10 95 Onglets et hampes, frais ou réfrigérés  
0206 29 91 Onglets et hampes, congelés  
0210 20 Viandes des animaux de l'espèce bovine, salées ou en sa umure, séchées ou fum",5ea4e8f11d1ad1871ae780bbdc05ee4beff9a2283b8876be6bffaec4e73f4a4c,Même NC et ordre des deux morceaux ; alignement sémantique des sous-termes à réviser,EXACT_SOURCE_SUBTERM,meat,meat:NON_VEGAN,beef_skirt,NON_ATTRIBUE_CONCEPT_ABSENT,PROPOSE_DISTINCT_CONCEPT,REVIEW_REQUIRED,NO,omlopen est polysémique en NL ; hampe hors contexte alimentaire et skirt nu ne sont pas des alias sûrs.,"Seconde coupe musculaire nommée ; concept séparé d'onglet justifié par la partie anatomique, pas par une flexion.",NONE,,hampes,,NONE,,hampes,NONE,,hampes,,NONE,,hampes,hampes,FR,FAMILY_OR_CURRENT_OWNER_NOT_PROOF_OF_RECOGNITION,CUT_ALIGNMENT_BY_PARALLEL_LIST_REVIEW_REQUIRED,LABEL_CANDIDATE,SEMANTIC_OR_LANGUAGE_REVIEW_REQUIRED,,,,,,,beef_skirt|FR|hampes,POTENTIAL_NEW_SURFACE,C64f62ffe48f559,C64f62ffe48f559|Cee239d0f488213,,BROAD_CSV_AND_PRIMARY_PDF,02013R1308,2026-08-18,2026-10-06,fc74f08aa87e22c0fe38cf896a1a323c64cbf7ea
M0118,M21,VIANDES,MEAT_CUT,NL,NL,omlopen,omlopen,omlopen,CELEX_02013R1308-20260818_NL_TXT.pdf,143,"Annexe I XV mêmes NC, second élément de la liste",973,"fokdieren van zuiver ras 
0201 Vlees van runderen, vers of gekoeld  
0202 Vlees van runderen bevroren  
0206 10 95 Longhaasjes en omlopen, vers of gekoeld  
0206 29 91 Longhaasjes en omlopen, bevroren  
0210 20 Vlees van runderen, gezouten, gepekeld, gedroogd of ger ookt 
0210 99 51 Lon",99ee3d7c91c02249f6ca6ffca15e06cf2e9603ab9718919138dd2a981281bb74,Même NC et ordre des deux morceaux ; alignement sémantique des sous-termes à réviser,EXACT_SOURCE_SUBTERM,meat,meat:NON_VEGAN,beef_skirt,NON_ATTRIBUE_CONCEPT_ABSENT,PROPOSE_DISTINCT_CONCEPT,REVIEW_REQUIRED,NO,omlopen est polysémique en NL ; hampe hors contexte alimentaire et skirt nu ne sont pas des alias sûrs.,"Seconde coupe musculaire nommée ; concept séparé d'onglet justifié par la partie anatomique, pas par une flexion.",NONE,,omlopen,,NONE,,omlopen,NONE,,omlopen,,NONE,,omlopen,omlopen,NL,FAMILY_OR_CURRENT_OWNER_NOT_PROOF_OF_RECOGNITION,CUT_ALIGNMENT_BY_PARALLEL_LIST_REVIEW_REQUIRED,LABEL_CANDIDATE,SEMANTIC_OR_LANGUAGE_REVIEW_REQUIRED,,,,,,,beef_skirt|NL|omlopen,POTENTIAL_NEW_SURFACE,C806bb501f85f8e|Cee8f9a4f64b59e,C6d9da2cf711c93|C806bb501f85f8e,,BROAD_CSV_AND_PRIMARY_PDF,02013R1308,2026-08-18,2026-10-06,fc74f08aa87e22c0fe38cf896a1a323c64cbf7ea
M0119,M21,VIANDES,MEAT_CUT,EN,EN,thin skirt,thin skirt,thin skirt,CELEX_02013R1308-20260818_EN_TXT.pdf,143,"Annexe I XV mêmes NC, second élément de la liste",1037,"eeding animals  
0201 Meat of bovine animals, fresh or chilled  
0202 Meat of bovine animals, frozen  
0206 10 95 Thick skirt and thin skirt, fresh or chilled  
0206 29 91 Thick skirt and thin skirt, frozen  
0210 20 Meat of bovine animals, salted, in brine, dried or smok ed 
0210 99 51 Th",b5cc2ea8e761cc408cca7f8930de7b2c01c2609f88dcb5a6bdbc4882e4455d11,Même NC et ordre des deux morceaux ; alignement sémantique des sous-termes à réviser,EXACT_SOURCE_SUBTERM,meat,meat:NON_VEGAN,beef_skirt,NON_ATTRIBUE_CONCEPT_ABSENT,PROPOSE_DISTINCT_CONCEPT,REVIEW_REQUIRED,NO,omlopen est polysémique en NL ; hampe hors contexte alimentaire et skirt nu ne sont pas des alias sûrs.,"Seconde coupe musculaire nommée ; concept séparé d'onglet justifié par la partie anatomique, pas par une flexion.",NONE,,thin skirt,,NONE,,thin skirt,NONE,,thin skirt,,NONE,,thin skirt,thin skirt,EN,FAMILY_OR_CURRENT_OWNER_NOT_PROOF_OF_RECOGNITION,CUT_ALIGNMENT_BY_PARALLEL_LIST_REVIEW_REQUIRED,LABEL_CANDIDATE,SEMANTIC_OR_LANGUAGE_REVIEW_REQUIRED,,,,,,,beef_skirt|EN|thin skirt,POTENTIAL_NEW_SURFACE,C039f35095a626c|Cfe8ce3bd893a50,C039f35095a626c|Cbb4754e609d358,,BROAD_CSV_AND_PRIMARY_PDF,02013R1308,2026-08-18,2026-10-06,fc74f08aa87e22c0fe38cf896a1a323c64cbf7ea
M0120,M21,VIANDES,MEAT_CUT,DE,DE,Saumfleisch,Saumfleisch,Saumfleisch,CELEX_02013R1308-20260818_DE_TXT.pdf,143,"Annexe I XV mêmes NC, second élément de la liste",963,"1 Fleisch von Rindern, frisch oder gekühlt  
0202 Fleisch von Rindern, gefroren  
0206 10 95 Zwerchfellpfeiler (Nierenzapfen) und Saumfleisch, fr isch oder gekühlt  
0206 29 91 Zwerchfellpfeiler (Nierenzapfen) und Saumfleisch, ge froren 
0210 20 Fleisch von Rindern, gesalzen, in Salzlake, g",64a45b265e50b848f0a1ae239b94a1feef40608b69c69c9e5e14f0ffb7328dda,Même NC et ordre des deux morceaux ; alignement sémantique des sous-termes à réviser,EXACT_SOURCE_SUBTERM,meat,meat:NON_VEGAN,beef_skirt,NON_ATTRIBUE_CONCEPT_ABSENT,PROPOSE_DISTINCT_CONCEPT,REVIEW_REQUIRED,NO,omlopen est polysémique en NL ; hampe hors contexte alimentaire et skirt nu ne sont pas des alias sûrs.,"Seconde coupe musculaire nommée ; concept séparé d'onglet justifié par la partie anatomique, pas par une flexion.",NONE,,saumfleisch,,NONE,,saumfleisch,NONE,,saumfleisch,,NONE,,saumfleisch,saumfleisch,DE,FAMILY_OR_CURRENT_OWNER_NOT_PROOF_OF_RECOGNITION,CUT_ALIGNMENT_BY_PARALLEL_LIST_REVIEW_REQUIRED,LABEL_CANDIDATE,SEMANTIC_OR_LANGUAGE_REVIEW_REQUIRED,,,,,rindfleisch|schweinefleisch|geflugelfleisch,,beef_skirt|DE|saumfleisch,POTENTIAL_NEW_SURFACE,Ce8e6828f6346ea,Ce8e6828f6346ea|Cf14e637ca2c963,,BROAD_CSV_AND_PRIMARY_PDF,02013R1308,2026-08-18,2026-10-06,fc74f08aa87e22c0fe38cf896a1a323c64cbf7ea
M0121,M22,VIANDES,CUT_OR_PROCESSED_MEAT,FR,FR,Jambons,Jambons,Jambons,CELEX_02013R1308-20260818_FR_TXT.pdf,148,Annexe I XXIV section 1 : ex0203 12 p.148 ; ex0210 11 p.149 ; ex1602 41 p.154,1065,"s:  
ex 0203 11 – – En carcasses ou demi-carcasses:  
0203 11 90 – – – autres que de l'espèce porcine domestique  
ex 0203 12 – – Jambons, épaules et leurs morceaux, non désossés : 
0203 12 90 – – – autres que de l'espèce porcine domestique  
ex 0203 19 – – autres:  
0203 19 90 – – – au",5ea4e8f11d1ad1871ae780bbdc05ee4beff9a2283b8876be6bffaec4e73f4a4c,Rubriques/entrées réglementaires parallèles ; seules les formes explicitement listées sont retenues dans chaque langue,EXACT_SOURCE_SUBTERM,meat,meat:NON_VEGAN,ham,NON_ATTRIBUE_CONCEPT_ABSENT,PROPOSE_DISTINCT_CONCEPT,REVIEW_REQUIRED,NO,"Les lignes excluent le porc domestique : conserver cette restriction documentaire, ne pas faire de la NC un ingrédient. Alternatives végétales et polysémie de ham à traiter avant alias globaux.","Même nom pour la pièce crue puis salée/conservée. Un groupe ham suffit : le règlement ne prouve ni jambon cuit, ni jambon sec, ni une recette. La viande porcine dépend ici de la rubrique parent.",NONE,,jambons,,NONE,,jambons,NONE,,jambons,,NONE,,jambons,jambons,FR,FAMILY_OR_CURRENT_OWNER_NOT_PROOF_OF_RECOGNITION,BROADER_FAMILY_OR_SPECIFIC_DENOMINATION_REVIEW_REQUIRED,LABEL_CANDIDATE,CONTEXT_VALIDATION_REQUIRED,,,,,lamb,,ham|FR|jambons,POTENTIAL_NEW_SURFACE,C1182623c40fdc6,C1182623c40fdc6,,BROAD_CSV_AND_PRIMARY_PDF,02013R1308,2026-08-18,2026-10-06,fc74f08aa87e22c0fe38cf896a1a323c64cbf7ea
M0122,M22,VIANDES,CUT_OR_PROCESSED_MEAT,FR,FR,Jambons et morceaux de jambons,Jambons et morceaux de jambons,,CELEX_02013R1308-20260818_FR_TXT.pdf,154,Annexe I XXIV section 1 : ex0203 12 p.148 ; ex0210 11 p.149 ; ex1602 41 p.154,2139,"ile d'olive  
ex 1602 Autres préparations et conserves de viandes, d'abats ou  de sang:  
– de l'espèce porcine:  
ex 1602 41 – – Jambons et morceaux de jambons:  
1602 41 90 – – – autres que de l'espèce porcine domestique  
ex 1602 42 – – Épaules et leurs morceaux:  
1602 42 90 – – – autres que de l'espèce p",5ea4e8f11d1ad1871ae780bbdc05ee4beff9a2283b8876be6bffaec4e73f4a4c,Rubriques/entrées réglementaires parallèles ; seules les formes explicitement listées sont retenues dans chaque langue,EXACT_SOURCE_SUBTERM,meat,meat:NON_VEGAN,ham,NON_ATTRIBUE_CONCEPT_ABSENT,DEFER_COMPOSITE_OR_TAXON_ALIAS,REVIEW_REQUIRED,NO,"Les lignes excluent le porc domestique : conserver cette restriction documentaire, ne pas faire de la NC un ingrédient. Alternatives végétales et polysémie de ham à traiter avant alias globaux.","Même nom pour la pièce crue puis salée/conservée. Un groupe ham suffit : le règlement ne prouve ni jambon cuit, ni jambon sec, ni une recette. La viande porcine dépend ici de la rubrique parent.",NONE,,jambons et morceaux de jambons,,NONE,,jambons et morceaux de jambons,NONE,,jambons et morceaux de jambons,,NONE,,jambons et morceaux de jambons,jambons et morceaux de jambons,FR,FAMILY_OR_CURRENT_OWNER_NOT_PROOF_OF_RECOGNITION,BROADER_FAMILY_OR_SPECIFIC_DENOMINATION_REVIEW_REQUIRED,DOCUMENTARY_ONLY,NO_NEW_ALIAS_KEY_PROPOSED,,,,,,,,NOT_PROPOSED_CONTEXT_ONLY,C25b9caf52d30a4,C25b9caf52d30a4,,BROAD_CSV_AND_PRIMARY_PDF,02013R1308,2026-08-18,2026-10-06,fc74f08aa87e22c0fe38cf896a1a323c64cbf7ea
M0123,M22,VIANDES,CUT_OR_PROCESSED_MEAT,NL,NL,Hammen,Hammen,Hammen,CELEX_02013R1308-20260818_NL_TXT.pdf,148,Annexe I XXIV section 1 : ex0203 12 p.148 ; ex0210 11 p.149 ; ex1602 41 p.154,933,"ers of gekoeld:  
ex 0203 11 – – Hele en halve karkassen:  
0203 11 90 – – – Andere dan van varkens (huisdieren)  
ex 0203 12 – – Hammen, schouders en delen daarvan, met been:  
0203 12 90 – – – Andere dan van varkens (huisdieren)  
ex 0203 19 – – Andere:  
0203 19 90 – – – Andere dan ",99ee3d7c91c02249f6ca6ffca15e06cf2e9603ab9718919138dd2a981281bb74,Rubriques/entrées réglementaires parallèles ; seules les formes explicitement listées sont retenues dans chaque langue,EXACT_SOURCE_SUBTERM,meat,meat:NON_VEGAN,ham,NON_ATTRIBUE_CONCEPT_ABSENT,PROPOSE_DISTINCT_CONCEPT,REVIEW_REQUIRED,NO,"Les lignes excluent le porc domestique : conserver cette restriction documentaire, ne pas faire de la NC un ingrédient. Alternatives végétales et polysémie de ham à traiter avant alias globaux.","Même nom pour la pièce crue puis salée/conservée. Un groupe ham suffit : le règlement ne prouve ni jambon cuit, ni jambon sec, ni une recette. La viande porcine dépend ici de la rubrique parent.",NONE,,hammen,,NONE,,hammen,NONE,,hammen,,NONE,,hammen,hammen,NL,FAMILY_OR_CURRENT_OWNER_NOT_PROOF_OF_RECOGNITION,BROADER_FAMILY_OR_SPECIFIC_DENOMINATION_REVIEW_REQUIRED,LABEL_CANDIDATE,CONTEXT_VALIDATION_REQUIRED,,,,,,,ham|NL|hammen,POTENTIAL_NEW_SURFACE,C07be717f500941,C07be717f500941,,BROAD_CSV_AND_PRIMARY_PDF,02013R1308,2026-08-18,2026-10-06,fc74f08aa87e22c0fe38cf896a1a323c64cbf7ea
M0124,M22,VIANDES,CUT_OR_PROCESSED_MEAT,NL,NL,Hammen en delen daarvan,Hammen en delen daarvan,,CELEX_02013R1308-20260818_NL_TXT.pdf,154,Annexe I XXIV section 1 : ex0203 12 p.148 ; ex0210 11 p.149 ; ex1602 41 p.154,2146,"e heeft  
ex 1602 Andere bereidingen en conserven, van vlees, van slachta fvallen of van bloed:  
– Van varkens:  
ex 1602 41 – – Hammen en delen daarvan:  
1602 41 90 – – – Andere dan van varkens (huisdieren)  
ex 1602 42 – – Schouders en delen daarvan  
1602 42 90 – – – Andere dan van varkens (huisdi",99ee3d7c91c02249f6ca6ffca15e06cf2e9603ab9718919138dd2a981281bb74,Rubriques/entrées réglementaires parallèles ; seules les formes explicitement listées sont retenues dans chaque langue,EXACT_SOURCE_SUBTERM,meat,meat:NON_VEGAN,ham,NON_ATTRIBUE_CONCEPT_ABSENT,DEFER_COMPOSITE_OR_TAXON_ALIAS,REVIEW_REQUIRED,NO,"Les lignes excluent le porc domestique : conserver cette restriction documentaire, ne pas faire de la NC un ingrédient. Alternatives végétales et polysémie de ham à traiter avant alias globaux.","Même nom pour la pièce crue puis salée/conservée. Un groupe ham suffit : le règlement ne prouve ni jambon cuit, ni jambon sec, ni une recette. La viande porcine dépend ici de la rubrique parent.",NONE,,hammen en delen daarvan,,NONE,,hammen en delen daarvan,NONE,,hammen en delen daarvan,,NONE,,hammen en delen daarvan,hammen en delen daarvan,NL,FAMILY_OR_CURRENT_OWNER_NOT_PROOF_OF_RECOGNITION,BROADER_FAMILY_OR_SPECIFIC_DENOMINATION_REVIEW_REQUIRED,DOCUMENTARY_ONLY,NO_NEW_ALIAS_KEY_PROPOSED,,,,,schapen en geitenvlees,,,NOT_PROPOSED_CONTEXT_ONLY,C49e4e6beca37c4,C49e4e6beca37c4,,BROAD_CSV_AND_PRIMARY_PDF,02013R1308,2026-08-18,2026-10-06,fc74f08aa87e22c0fe38cf896a1a323c64cbf7ea
M0125,M22,VIANDES,CUT_OR_PROCESSED_MEAT,EN,EN,Hams,Hams,Hams,CELEX_02013R1308-20260818_EN_TXT.pdf,148,Annexe I XXIV section 1 : ex0203 12 p.148 ; ex0210 11 p.149 ; ex1602 41 p.154,903,"Fresh or chilled:  
ex 0203 11 – – Carcasses and half-carcasses:  
0203 11 90 – – – Other than of domestic swine  
ex 0203 12 – – Hams, shoulders and cuts thereof, with bone in:  
0203 12 90 – – – Other than of domestic swine  
ex 0203 19 – – Other:  
0203 19 90 – – – Other than of d",b5cc2ea8e761cc408cca7f8930de7b2c01c2609f88dcb5a6bdbc4882e4455d11,Rubriques/entrées réglementaires parallèles ; seules les formes explicitement listées sont retenues dans chaque langue,EXACT_SOURCE_SUBTERM,meat,meat:NON_VEGAN,ham,NON_ATTRIBUE_CONCEPT_ABSENT,PROPOSE_DISTINCT_CONCEPT,REVIEW_REQUIRED,NO,"Les lignes excluent le porc domestique : conserver cette restriction documentaire, ne pas faire de la NC un ingrédient. Alternatives végétales et polysémie de ham à traiter avant alias globaux.","Même nom pour la pièce crue puis salée/conservée. Un groupe ham suffit : le règlement ne prouve ni jambon cuit, ni jambon sec, ni une recette. La viande porcine dépend ici de la rubrique parent.",NONE,,hams,,NONE,,hams,NONE,,hams,,NONE,,hams,hams,EN,FAMILY_OR_CURRENT_OWNER_NOT_PROOF_OF_RECOGNITION,BROADER_FAMILY_OR_SPECIFIC_DENOMINATION_REVIEW_REQUIRED,LABEL_CANDIDATE,CONTEXT_VALIDATION_REQUIRED,,,,,lamb,,ham|EN|hams,POTENTIAL_NEW_SURFACE,Cbcec113b2a834a,Cbcec113b2a834a,,BROAD_CSV_AND_PRIMARY_PDF,02013R1308,2026-08-18,2026-10-06,fc74f08aa87e22c0fe38cf896a1a323c64cbf7ea
M0126,M22,VIANDES,CUT_OR_PROCESSED_MEAT,EN,EN,Hams and cuts thereof,Hams and cuts thereof,,CELEX_02013R1308-20260818_EN_TXT.pdf,154,Annexe I XXIV section 1 : ex0203 12 p.148 ; ex0210 11 p.149 ; ex1602 41 p.154,1893,"the characteristics of ol ive oil  
ex 1602 Other prepared or preserved meat, meat offal or blood:  
– Of swine:  
ex 1602 41 – – Hams and cuts thereof:  
1602 41 90 – – – Other than of domestic swine  
ex 1602 42 – – Shoulders and cuts thereof:  
1602 42 90 – – – Other than of domestic swine  
ex 16",b5cc2ea8e761cc408cca7f8930de7b2c01c2609f88dcb5a6bdbc4882e4455d11,Rubriques/entrées réglementaires parallèles ; seules les formes explicitement listées sont retenues dans chaque langue,EXACT_SOURCE_SUBTERM,meat,meat:NON_VEGAN,ham,NON_ATTRIBUE_CONCEPT_ABSENT,DEFER_COMPOSITE_OR_TAXON_ALIAS,REVIEW_REQUIRED,NO,"Les lignes excluent le porc domestique : conserver cette restriction documentaire, ne pas faire de la NC un ingrédient. Alternatives végétales et polysémie de ham à traiter avant alias globaux.","Même nom pour la pièce crue puis salée/conservée. Un groupe ham suffit : le règlement ne prouve ni jambon cuit, ni jambon sec, ni une recette. La viande porcine dépend ici de la rubrique parent.",NONE,,hams and cuts thereof,,NONE,,hams and cuts thereof,NONE,,hams and cuts thereof,,NONE,,hams and cuts thereof,hams and cuts thereof,EN,FAMILY_OR_CURRENT_OWNER_NOT_PROOF_OF_RECOGNITION,BROADER_FAMILY_OR_SPECIFIC_DENOMINATION_REVIEW_REQUIRED,DOCUMENTARY_ONLY,NO_NEW_ALIAS_KEY_PROPOSED,,,,,,,,NOT_PROPOSED_CONTEXT_ONLY,C3eeff5f5609955,C3eeff5f5609955,,BROAD_CSV_AND_PRIMARY_PDF,02013R1308,2026-08-18,2026-10-06,fc74f08aa87e22c0fe38cf896a1a323c64cbf7ea
M0127,M22,VIANDES,CUT_OR_PROCESSED_MEAT,DE,DE,Schinken,Schinken,Schinken,CELEX_02013R1308-20260818_DE_TXT.pdf,148,Annexe I XXIV section 1 : ex0203 12 p.148 ; ex0210 11 p.149 ; ex1602 41 p.154,941,"isch oder gekühlt:  
ex 0203 11 – – ganze oder halbe Tierkörper:  
0203 11 90 – – – andere als von Hausschweinen  
ex 0203 12 – – Schinken oder Schultern und Teile davon, mit Kno chen: 
0203 12 90 – – – andere als von Hausschweinen  
ex 0203 19 – – andere:  
0203 19 90 – – – andere als v",64a45b265e50b848f0a1ae239b94a1feef40608b69c69c9e5e14f0ffb7328dda,Rubriques/entrées réglementaires parallèles ; seules les formes explicitement listées sont retenues dans chaque langue,EXACT_SOURCE_SUBTERM,meat,meat:NON_VEGAN,ham,NON_ATTRIBUE_CONCEPT_ABSENT,PROPOSE_DISTINCT_CONCEPT,REVIEW_REQUIRED,NO,"Les lignes excluent le porc domestique : conserver cette restriction documentaire, ne pas faire de la NC un ingrédient. Alternatives végétales et polysémie de ham à traiter avant alias globaux.","Même nom pour la pièce crue puis salée/conservée. Un groupe ham suffit : le règlement ne prouve ni jambon cuit, ni jambon sec, ni une recette. La viande porcine dépend ici de la rubrique parent.",NONE,,schinken,,NONE,,schinken,NONE,,schinken,,NONE,,schinken,schinken,DE,FAMILY_OR_CURRENT_OWNER_NOT_PROOF_OF_RECOGNITION,BROADER_FAMILY_OR_SPECIFIC_DENOMINATION_REVIEW_REQUIRED,LABEL_CANDIDATE,CONTEXT_VALIDATION_REQUIRED,,,,,chicken|schweinefleisch,,ham|DE|schinken,POTENTIAL_NEW_SURFACE,,Ca5d159d4104e95,,BROAD_CSV_AND_PRIMARY_PDF,02013R1308,2026-08-18,2026-10-06,fc74f08aa87e22c0fe38cf896a1a323c64cbf7ea
M0128,M22,VIANDES,CUT_OR_PROCESSED_MEAT,DE,DE,Schinken und Teile davon,Schinken und Teile davon,,CELEX_02013R1308-20260818_DE_TXT.pdf,154,Annexe I XXIV section 1 : ex0203 12 p.148 ; ex0210 11 p.149 ; ex1602 41 p.154,2033,"ex 1602 Fleisch, Schlachtnebenerzeugnisse oder Blut, anders zub ereitet oder haltbar gemacht:  
– von Schweinen:  
ex 1602 41 – – Schinken und Teile davon:  
1602 41 90 – – – andere als von Hausschweinen  
ex 1602 42 – – Schultern und Teile davon:  
1602 42 90 – – – andere als von Hausschweinen  
ex 160",64a45b265e50b848f0a1ae239b94a1feef40608b69c69c9e5e14f0ffb7328dda,Rubriques/entrées réglementaires parallèles ; seules les formes explicitement listées sont retenues dans chaque langue,EXACT_SOURCE_SUBTERM,meat,meat:NON_VEGAN,ham,NON_ATTRIBUE_CONCEPT_ABSENT,DEFER_COMPOSITE_OR_TAXON_ALIAS,REVIEW_REQUIRED,NO,"Les lignes excluent le porc domestique : conserver cette restriction documentaire, ne pas faire de la NC un ingrédient. Alternatives végétales et polysémie de ham à traiter avant alias globaux.","Même nom pour la pièce crue puis salée/conservée. Un groupe ham suffit : le règlement ne prouve ni jambon cuit, ni jambon sec, ni une recette. La viande porcine dépend ici de la rubrique parent.",NONE,,schinken und teile davon,,NONE,,schinken und teile davon,NONE,,schinken und teile davon,,NONE,,schinken und teile davon,schinken und teile davon,DE,FAMILY_OR_CURRENT_OWNER_NOT_PROOF_OF_RECOGNITION,BROADER_FAMILY_OR_SPECIFIC_DENOMINATION_REVIEW_REQUIRED,DOCUMENTARY_ONLY,NO_NEW_ALIAS_KEY_PROPOSED,,,,,schapen en geitenvlees,,,NOT_PROPOSED_CONTEXT_ONLY,C0531b9b6694ec1,C0531b9b6694ec1,,BROAD_CSV_AND_PRIMARY_PDF,02013R1308,2026-08-18,2026-10-06,fc74f08aa87e22c0fe38cf896a1a323c64cbf7ea
M0129,M23,VIANDES,MEAT_CUT,FR,FR,épaules,épaules,,CELEX_02013R1308-20260818_FR_TXT.pdf,148,Annexe I XXIV ex0203 12 p.148 et ex1602 42 p.154,1074,"203 11 – – En carcasses ou demi-carcasses:  
0203 11 90 – – – autres que de l'espèce porcine domestique  
ex 0203 12 – – Jambons, épaules et leurs morceaux, non désossés : 
0203 12 90 – – – autres que de l'espèce porcine domestique  
ex 0203 19 – – autres:  
0203 19 90 – – – autres que ",5ea4e8f11d1ad1871ae780bbdc05ee4beff9a2283b8876be6bffaec4e73f4a4c,Rubriques/entrées réglementaires parallèles ; seules les formes explicitement listées sont retenues dans chaque langue,EXACT_SOURCE_SUBTERM,meat,meat:NON_VEGAN,,,DEFER_CONTEXT_ONLY,REVIEW_REQUIRED,NO,"Partie anatomique de nombreuses espèces et usages non alimentaires ; une forme qualifiée d'espèce serait préférable, sans la fabriquer.","Nom de pièce attesté dans la viande porcine, mais pas d'alias nu approuvé ni de nouvel aliment distinct nécessaire à cette passe.",NONE,,epaules,,NONE,,epaules,NONE,,epaules,,NONE,,epaules,epaules,FR,FAMILY_OR_CURRENT_OWNER_NOT_PROOF_OF_RECOGNITION,BROADER_FAMILY_OR_SPECIFIC_DENOMINATION_REVIEW_REQUIRED,DOCUMENTARY_ONLY,NO_NEW_ALIAS_KEY_PROPOSED,,,,,poulet|veau|veal,,,NOT_PROPOSED_CONTEXT_ONLY,,Cd718d6a992e993,,BROAD_CSV_AND_PRIMARY_PDF,02013R1308,2026-08-18,2026-10-06,fc74f08aa87e22c0fe38cf896a1a323c64cbf7ea
M0130,M23,VIANDES,MEAT_CUT,FR,FR,Épaules et leurs morceaux,Épaules et leurs morceaux,,CELEX_02013R1308-20260818_FR_TXT.pdf,154,Annexe I XXIV ex0203 12 p.148 et ex1602 42 p.154,2249,"e:  
ex 1602 41 – – Jambons et morceaux de jambons:  
1602 41 90 – – – autres que de l'espèce porcine domestique  
ex 1602 42 – – Épaules et leurs morceaux:  
1602 42 90 – – – autres que de l'espèce porcine domestique  
ex 1602 49 – – autres, y compris les mélanges:  
1602 49 90 – – – autres que de l'esp",5ea4e8f11d1ad1871ae780bbdc05ee4beff9a2283b8876be6bffaec4e73f4a4c,Rubriques/entrées réglementaires parallèles ; seules les formes explicitement listées sont retenues dans chaque langue,EXACT_SOURCE_SUBTERM,meat,meat:NON_VEGAN,,,DEFER_CONTEXT_ONLY,REVIEW_REQUIRED,NO,"Partie anatomique de nombreuses espèces et usages non alimentaires ; une forme qualifiée d'espèce serait préférable, sans la fabriquer.","Nom de pièce attesté dans la viande porcine, mais pas d'alias nu approuvé ni de nouvel aliment distinct nécessaire à cette passe.",NONE,,epaules et leurs morceaux,,NONE,,epaules et leurs morceaux,NONE,,epaules et leurs morceaux,,NONE,,epaules et leurs morceaux,epaules et leurs morceaux,FR,FAMILY_OR_CURRENT_OWNER_NOT_PROOF_OF_RECOGNITION,BROADER_FAMILY_OR_SPECIFIC_DENOMINATION_REVIEW_REQUIRED,DOCUMENTARY_ONLY,NO_NEW_ALIAS_KEY_PROPOSED,,,,,,,,NOT_PROPOSED_CONTEXT_ONLY,Ce29a85cf17810c,Ce29a85cf17810c,,BROAD_CSV_AND_PRIMARY_PDF,02013R1308,2026-08-18,2026-10-06,fc74f08aa87e22c0fe38cf896a1a323c64cbf7ea
M0131,M23,VIANDES,MEAT_CUT,NL,NL,schouders,schouders,,CELEX_02013R1308-20260818_NL_TXT.pdf,148,Annexe I XXIV ex0203 12 p.148 et ex1602 42 p.154,941,"ekoeld:  
ex 0203 11 – – Hele en halve karkassen:  
0203 11 90 – – – Andere dan van varkens (huisdieren)  
ex 0203 12 – – Hammen, schouders en delen daarvan, met been:  
0203 12 90 – – – Andere dan van varkens (huisdieren)  
ex 0203 19 – – Andere:  
0203 19 90 – – – Andere dan van varkens",99ee3d7c91c02249f6ca6ffca15e06cf2e9603ab9718919138dd2a981281bb74,Rubriques/entrées réglementaires parallèles ; seules les formes explicitement listées sont retenues dans chaque langue,EXACT_SOURCE_SUBTERM,meat,meat:NON_VEGAN,,,DEFER_CONTEXT_ONLY,REVIEW_REQUIRED,NO,"Partie anatomique de nombreuses espèces et usages non alimentaires ; une forme qualifiée d'espèce serait préférable, sans la fabriquer.","Nom de pièce attesté dans la viande porcine, mais pas d'alias nu approuvé ni de nouvel aliment distinct nécessaire à cette passe.",NONE,,schouders,,NONE,,schouders,NONE,,schouders,,NONE,,schouders,schouders,NL,FAMILY_OR_CURRENT_OWNER_NOT_PROOF_OF_RECOGNITION,BROADER_FAMILY_OR_SPECIFIC_DENOMINATION_REVIEW_REQUIRED,DOCUMENTARY_ONLY,NO_NEW_ALIAS_KEY_PROPOSED,,,,,,,,NOT_PROPOSED_CONTEXT_ONLY,,Ce2d8a4c39918b1,,BROAD_CSV_AND_PRIMARY_PDF,02013R1308,2026-08-18,2026-10-06,fc74f08aa87e22c0fe38cf896a1a323c64cbf7ea
M0132,M23,VIANDES,MEAT_CUT,NL,NL,Schouders en delen daarvan,Schouders en delen daarvan,,CELEX_02013R1308-20260818_NL_TXT.pdf,154,Annexe I XXIV ex0203 12 p.148 et ex1602 42 p.154,2243,"
– Van varkens:  
ex 1602 41 – – Hammen en delen daarvan:  
1602 41 90 – – – Andere dan van varkens (huisdieren)  
ex 1602 42 – – Schouders en delen daarvan  
1602 42 90 – – – Andere dan van varkens (huisdieren)  
ex 1602 49 – – Andere, mengsels daaronder begrepen:  
1602 49 90 – – – Andere dan van varken",99ee3d7c91c02249f6ca6ffca15e06cf2e9603ab9718919138dd2a981281bb74,Rubriques/entrées réglementaires parallèles ; seules les formes explicitement listées sont retenues dans chaque langue,EXACT_SOURCE_SUBTERM,meat,meat:NON_VEGAN,,,DEFER_CONTEXT_ONLY,REVIEW_REQUIRED,NO,"Partie anatomique de nombreuses espèces et usages non alimentaires ; une forme qualifiée d'espèce serait préférable, sans la fabriquer.","Nom de pièce attesté dans la viande porcine, mais pas d'alias nu approuvé ni de nouvel aliment distinct nécessaire à cette passe.",NONE,,schouders en delen daarvan,,NONE,,schouders en delen daarvan,NONE,,schouders en delen daarvan,,NONE,,schouders en delen daarvan,schouders en delen daarvan,NL,FAMILY_OR_CURRENT_OWNER_NOT_PROOF_OF_RECOGNITION,BROADER_FAMILY_OR_SPECIFIC_DENOMINATION_REVIEW_REQUIRED,DOCUMENTARY_ONLY,NO_NEW_ALIAS_KEY_PROPOSED,,,,,schapen en geitenvlees,,,NOT_PROPOSED_CONTEXT_ONLY,Cd9d1285bfa776d,Cd9d1285bfa776d,,BROAD_CSV_AND_PRIMARY_PDF,02013R1308,2026-08-18,2026-10-06,fc74f08aa87e22c0fe38cf896a1a323c64cbf7ea
M0133,M23,VIANDES,MEAT_CUT,EN,EN,shoulders,shoulders,,CELEX_02013R1308-20260818_EN_TXT.pdf,148,Annexe I XXIV ex0203 12 p.148 et ex1602 42 p.154,909,"or chilled:  
ex 0203 11 – – Carcasses and half-carcasses:  
0203 11 90 – – – Other than of domestic swine  
ex 0203 12 – – Hams, shoulders and cuts thereof, with bone in:  
0203 12 90 – – – Other than of domestic swine  
ex 0203 19 – – Other:  
0203 19 90 – – – Other than of domestic swi",b5cc2ea8e761cc408cca7f8930de7b2c01c2609f88dcb5a6bdbc4882e4455d11,Rubriques/entrées réglementaires parallèles ; seules les formes explicitement listées sont retenues dans chaque langue,EXACT_SOURCE_SUBTERM,meat,meat:NON_VEGAN,,,DEFER_CONTEXT_ONLY,REVIEW_REQUIRED,NO,"Partie anatomique de nombreuses espèces et usages non alimentaires ; une forme qualifiée d'espèce serait préférable, sans la fabriquer.","Nom de pièce attesté dans la viande porcine, mais pas d'alias nu approuvé ni de nouvel aliment distinct nécessaire à cette passe.",NONE,,shoulders,,NONE,,shoulders,NONE,,shoulders,,NONE,,shoulders,shoulders,EN,FAMILY_OR_CURRENT_OWNER_NOT_PROOF_OF_RECOGNITION,BROADER_FAMILY_OR_SPECIFIC_DENOMINATION_REVIEW_REQUIRED,DOCUMENTARY_ONLY,NO_NEW_ALIAS_KEY_PROPOSED,,,,,poulet,,,NOT_PROPOSED_CONTEXT_ONLY,,C7b420f68ea51fa,,BROAD_CSV_AND_PRIMARY_PDF,02013R1308,2026-08-18,2026-10-06,fc74f08aa87e22c0fe38cf896a1a323c64cbf7ea
M0134,M23,VIANDES,MEAT_CUT,EN,EN,Shoulders and cuts thereof,Shoulders and cuts thereof,,CELEX_02013R1308-20260818_EN_TXT.pdf,154,Annexe I XXIV ex0203 12 p.148 et ex1602 42 p.154,1981," or blood:  
– Of swine:  
ex 1602 41 – – Hams and cuts thereof:  
1602 41 90 – – – Other than of domestic swine  
ex 1602 42 – – Shoulders and cuts thereof:  
1602 42 90 – – – Other than of domestic swine  
ex 1602 49 – – Other, including mixtures:  
1602 49 90 – – – Other than of domestic swine  
ex 160",b5cc2ea8e761cc408cca7f8930de7b2c01c2609f88dcb5a6bdbc4882e4455d11,Rubriques/entrées réglementaires parallèles ; seules les formes explicitement listées sont retenues dans chaque langue,EXACT_SOURCE_SUBTERM,meat,meat:NON_VEGAN,,,DEFER_CONTEXT_ONLY,REVIEW_REQUIRED,NO,"Partie anatomique de nombreuses espèces et usages non alimentaires ; une forme qualifiée d'espèce serait préférable, sans la fabriquer.","Nom de pièce attesté dans la viande porcine, mais pas d'alias nu approuvé ni de nouvel aliment distinct nécessaire à cette passe.",NONE,,shoulders and cuts thereof,,NONE,,shoulders and cuts thereof,NONE,,shoulders and cuts thereof,,NONE,,shoulders and cuts thereof,shoulders and cuts thereof,EN,FAMILY_OR_CURRENT_OWNER_NOT_PROOF_OF_RECOGNITION,BROADER_FAMILY_OR_SPECIFIC_DENOMINATION_REVIEW_REQUIRED,DOCUMENTARY_ONLY,NO_NEW_ALIAS_KEY_PROPOSED,,,,,,,,NOT_PROPOSED_CONTEXT_ONLY,Cb14714f960ef7e,Cb14714f960ef7e,,BROAD_CSV_AND_PRIMARY_PDF,02013R1308,2026-08-18,2026-10-06,fc74f08aa87e22c0fe38cf896a1a323c64cbf7ea
M0135,M23,VIANDES,MEAT_CUT,DE,DE,Schultern,Schultern,,CELEX_02013R1308-20260818_DE_TXT.pdf,148,Annexe I XXIV ex0203 12 p.148 et ex1602 42 p.154,955,"hlt:  
ex 0203 11 – – ganze oder halbe Tierkörper:  
0203 11 90 – – – andere als von Hausschweinen  
ex 0203 12 – – Schinken oder Schultern und Teile davon, mit Kno chen: 
0203 12 90 – – – andere als von Hausschweinen  
ex 0203 19 – – andere:  
0203 19 90 – – – andere als von Hausschweine",64a45b265e50b848f0a1ae239b94a1feef40608b69c69c9e5e14f0ffb7328dda,Rubriques/entrées réglementaires parallèles ; seules les formes explicitement listées sont retenues dans chaque langue,EXACT_SOURCE_SUBTERM,meat,meat:NON_VEGAN,,,DEFER_CONTEXT_ONLY,REVIEW_REQUIRED,NO,"Partie anatomique de nombreuses espèces et usages non alimentaires ; une forme qualifiée d'espèce serait préférable, sans la fabriquer.","Nom de pièce attesté dans la viande porcine, mais pas d'alias nu approuvé ni de nouvel aliment distinct nécessaire à cette passe.",NONE,,schultern,,NONE,,schultern,NONE,,schultern,,NONE,,schultern,schultern,DE,FAMILY_OR_CURRENT_OWNER_NOT_PROOF_OF_RECOGNITION,BROADER_FAMILY_OR_SPECIFIC_DENOMINATION_REVIEW_REQUIRED,DOCUMENTARY_ONLY,NO_NEW_ALIAS_KEY_PROPOSED,,,,,chicken,,,NOT_PROPOSED_CONTEXT_ONLY,,C1bc86acdb4ee94|Ca5d159d4104e95,,BROAD_CSV_AND_PRIMARY_PDF,02013R1308,2026-08-18,2026-10-06,fc74f08aa87e22c0fe38cf896a1a323c64cbf7ea
M0136,M23,VIANDES,MEAT_CUT,DE,DE,Schultern und Teile davon,Schultern und Teile davon,,CELEX_02013R1308-20260818_DE_TXT.pdf,154,Annexe I XXIV ex0203 12 p.148 et ex1602 42 p.154,2124,"t:  
– von Schweinen:  
ex 1602 41 – – Schinken und Teile davon:  
1602 41 90 – – – andere als von Hausschweinen  
ex 1602 42 – – Schultern und Teile davon:  
1602 42 90 – – – andere als von Hausschweinen  
ex 1602 49 – – andere, einschließlich Mischungen:  
1602 49 90 – – – andere als von Hausschweinen ",64a45b265e50b848f0a1ae239b94a1feef40608b69c69c9e5e14f0ffb7328dda,Rubriques/entrées réglementaires parallèles ; seules les formes explicitement listées sont retenues dans chaque langue,EXACT_SOURCE_SUBTERM,meat,meat:NON_VEGAN,,,DEFER_CONTEXT_ONLY,REVIEW_REQUIRED,NO,"Partie anatomique de nombreuses espèces et usages non alimentaires ; une forme qualifiée d'espèce serait préférable, sans la fabriquer.","Nom de pièce attesté dans la viande porcine, mais pas d'alias nu approuvé ni de nouvel aliment distinct nécessaire à cette passe.",NONE,,schultern und teile davon,,NONE,,schultern und teile davon,NONE,,schultern und teile davon,,NONE,,schultern und teile davon,schultern und teile davon,DE,FAMILY_OR_CURRENT_OWNER_NOT_PROOF_OF_RECOGNITION,BROADER_FAMILY_OR_SPECIFIC_DENOMINATION_REVIEW_REQUIRED,DOCUMENTARY_ONLY,NO_NEW_ALIAS_KEY_PROPOSED,,,,,schapen en geitenvlees,,,NOT_PROPOSED_CONTEXT_ONLY,C1bc86acdb4ee94,C1bc86acdb4ee94,,BROAD_CSV_AND_PRIMARY_PDF,02013R1308,2026-08-18,2026-10-06,fc74f08aa87e22c0fe38cf896a1a323c64cbf7ea
M0137,M24,VIANDES,MEAT_CUT_OR_SALTED_MEAT,FR,FR,Poitrines (entrelardées),Poitrines (entrelardées),Poitrines (entrelardées),CELEX_02013R1308-20260818_FR_TXT.pdf,149,"Annexe I XXIV section 1 ex0210 12, viande porcine salée/saumurée/séchée/fumée, hors porc domestique",1895,"– Jambons, épaules et leurs morceaux, non désossés : 
0210 11 90 – – – autres que de l'espèce porcine domestique  
ex 0210 12 – – Poitrines (entrelardées) et leurs morceaux:  
0210 12 90 – – – autres que de l'espèce porcine domestique  
▼B",5ea4e8f11d1ad1871ae780bbdc05ee4beff9a2283b8876be6bffaec4e73f4a4c,Rubriques/entrées réglementaires parallèles ; seules les formes explicitement listées sont retenues dans chaque langue,EXACT_SOURCE_SUBTERM,meat,meat:NON_VEGAN,pork_belly,NON_ATTRIBUE_CONCEPT_ABSENT,PROPOSE_DISTINCT_CONCEPT,REVIEW_REQUIRED,NO,Poitrine/belly nus sont anatomiques ; le parent porcin est indispensable. Le resolver coupe aux parenthèses : vérifier la différence entre brut et voie lexicale.,"Produit/morceau de viande et gras, à distinguer du saindoux. Le texte ne donne pas bacon ; aucun alias bacon ajouté. Les formes entre parenthèses restent explicitement liées à la poitrine.",NONE,,poitrines entrelardees,,NONE,,poitrines entrelardees,NONE,,poitrines entrelardees,,NONE,,poitrines entrelardees,poitrines entrelardees,FR,FAMILY_OR_CURRENT_OWNER_NOT_PROOF_OF_RECOGNITION,BROADER_FAMILY_OR_SPECIFIC_DENOMINATION_REVIEW_REQUIRED,LABEL_CANDIDATE,CONTEXT_VALIDATION_REQUIRED,,,,,,,pork_belly|FR|poitrines entrelardees,POTENTIAL_NEW_SURFACE,,C6fb3828ee4a4ec,,BROAD_CSV_AND_PRIMARY_PDF,02013R1308,2026-08-18,2026-10-06,fc74f08aa87e22c0fe38cf896a1a323c64cbf7ea
M0138,M24,VIANDES,MEAT_CUT_OR_SALTED_MEAT,NL,NL,Buiken (buikspek),Buiken (buikspek),Buiken (buikspek),CELEX_02013R1308-20260818_NL_TXT.pdf,149,"Annexe I XXIV section 1 ex0210 12, viande porcine salée/saumurée/séchée/fumée, hors porc domestique",1951,"0210 11 – – Hammen, schouders en delen daarvan, met been:  
0210 11 90 – – – Andere dan van varkens (huisdieren)  
ex 0210 12 – – Buiken (buikspek) en delen daarvan:  
0210 12 90 – – – Andere dan van varkens (huisdieren)  
▼B",99ee3d7c91c02249f6ca6ffca15e06cf2e9603ab9718919138dd2a981281bb74,Rubriques/entrées réglementaires parallèles ; seules les formes explicitement listées sont retenues dans chaque langue,EXACT_SOURCE_SUBTERM,meat,meat:NON_VEGAN,pork_belly,NON_ATTRIBUE_CONCEPT_ABSENT,PROPOSE_DISTINCT_CONCEPT,REVIEW_REQUIRED,NO,Poitrine/belly nus sont anatomiques ; le parent porcin est indispensable. Le resolver coupe aux parenthèses : vérifier la différence entre brut et voie lexicale.,"Produit/morceau de viande et gras, à distinguer du saindoux. Le texte ne donne pas bacon ; aucun alias bacon ajouté. Les formes entre parenthèses restent explicitement liées à la poitrine.",NONE,,buiken buikspek,,NONE,,buiken buikspek,NONE,,buiken buikspek,,NONE,,buiken buikspek,buiken buikspek,NL,FAMILY_OR_CURRENT_OWNER_NOT_PROOF_OF_RECOGNITION,BROADER_FAMILY_OR_SPECIFIC_DENOMINATION_REVIEW_REQUIRED,LABEL_CANDIDATE,CONTEXT_VALIDATION_REQUIRED,,,,,,,pork_belly|NL|buiken buikspek,POTENTIAL_NEW_SURFACE,,Cb09867936d6d2a,,BROAD_CSV_AND_PRIMARY_PDF,02013R1308,2026-08-18,2026-10-06,fc74f08aa87e22c0fe38cf896a1a323c64cbf7ea
M0139,M24,VIANDES,MEAT_CUT_OR_SALTED_MEAT,NL,NL,buikspek,buikspek,buikspek,CELEX_02013R1308-20260818_NL_TXT.pdf,149,"Annexe I XXIV section 1 ex0210 12, viande porcine salée/saumurée/séchée/fumée, hors porc domestique",1959,"– – Hammen, schouders en delen daarvan, met been:  
0210 11 90 – – – Andere dan van varkens (huisdieren)  
ex 0210 12 – – Buiken (buikspek) en delen daarvan:  
0210 12 90 – – – Andere dan van varkens (huisdieren)  
▼B",99ee3d7c91c02249f6ca6ffca15e06cf2e9603ab9718919138dd2a981281bb74,Rubriques/entrées réglementaires parallèles ; seules les formes explicitement listées sont retenues dans chaque langue,EXACT_SOURCE_SUBTERM,meat,meat:NON_VEGAN,pork_belly,NON_ATTRIBUE_CONCEPT_ABSENT,PROPOSE_DISTINCT_CONCEPT,REVIEW_REQUIRED,NO,Poitrine/belly nus sont anatomiques ; le parent porcin est indispensable. Le resolver coupe aux parenthèses : vérifier la différence entre brut et voie lexicale.,"Produit/morceau de viande et gras, à distinguer du saindoux. Le texte ne donne pas bacon ; aucun alias bacon ajouté. Les formes entre parenthèses restent explicitement liées à la poitrine.",NONE,,buikspek,,NONE,,buikspek,NONE,,buikspek,,NONE,,buikspek,buikspek,NL,FAMILY_OR_CURRENT_OWNER_NOT_PROOF_OF_RECOGNITION,BROADER_FAMILY_OR_SPECIFIC_DENOMINATION_REVIEW_REQUIRED,LABEL_CANDIDATE,CONTEXT_VALIDATION_REQUIRED,,,,,,,pork_belly|NL|buikspek,POTENTIAL_NEW_SURFACE,,Cb09867936d6d2a,,BROAD_CSV_AND_PRIMARY_PDF,02013R1308,2026-08-18,2026-10-06,fc74f08aa87e22c0fe38cf896a1a323c64cbf7ea
M0140,M24,VIANDES,MEAT_CUT_OR_SALTED_MEAT,EN,EN,Bellies (streaky),Bellies (streaky),Bellies (streaky),CELEX_02013R1308-20260818_EN_TXT.pdf,149,"Annexe I XXIV section 1 ex0210 12, viande porcine salée/saumurée/séchée/fumée, hors porc domestique",1664," 
ex 0210 11 – – Hams, shoulders and cuts thereof, with bone in:  
0210 11 90 – – – Other than of domestic swine  
ex 0210 12 – – Bellies (streaky) and cuts thereof:  
0210 12 90 – – – Other than of domestic swine  
▼B",b5cc2ea8e761cc408cca7f8930de7b2c01c2609f88dcb5a6bdbc4882e4455d11,Rubriques/entrées réglementaires parallèles ; seules les formes explicitement listées sont retenues dans chaque langue,EXACT_SOURCE_SUBTERM,meat,meat:NON_VEGAN,pork_belly,NON_ATTRIBUE_CONCEPT_ABSENT,PROPOSE_DISTINCT_CONCEPT,REVIEW_REQUIRED,NO,Poitrine/belly nus sont anatomiques ; le parent porcin est indispensable. Le resolver coupe aux parenthèses : vérifier la différence entre brut et voie lexicale.,"Produit/morceau de viande et gras, à distinguer du saindoux. Le texte ne donne pas bacon ; aucun alias bacon ajouté. Les formes entre parenthèses restent explicitement liées à la poitrine.",NONE,,bellies streaky,,NONE,,bellies streaky,NONE,,bellies streaky,,NONE,,bellies streaky,bellies streaky,EN,FAMILY_OR_CURRENT_OWNER_NOT_PROOF_OF_RECOGNITION,BROADER_FAMILY_OR_SPECIFIC_DENOMINATION_REVIEW_REQUIRED,LABEL_CANDIDATE,CONTEXT_VALIDATION_REQUIRED,,,,,,,pork_belly|EN|bellies streaky,POTENTIAL_NEW_SURFACE,,C6d9dd751294438,,BROAD_CSV_AND_PRIMARY_PDF,02013R1308,2026-08-18,2026-10-06,fc74f08aa87e22c0fe38cf896a1a323c64cbf7ea
M0141,M24,VIANDES,MEAT_CUT_OR_SALTED_MEAT,DE,DE,Bäuche (Bauchspeck),Bäuche (Bauchspeck),Bäuche (Bauchspeck),CELEX_02013R1308-20260818_DE_TXT.pdf,149,"Annexe I XXIV section 1 ex0210 12, viande porcine salée/saumurée/séchée/fumée, hors porc domestique",1870,"210 11 – – Schinken oder Schultern und Teile davon, mit Kno chen: 
0210 11 90 – – – andere als von Hausschweinen  
ex 0210 12 – – Bäuche (Bauchspeck) und Teile davon:  
0210 12 90 – – – andere als von Hausschweinen  
▼B",64a45b265e50b848f0a1ae239b94a1feef40608b69c69c9e5e14f0ffb7328dda,Rubriques/entrées réglementaires parallèles ; seules les formes explicitement listées sont retenues dans chaque langue,EXACT_SOURCE_SUBTERM,meat,meat:NON_VEGAN,pork_belly,NON_ATTRIBUE_CONCEPT_ABSENT,PROPOSE_DISTINCT_CONCEPT,REVIEW_REQUIRED,NO,Poitrine/belly nus sont anatomiques ; le parent porcin est indispensable. Le resolver coupe aux parenthèses : vérifier la différence entre brut et voie lexicale.,"Produit/morceau de viande et gras, à distinguer du saindoux. Le texte ne donne pas bacon ; aucun alias bacon ajouté. Les formes entre parenthèses restent explicitement liées à la poitrine.",NONE,,bauche bauchspeck,,NONE,,bauche bauchspeck,NONE,,bauche bauchspeck,,NONE,,bauche bauchspeck,bauche bauchspeck,DE,FAMILY_OR_CURRENT_OWNER_NOT_PROOF_OF_RECOGNITION,BROADER_FAMILY_OR_SPECIFIC_DENOMINATION_REVIEW_REQUIRED,LABEL_CANDIDATE,CONTEXT_VALIDATION_REQUIRED,,,,,,,pork_belly|DE|bauche bauchspeck,POTENTIAL_NEW_SURFACE,,Cd236eeedd1c99c,,BROAD_CSV_AND_PRIMARY_PDF,02013R1308,2026-08-18,2026-10-06,fc74f08aa87e22c0fe38cf896a1a323c64cbf7ea
M0142,M24,VIANDES,MEAT_CUT_OR_SALTED_MEAT,DE,DE,Bauchspeck,Bauchspeck,Bauchspeck,CELEX_02013R1308-20260818_DE_TXT.pdf,149,"Annexe I XXIV section 1 ex0210 12, viande porcine salée/saumurée/séchée/fumée, hors porc domestique",1878," – Schinken oder Schultern und Teile davon, mit Kno chen: 
0210 11 90 – – – andere als von Hausschweinen  
ex 0210 12 – – Bäuche (Bauchspeck) und Teile davon:  
0210 12 90 – – – andere als von Hausschweinen  
▼B",64a45b265e50b848f0a1ae239b94a1feef40608b69c69c9e5e14f0ffb7328dda,Rubriques/entrées réglementaires parallèles ; seules les formes explicitement listées sont retenues dans chaque langue,EXACT_SOURCE_SUBTERM,meat,meat:NON_VEGAN,pork_belly,NON_ATTRIBUE_CONCEPT_ABSENT,PROPOSE_DISTINCT_CONCEPT,REVIEW_REQUIRED,NO,Poitrine/belly nus sont anatomiques ; le parent porcin est indispensable. Le resolver coupe aux parenthèses : vérifier la différence entre brut et voie lexicale.,"Produit/morceau de viande et gras, à distinguer du saindoux. Le texte ne donne pas bacon ; aucun alias bacon ajouté. Les formes entre parenthèses restent explicitement liées à la poitrine.",NONE,,bauchspeck,,NONE,,bauchspeck,NONE,,bauchspeck,,NONE,,bauchspeck,bauchspeck,DE,FAMILY_OR_CURRENT_OWNER_NOT_PROOF_OF_RECOGNITION,BROADER_FAMILY_OR_SPECIFIC_DENOMINATION_REVIEW_REQUIRED,LABEL_CANDIDATE,CONTEXT_VALIDATION_REQUIRED,,,,,,,pork_belly|DE|bauchspeck,POTENTIAL_NEW_SURFACE,,Cd236eeedd1c99c,,BROAD_CSV_AND_PRIMARY_PDF,02013R1308,2026-08-18,2026-10-06,fc74f08aa87e22c0fe38cf896a1a323c64cbf7ea
M0143,M25,VIANDES,PROCESSED_MEAT,FR,FR,Saucisses,Saucisses,Saucisses,CELEX_02013R1308-20260818_FR_TXT.pdf,145,Annexe I XVII NC 1601 00,900,"mest ique, salés ou en saumure, séchés ou 
fumés 
1501 10 
1501 20 
Graisses de porc (y compris le saindoux), autres  
c) 1601 00 Saucisses, saucissons et produits similaires, de via nde, d'abats ou de sang; préparations 
alimentaires à base de ces produits  
1602 10 00 Préparations homog",5ea4e8f11d1ad1871ae780bbdc05ee4beff9a2283b8876be6bffaec4e73f4a4c,Rubriques/entrées réglementaires parallèles ; seules les formes explicitement listées sont retenues dans chaque langue,EXACT_SOURCE_SUBTERM,meat|edible_offal,meat:NON_VEGAN|edible_offal:NON_VEGAN,meat_sausage,NON_ATTRIBUE_CONCEPT_ABSENT,PROPOSE_DISTINCT_CONCEPT,REVIEW_REQUIRED,NO,Les noms peuvent désigner des saucisses végétales sur étiquette ; la clause de composition source n'est pas présente dans un alias nu. Ne pas importer automatiquement avec statut animal hors contexte.,"Produit transformé explicitement de viande, abats ou sang. Un groupe de charcuterie suffit ici ; pas de concept par pluriel ou variante de recette.",NONE,,saucisses,,NONE,,saucisses,NONE,,saucisses,,NONE,,saucisses,saucisses,FR,FAMILY_OR_CURRENT_OWNER_NOT_PROOF_OF_RECOGNITION,BROADER_FAMILY_OR_SPECIFIC_DENOMINATION_REVIEW_REQUIRED,LABEL_CANDIDATE,CONTEXT_VALIDATION_REQUIRED,,,,,,,meat_sausage|FR|saucisses,POTENTIAL_NEW_SURFACE,Cc25b0924c2420c|Cdef142c2f840b7,Cc25b0924c2420c,,BROAD_CSV_AND_PRIMARY_PDF,02013R1308,2026-08-18,2026-10-06,fc74f08aa87e22c0fe38cf896a1a323c64cbf7ea
M0144,M25,VIANDES,PROCESSED_MEAT,FR,FR,saucissons,saucissons,saucissons,CELEX_02013R1308-20260818_FR_TXT.pdf,145,Annexe I XVII NC 1601 00,911,"salés ou en saumure, séchés ou 
fumés 
1501 10 
1501 20 
Graisses de porc (y compris le saindoux), autres  
c) 1601 00 Saucisses, saucissons et produits similaires, de via nde, d'abats ou de sang; préparations 
alimentaires à base de ces produits  
1602 10 00 Préparations homogénéisées de ",5ea4e8f11d1ad1871ae780bbdc05ee4beff9a2283b8876be6bffaec4e73f4a4c,Rubriques/entrées réglementaires parallèles ; seules les formes explicitement listées sont retenues dans chaque langue,EXACT_SOURCE_SUBTERM,meat|edible_offal,meat:NON_VEGAN|edible_offal:NON_VEGAN,meat_sausage,NON_ATTRIBUE_CONCEPT_ABSENT,PROPOSE_DISTINCT_CONCEPT,REVIEW_REQUIRED,NO,Les noms peuvent désigner des saucisses végétales sur étiquette ; la clause de composition source n'est pas présente dans un alias nu. Ne pas importer automatiquement avec statut animal hors contexte.,"Produit transformé explicitement de viande, abats ou sang. Un groupe de charcuterie suffit ici ; pas de concept par pluriel ou variante de recette.",NONE,,saucissons,,NONE,,saucissons,NONE,,saucissons,,NONE,,saucissons,saucissons,FR,FAMILY_OR_CURRENT_OWNER_NOT_PROOF_OF_RECOGNITION,BROADER_FAMILY_OR_SPECIFIC_DENOMINATION_REVIEW_REQUIRED,LABEL_CANDIDATE,CONTEXT_VALIDATION_REQUIRED,,,,,,,meat_sausage|FR|saucissons,POTENTIAL_NEW_SURFACE,Ce474e54f05f53a,Ce474e54f05f53a,,BROAD_CSV_AND_PRIMARY_PDF,02013R1308,2026-08-18,2026-10-06,fc74f08aa87e22c0fe38cf896a1a323c64cbf7ea
M0145,M25,VIANDES,PROCESSED_MEAT,NL,NL,Worst,Worst,Worst,CELEX_02013R1308-20260818_NL_TXT.pdf,145,Annexe I XVII NC 1601 00,839,"ns (huisdieren ), gezouten, gepekeld, gedroogd of 
gerookt 
1501 10 
1501 20 
Varkensvet (reuzel daaronder begrepen)  
c) 1601 00 Worst van alle soorten, van vlees, van slachtafvalle n of van bloed; bereidingen van deze 
producten, voor menselijke consumptie  
1602 10 00 Gehomogenisee",99ee3d7c91c02249f6ca6ffca15e06cf2e9603ab9718919138dd2a981281bb74,Rubriques/entrées réglementaires parallèles ; seules les formes explicitement listées sont retenues dans chaque langue,EXACT_SOURCE_SUBTERM,meat|edible_offal,meat:NON_VEGAN|edible_offal:NON_VEGAN,meat_sausage,NON_ATTRIBUE_CONCEPT_ABSENT,PROPOSE_DISTINCT_CONCEPT,REVIEW_REQUIRED,NO,Les noms peuvent désigner des saucisses végétales sur étiquette ; la clause de composition source n'est pas présente dans un alias nu. Ne pas importer automatiquement avec statut animal hors contexte.,"Produit transformé explicitement de viande, abats ou sang. Un groupe de charcuterie suffit ici ; pas de concept par pluriel ou variante de recette.",NONE,,worst,,NONE,,worst,NONE,,worst,,NONE,,worst,worst,NL,FAMILY_OR_CURRENT_OWNER_NOT_PROOF_OF_RECOGNITION,BROADER_FAMILY_OR_SPECIFIC_DENOMINATION_REVIEW_REQUIRED,LABEL_CANDIDATE,CONTEXT_VALIDATION_REQUIRED,,,,,,,meat_sausage|NL|worst,POTENTIAL_NEW_SURFACE,Ca6044196504268|Cf806b008dd6ff4,Ca6044196504268,,BROAD_CSV_AND_PRIMARY_PDF,02013R1308,2026-08-18,2026-10-06,fc74f08aa87e22c0fe38cf896a1a323c64cbf7ea
M0146,M25,VIANDES,PROCESSED_MEAT,EN,EN,Sausages,Sausages,Sausages,CELEX_02013R1308-20260818_EN_TXT.pdf,145,Annexe I XVII NC 1601 00,731,"dible meat offal of domestic swine, salted, i n brine, dried or smoked  
1501 10 
1501 20 
Pig fat (including lard)  
(c) 1601 00 Sausages and similar products, of meat, meat offal or blood; food preparations based on 
these products  
1602 10 00 Homogenised preparations of meat, meat of",b5cc2ea8e761cc408cca7f8930de7b2c01c2609f88dcb5a6bdbc4882e4455d11,Rubriques/entrées réglementaires parallèles ; seules les formes explicitement listées sont retenues dans chaque langue,EXACT_SOURCE_SUBTERM,meat|edible_offal,meat:NON_VEGAN|edible_offal:NON_VEGAN,meat_sausage,NON_ATTRIBUE_CONCEPT_ABSENT,PROPOSE_DISTINCT_CONCEPT,REVIEW_REQUIRED,NO,Les noms peuvent désigner des saucisses végétales sur étiquette ; la clause de composition source n'est pas présente dans un alias nu. Ne pas importer automatiquement avec statut animal hors contexte.,"Produit transformé explicitement de viande, abats ou sang. Un groupe de charcuterie suffit ici ; pas de concept par pluriel ou variante de recette.",NONE,,sausages,,NONE,,sausages,NONE,,sausages,,NONE,,sausages,sausages,EN,FAMILY_OR_CURRENT_OWNER_NOT_PROOF_OF_RECOGNITION,BROADER_FAMILY_OR_SPECIFIC_DENOMINATION_REVIEW_REQUIRED,LABEL_CANDIDATE,CONTEXT_VALIDATION_REQUIRED,,,,,,,meat_sausage|EN|sausages,POTENTIAL_NEW_SURFACE,C2b2be9c03359a0|C3d6abe3555f4b5,C3b99d2e1fedacd|C3d6abe3555f4b5,,BROAD_CSV_AND_PRIMARY_PDF,02013R1308,2026-08-18,2026-10-06,fc74f08aa87e22c0fe38cf896a1a323c64cbf7ea
M0147,M25,VIANDES,PROCESSED_MEAT,DE,DE,Würste,Würste,Würste,CELEX_02013R1308-20260818_DE_TXT.pdf,145,Annexe I XVII NC 1601 00,882,"gesalzen, in Salzlake, 
getrocknet oder geräuchert  
1501 10 
1501 20 
Schweinefett (einschließlich Schweineschmalz)  
c) 1601 00 Würste und ähnliche Erzeugnisse, aus Fleisch, Schlac htnebenerzeugnissen oder Blut; Le­
bensmittelzubereitungen auf der Grundlage dieser Erzeugnisse  
1602 ",64a45b265e50b848f0a1ae239b94a1feef40608b69c69c9e5e14f0ffb7328dda,Rubriques/entrées réglementaires parallèles ; seules les formes explicitement listées sont retenues dans chaque langue,EXACT_SOURCE_SUBTERM,meat|edible_offal,meat:NON_VEGAN|edible_offal:NON_VEGAN,meat_sausage,NON_ATTRIBUE_CONCEPT_ABSENT,PROPOSE_DISTINCT_CONCEPT,REVIEW_REQUIRED,NO,Les noms peuvent désigner des saucisses végétales sur étiquette ; la clause de composition source n'est pas présente dans un alias nu. Ne pas importer automatiquement avec statut animal hors contexte.,"Produit transformé explicitement de viande, abats ou sang. Un groupe de charcuterie suffit ici ; pas de concept par pluriel ou variante de recette.",NONE,,wurste,,NONE,,wurste,NONE,,wurste,,NONE,,wurste,wurste,DE,FAMILY_OR_CURRENT_OWNER_NOT_PROOF_OF_RECOGNITION,BROADER_FAMILY_OR_SPECIFIC_DENOMINATION_REVIEW_REQUIRED,LABEL_CANDIDATE,CONTEXT_VALIDATION_REQUIRED,,,,,,,meat_sausage|DE|wurste,POTENTIAL_NEW_SURFACE,C0321cf499b1b36,C0321cf499b1b36,,BROAD_CSV_AND_PRIMARY_PDF,02013R1308,2026-08-18,2026-10-06,fc74f08aa87e22c0fe38cf896a1a323c64cbf7ea
M0148,M26,VIANDES,ANIMAL_TISSUE,FR,FR,sang,sang,sang,CELEX_02013R1308-20260818_FR_TXT.pdf,145,"Annexe I XVII NC 1601/1602 10/1602 90 10, denrées à base de sang",972,"sses de porc (y compris le saindoux), autres  
c) 1601 00 Saucisses, saucissons et produits similaires, de via nde, d'abats ou de sang; préparations 
alimentaires à base de ces produits  
1602 10 00 Préparations homogénéisées de viandes, d'abats ou de  sang  
1602 20 90 Préparations ",5ea4e8f11d1ad1871ae780bbdc05ee4beff9a2283b8876be6bffaec4e73f4a4c,Rubriques/entrées réglementaires parallèles ; seules les formes explicitement listées sont retenues dans chaque langue,EXACT_SOURCE_SUBTERM,meat|edible_offal,meat:NON_VEGAN|edible_offal:NON_VEGAN,animal_blood,NON_ATTRIBUE_CONCEPT_ABSENT,PROPOSE_DISTINCT_CONCEPT,REVIEW_REQUIRED,NO,blood orange/nom de couleur ou mention médicale ne prouve pas la présence de sang ; plusieurs rapprochements orthographiques possibles n'ont aucune valeur de reconnaissance.,Tissu et matière alimentaire explicitement distingués de viande et abats dans les préparations ; ne pas fusionner sous meat ni inventer un boudin absent du texte.,NONE,,sang,,NONE,,sang,NONE,,sang,,NONE,,sang,sang,FR,FAMILY_OR_CURRENT_OWNER_NOT_PROOF_OF_RECOGNITION,BROADER_FAMILY_OR_SPECIFIC_DENOMINATION_REVIEW_REQUIRED,LABEL_CANDIDATE,CONTEXT_VALIDATION_REQUIRED,,,,,,,animal_blood|FR|sang,POTENTIAL_NEW_SURFACE,C3dc3e0434efcaf,C3dc3e0434efcaf,,BROAD_CSV_AND_PRIMARY_PDF,02013R1308,2026-08-18,2026-10-06,fc74f08aa87e22c0fe38cf896a1a323c64cbf7ea
M0149,M26,VIANDES,ANIMAL_TISSUE,NL,NL,bloed,bloed,bloed,CELEX_02013R1308-20260818_NL_TXT.pdf,145,"Annexe I XVII NC 1601/1602 10/1602 90 10, denrées à base de sang",901,"01 10 
1501 20 
Varkensvet (reuzel daaronder begrepen)  
c) 1601 00 Worst van alle soorten, van vlees, van slachtafvalle n of van bloed; bereidingen van deze 
producten, voor menselijke consumptie  
1602 10 00 Gehomogeniseerde bereidingen van vlees, van slachtaf vallen of van bloed  
",99ee3d7c91c02249f6ca6ffca15e06cf2e9603ab9718919138dd2a981281bb74,Rubriques/entrées réglementaires parallèles ; seules les formes explicitement listées sont retenues dans chaque langue,EXACT_SOURCE_SUBTERM,meat|edible_offal,meat:NON_VEGAN|edible_offal:NON_VEGAN,animal_blood,NON_ATTRIBUE_CONCEPT_ABSENT,PROPOSE_DISTINCT_CONCEPT,REVIEW_REQUIRED,NO,blood orange/nom de couleur ou mention médicale ne prouve pas la présence de sang ; plusieurs rapprochements orthographiques possibles n'ont aucune valeur de reconnaissance.,Tissu et matière alimentaire explicitement distingués de viande et abats dans les préparations ; ne pas fusionner sous meat ni inventer un boudin absent du texte.,NONE,,bloed,,NONE,,bloed,NONE,,bloed,,NONE,,bloed,bloed,NL,FAMILY_OR_CURRENT_OWNER_NOT_PROOF_OF_RECOGNITION,BROADER_FAMILY_OR_SPECIFIC_DENOMINATION_REVIEW_REQUIRED,LABEL_CANDIDATE,CONTEXT_VALIDATION_REQUIRED,,,,,boeuf,,animal_blood|NL|bloed,POTENTIAL_NEW_SURFACE,C10812dcd3ea833,C10812dcd3ea833,,BROAD_CSV_AND_PRIMARY_PDF,02013R1308,2026-08-18,2026-10-06,fc74f08aa87e22c0fe38cf896a1a323c64cbf7ea
M0150,M26,VIANDES,ANIMAL_TISSUE,EN,EN,blood,blood,blood,CELEX_02013R1308-20260818_EN_TXT.pdf,145,"Annexe I XVII NC 1601/1602 10/1602 90 10, denrées à base de sang",785," dried or smoked  
1501 10 
1501 20 
Pig fat (including lard)  
(c) 1601 00 Sausages and similar products, of meat, meat offal or blood; food preparations based on 
these products  
1602 10 00 Homogenised preparations of meat, meat offal or bloo d 
1602 20 90 Preparations or preserves",b5cc2ea8e761cc408cca7f8930de7b2c01c2609f88dcb5a6bdbc4882e4455d11,Rubriques/entrées réglementaires parallèles ; seules les formes explicitement listées sont retenues dans chaque langue,EXACT_SOURCE_SUBTERM,meat|edible_offal,meat:NON_VEGAN|edible_offal:NON_VEGAN,animal_blood,NON_ATTRIBUE_CONCEPT_ABSENT,PROPOSE_DISTINCT_CONCEPT,REVIEW_REQUIRED,NO,blood orange/nom de couleur ou mention médicale ne prouve pas la présence de sang ; plusieurs rapprochements orthographiques possibles n'ont aucune valeur de reconnaissance.,Tissu et matière alimentaire explicitement distingués de viande et abats dans les préparations ; ne pas fusionner sous meat ni inventer un boudin absent du texte.,NONE,,blood,,NONE,,blood,NONE,,blood,,NONE,,blood,blood,EN,FAMILY_OR_CURRENT_OWNER_NOT_PROOF_OF_RECOGNITION,BROADER_FAMILY_OR_SPECIFIC_DENOMINATION_REVIEW_REQUIRED,LABEL_CANDIDATE,CONTEXT_VALIDATION_REQUIRED,,,,,,,animal_blood|EN|blood,POTENTIAL_NEW_SURFACE,C2b9ffad00a60d2|Ce5a9c42b2ef318,C2b9ffad00a60d2,,BROAD_CSV_AND_PRIMARY_PDF,02013R1308,2026-08-18,2026-10-06,fc74f08aa87e22c0fe38cf896a1a323c64cbf7ea
M0151,M26,VIANDES,ANIMAL_TISSUE,DE,DE,Blut,Blut,Blut,CELEX_02013R1308-20260818_DE_TXT.pdf,145,"Annexe I XVII NC 1601/1602 10/1602 90 10, denrées à base de sang",960,"efett (einschließlich Schweineschmalz)  
c) 1601 00 Würste und ähnliche Erzeugnisse, aus Fleisch, Schlac htnebenerzeugnissen oder Blut; Le­
bensmittelzubereitungen auf der Grundlage dieser Erzeugnisse  
1602 10 00 Homogenisierte Zubereitungen aus Fleisch, Schlachtne benerzeugnissen o",64a45b265e50b848f0a1ae239b94a1feef40608b69c69c9e5e14f0ffb7328dda,Rubriques/entrées réglementaires parallèles ; seules les formes explicitement listées sont retenues dans chaque langue,EXACT_SOURCE_SUBTERM,meat|edible_offal,meat:NON_VEGAN|edible_offal:NON_VEGAN,animal_blood,NON_ATTRIBUE_CONCEPT_ABSENT,PROPOSE_DISTINCT_CONCEPT,REVIEW_REQUIRED,NO,blood orange/nom de couleur ou mention médicale ne prouve pas la présence de sang ; plusieurs rapprochements orthographiques possibles n'ont aucune valeur de reconnaissance.,Tissu et matière alimentaire explicitement distingués de viande et abats dans les préparations ; ne pas fusionner sous meat ni inventer un boudin absent du texte.,NONE,,blut,,NONE,,blut,NONE,,blut,,NONE,,blut,blut,DE,FAMILY_OR_CURRENT_OWNER_NOT_PROOF_OF_RECOGNITION,BROADER_FAMILY_OR_SPECIFIC_DENOMINATION_REVIEW_REQUIRED,LABEL_CANDIDATE,CONTEXT_VALIDATION_REQUIRED,,,,,,,animal_blood|DE|blut,POTENTIAL_NEW_SURFACE,C85ba387ec3ec5e,C85ba387ec3ec5e,,BROAD_CSV_AND_PRIMARY_PDF,02013R1308,2026-08-18,2026-10-06,fc74f08aa87e22c0fe38cf896a1a323c64cbf7ea
M0152,M27,VIANDES,EDIBLE_OFFAL,FR,FR,Abats comestibles,Abats comestibles,Abats comestibles,CELEX_02013R1308-20260818_FR_TXT.pdf,145,"Annexe I XV p.143, XVII p.145 ; rubrique alimentaire hors fabrication pharmaceutique",399,"cteurs de race pure  
b) ex 0203 Viandes des animaux de l'espèce porcine domestique, fraîches, réfrigérées ou congelées  
ex 0206 Abats comestibles de l'espèce porcine domestique, autre s que pour la fabrication des produits 
pharmaceutiques, frais, réfrigérés ou congelés  
0209 10 Lard sans part",5ea4e8f11d1ad1871ae780bbdc05ee4beff9a2283b8876be6bffaec4e73f4a4c,Rubriques/entrées réglementaires parallèles ; seules les formes explicitement listées sont retenues dans chaque langue,EXACT_SOURCE_SUBTERM,edible_offal,edible_offal:NON_VEGAN,,,ALREADY_COVERED,REVIEW_REQUIRED,NO,abats/offal sans comestible peuvent inclure des sous-produits non alimentaires ; une occurrence dans un nom plus long ne fait pas automatiquement un synonyme.,Réutiliser edible_offal ; les organes alimentaires ne justifient pas un concept par espèce. Alias courts à revoir séparément des intitulés pharmaceutiques.,EXACT,edible_offal,,edible_offal,EXACT,edible_offal,,EXACT,edible_offal,,edible_offal,EXACT,edible_offal,,abats comestibles,FR,FAMILY_OR_CURRENT_OWNER_NOT_PROOF_OF_RECOGNITION,BROADER_FAMILY_OR_SPECIFIC_DENOMINATION_REVIEW_REQUIRED,LABEL_CANDIDATE,NO_NEW_ALIAS_KEY_PROPOSED,edible_offal,edible_offal,edible_offal,edible_offal:NON_VEGAN,,,,ALREADY_CANONICAL_AND_LANGUAGE_COVERED,,C88b8e3c7053012,Ad22b3d3ef8fc,BROAD_CSV_AND_PRIMARY_PDF,02013R1308,2026-08-18,2026-10-06,fc74f08aa87e22c0fe38cf896a1a323c64cbf7ea
M0153,M27,VIANDES,EDIBLE_OFFAL,FR,FR,Abats,Abats,Abats,CELEX_02013R1308-20260818_FR_TXT.pdf,145,"Annexe I XV p.143, XVII p.145 ; rubrique alimentaire hors fabrication pharmaceutique",399,"cteurs de race pure  
b) ex 0203 Viandes des animaux de l'espèce porcine domestique, fraîches, réfrigérées ou congelées  
ex 0206 Abats comestibles de l'espèce porcine domestique, autre s que pour la fabrication des produits 
pharmaceutiques, frais, réfrigérés ou congelés  
0209 10 La",5ea4e8f11d1ad1871ae780bbdc05ee4beff9a2283b8876be6bffaec4e73f4a4c,Rubriques/entrées réglementaires parallèles ; seules les formes explicitement listées sont retenues dans chaque langue,EXACT_SOURCE_SUBTERM,edible_offal,edible_offal:NON_VEGAN,,,PROPOSE_ALIAS_EXISTING,REVIEW_REQUIRED,NO,abats/offal sans comestible peuvent inclure des sous-produits non alimentaires ; une occurrence dans un nom plus long ne fait pas automatiquement un synonyme.,Réutiliser edible_offal ; les organes alimentaires ne justifient pas un concept par espèce. Alias courts à revoir séparément des intitulés pharmaceutiques.,NONE,,abats,,NONE,,abats,NONE,,abats,,NONE,,abats,abats,FR,FAMILY_OR_CURRENT_OWNER_NOT_PROOF_OF_RECOGNITION,BROADER_FAMILY_OR_SPECIFIC_DENOMINATION_REVIEW_REQUIRED,LABEL_CANDIDATE,SEMANTIC_OR_LANGUAGE_REVIEW_REQUIRED,,,,,,,edible_offal|FR|abats,POTENTIAL_NEW_SURFACE,C25c184c65ffefa|C65af67d486f1d3|Ce1745d0352f00e,C88b8e3c7053012|Ce1745d0352f00e,,BROAD_CSV_AND_PRIMARY_PDF,02013R1308,2026-08-18,2026-10-06,fc74f08aa87e22c0fe38cf896a1a323c64cbf7ea
M0154,M27,VIANDES,EDIBLE_OFFAL,NL,NL,Eetbare slachtafvallen,Eetbare slachtafvallen,Eetbare slachtafvallen,CELEX_02013R1308-20260818_NL_TXT.pdf,145,"Annexe I XV p.143, XVII p.145 ; rubrique alimentaire hors fabrication pharmaceutique",345,"uisdieren), andere dan fokdieren v an zuiver ras  
b) ex 0203 Vlees van varkens (huisdieren), vers, gekoeld of bev roren 
ex 0206 Eetbare slachtafvallen van varkens (huisdieren), andere  dan voor de vervaardiging van 
farmaceutische producten, vers, gekoeld of bevroren  
0209 10 Spek (ander dan doorre",99ee3d7c91c02249f6ca6ffca15e06cf2e9603ab9718919138dd2a981281bb74,Rubriques/entrées réglementaires parallèles ; seules les formes explicitement listées sont retenues dans chaque langue,EXACT_SOURCE_SUBTERM,edible_offal,edible_offal:NON_VEGAN,,,ALREADY_COVERED,REVIEW_REQUIRED,NO,abats/offal sans comestible peuvent inclure des sous-produits non alimentaires ; une occurrence dans un nom plus long ne fait pas automatiquement un synonyme.,Réutiliser edible_offal ; les organes alimentaires ne justifient pas un concept par espèce. Alias courts à revoir séparément des intitulés pharmaceutiques.,EXACT,edible_offal,,edible_offal,EXACT,edible_offal,,EXACT,edible_offal,,edible_offal,EXACT,edible_offal,,eetbare slachtafvallen,NL,FAMILY_OR_CURRENT_OWNER_NOT_PROOF_OF_RECOGNITION,BROADER_FAMILY_OR_SPECIFIC_DENOMINATION_REVIEW_REQUIRED,LABEL_CANDIDATE,NO_NEW_ALIAS_KEY_PROPOSED,edible_offal,edible_offal,edible_offal,edible_offal:NON_VEGAN,,,,ALREADY_CANONICAL_AND_LANGUAGE_COVERED,,Ce46bdce552ae27,A5a5ad06deef7,BROAD_CSV_AND_PRIMARY_PDF,02013R1308,2026-08-18,2026-10-06,fc74f08aa87e22c0fe38cf896a1a323c64cbf7ea
M0155,M27,VIANDES,EDIBLE_OFFAL,NL,NL,slachtafvallen,slachtafvallen,slachtafvallen,CELEX_02013R1308-20260818_NL_TXT.pdf,145,"Annexe I XV p.143, XVII p.145 ; rubrique alimentaire hors fabrication pharmaceutique",353,"n), andere dan fokdieren v an zuiver ras  
b) ex 0203 Vlees van varkens (huisdieren), vers, gekoeld of bev roren 
ex 0206 Eetbare slachtafvallen van varkens (huisdieren), andere  dan voor de vervaardiging van 
farmaceutische producten, vers, gekoeld of bevroren  
0209 10 Spek (ander dan doorre",99ee3d7c91c02249f6ca6ffca15e06cf2e9603ab9718919138dd2a981281bb74,Rubriques/entrées réglementaires parallèles ; seules les formes explicitement listées sont retenues dans chaque langue,EXACT_SOURCE_SUBTERM,edible_offal,edible_offal:NON_VEGAN,,,PROPOSE_ALIAS_EXISTING,REVIEW_REQUIRED,NO,abats/offal sans comestible peuvent inclure des sous-produits non alimentaires ; une occurrence dans un nom plus long ne fait pas automatiquement un synonyme.,Réutiliser edible_offal ; les organes alimentaires ne justifient pas un concept par espèce. Alias courts à revoir séparément des intitulés pharmaceutiques.,NONE,,slachtafvallen,,NONE,,slachtafvallen,NONE,,slachtafvallen,,NONE,,slachtafvallen,slachtafvallen,NL,FAMILY_OR_CURRENT_OWNER_NOT_PROOF_OF_RECOGNITION,BROADER_FAMILY_OR_SPECIFIC_DENOMINATION_REVIEW_REQUIRED,LABEL_CANDIDATE,SEMANTIC_OR_LANGUAGE_REVIEW_REQUIRED,,,,,eetbare slachtafvallen|eetbare slachtafvallen van runderen,,edible_offal|NL|slachtafvallen,POTENTIAL_NEW_SURFACE,C15150968b81b60|C94bb35861b04a5|C9ff25c9287f509|Cc26abb90593d66,C15150968b81b60|Ce46bdce552ae27,,BROAD_CSV_AND_PRIMARY_PDF,02013R1308,2026-08-18,2026-10-06,fc74f08aa87e22c0fe38cf896a1a323c64cbf7ea
M0156,M27,VIANDES,EDIBLE_OFFAL,EN,EN,Edible offal,Edible offal,Edible offal,CELEX_02013R1308-20260818_EN_TXT.pdf,143,"Annexe I XV p.143, XVII p.145 ; rubrique alimentaire hors fabrication pharmaceutique",1714," offal and uncooked meat or offal  
(b) 0102 21, 
0102 31 00 and 
0102 90 20 
Live bovine pure-bred breeding animals  
0206 10 98 Edible offal of bovine animals excluding thick skirt  and thin skirt, fresh or chilled, other than 
for the manufacture of pharmaceutical products  
0206 21 00 
0",b5cc2ea8e761cc408cca7f8930de7b2c01c2609f88dcb5a6bdbc4882e4455d11,Rubriques/entrées réglementaires parallèles ; seules les formes explicitement listées sont retenues dans chaque langue,EXACT_SOURCE_SUBTERM,edible_offal,edible_offal:NON_VEGAN,,,ALREADY_COVERED,REVIEW_REQUIRED,NO,abats/offal sans comestible peuvent inclure des sous-produits non alimentaires ; une occurrence dans un nom plus long ne fait pas automatiquement un synonyme.,Réutiliser edible_offal ; les organes alimentaires ne justifient pas un concept par espèce. Alias courts à revoir séparément des intitulés pharmaceutiques.,EXACT,edible_offal,,edible_offal,EXACT,edible_offal,,EXACT,edible_offal,,edible_offal,EXACT,edible_offal,,edible offal,EN,FAMILY_OR_CURRENT_OWNER_NOT_PROOF_OF_RECOGNITION,BROADER_FAMILY_OR_SPECIFIC_DENOMINATION_REVIEW_REQUIRED,LABEL_CANDIDATE,NO_NEW_ALIAS_KEY_PROPOSED,edible_offal,edible_offal,edible_offal,edible_offal:NON_VEGAN,,,,ALREADY_CANONICAL_AND_LANGUAGE_COVERED,,C81c5c26d278135,A4363d135d25c,BROAD_CSV_AND_PRIMARY_PDF,02013R1308,2026-08-18,2026-10-06,fc74f08aa87e22c0fe38cf896a1a323c64cbf7ea
M0157,M27,VIANDES,EDIBLE_OFFAL,EN,EN,offal,offal,offal,CELEX_02013R1308-20260818_EN_TXT.pdf,145,"Annexe I XV p.143, XVII p.145 ; rubrique alimentaire hors fabrication pharmaceutique",335," species, other than pure-br ed breeding animals  
(b) ex 0203 Meat of domestic swine, fresh, chilled, or frozen  
ex 0206 Edible offal of domestic swine, other than for the manu facture of pharmaceutical products, 
fresh, chilled or frozen  
0209 10 Pig fat, free of lean meat, not re",b5cc2ea8e761cc408cca7f8930de7b2c01c2609f88dcb5a6bdbc4882e4455d11,Rubriques/entrées réglementaires parallèles ; seules les formes explicitement listées sont retenues dans chaque langue,EXACT_SOURCE_SUBTERM,edible_offal,edible_offal:NON_VEGAN,,,PROPOSE_ALIAS_EXISTING,REVIEW_REQUIRED,NO,abats/offal sans comestible peuvent inclure des sous-produits non alimentaires ; une occurrence dans un nom plus long ne fait pas automatiquement un synonyme.,Réutiliser edible_offal ; les organes alimentaires ne justifient pas un concept par espèce. Alias courts à revoir séparément des intitulés pharmaceutiques.,NONE,,offal,,NONE,,offal,NONE,,offal,,NONE,,offal,offal,EN,FAMILY_OR_CURRENT_OWNER_NOT_PROOF_OF_RECOGNITION,BROADER_FAMILY_OR_SPECIFIC_DENOMINATION_REVIEW_REQUIRED,LABEL_CANDIDATE,SEMANTIC_OR_LANGUAGE_REVIEW_REQUIRED,,,,,edible offal,,edible_offal|EN|offal,POTENTIAL_NEW_SURFACE,C6e95f93d85787a,C624262e3eb138b|C6e95f93d85787a,,BROAD_CSV_AND_PRIMARY_PDF,02013R1308,2026-08-18,2026-10-06,fc74f08aa87e22c0fe38cf896a1a323c64cbf7ea
M0158,M27,VIANDES,EDIBLE_OFFAL,EN,EN,edible meat offal,edible meat offal,edible meat offal,CELEX_02013R1308-20260818_EN_TXT.pdf,145,"Annexe I XV p.143, XVII p.145 ; rubrique alimentaire hors fabrication pharmaceutique",600,"of lean meat, not rendered or otherwise e xtracted, fresh, chilled, frozen, salted, 
in brine, dried or smoked  
ex 0210 Meat and edible meat offal of domestic swine, salted, i n brine, dried or smoked  
1501 10 
1501 20 
Pig fat (including lard)  
(c) 1601 00 Sausages and similar products, of me",b5cc2ea8e761cc408cca7f8930de7b2c01c2609f88dcb5a6bdbc4882e4455d11,Rubriques/entrées réglementaires parallèles ; seules les formes explicitement listées sont retenues dans chaque langue,EXACT_SOURCE_SUBTERM,edible_offal,edible_offal:NON_VEGAN,,,PROPOSE_ALIAS_EXISTING,REVIEW_REQUIRED,NO,abats/offal sans comestible peuvent inclure des sous-produits non alimentaires ; une occurrence dans un nom plus long ne fait pas automatiquement un synonyme.,Réutiliser edible_offal ; les organes alimentaires ne justifient pas un concept par espèce. Alias courts à revoir séparément des intitulés pharmaceutiques.,PARTIAL_CONTEXTUAL,meat,edible offal,,PARTIAL_CONTEXTUAL,meat,edible offal,PARTIAL_CONTEXTUAL,meat,edible offal,,PARTIAL_CONTEXTUAL,meat,edible offal,edible meat offal,EN,FAMILY_OR_CURRENT_OWNER_NOT_PROOF_OF_RECOGNITION,BROADER_FAMILY_OR_SPECIFIC_DENOMINATION_REVIEW_REQUIRED,LABEL_CANDIDATE,SEMANTIC_OR_LANGUAGE_REVIEW_REQUIRED,,,,meat:NON_VEGAN,edible offal|edible offal of bovine animals,,edible_offal|EN|edible meat offal,POTENTIAL_NEW_SURFACE,,C4078f386178189|C5cc069d3857f2f,,BROAD_CSV_AND_PRIMARY_PDF,02013R1308,2026-08-18,2026-10-06,fc74f08aa87e22c0fe38cf896a1a323c64cbf7ea
M0159,M27,VIANDES,EDIBLE_OFFAL,DE,DE,Genießbare Schlachtnebenerzeugnisse,Genießbare Schlachtnebenerzeugnisse,Genießbare Schlachtnebenerzeugnisse,CELEX_02013R1308-20260818_DE_TXT.pdf,145,"Annexe I XV p.143, XVII p.145 ; rubrique alimentaire hors fabrication pharmaceutique",344,"weine, lebend, ausgenommen reinrassige Zuchtt iere 
b) ex 0203 Fleisch von Hausschweinen, frisch, gekühlt oder gefr oren 
ex 0206 Genießbare Schlachtnebenerzeugnisse von Hausschweinen, andere als zum Herstellen von 
pharmazeutischen Erzeugnissen, frisch, gekühlt oder gefroren  
0209 10 Schweinespeck ohne magere Te",64a45b265e50b848f0a1ae239b94a1feef40608b69c69c9e5e14f0ffb7328dda,Rubriques/entrées réglementaires parallèles ; seules les formes explicitement listées sont retenues dans chaque langue,EXACT_SOURCE_SUBTERM,edible_offal,edible_offal:NON_VEGAN,,,ALREADY_COVERED,REVIEW_REQUIRED,NO,abats/offal sans comestible peuvent inclure des sous-produits non alimentaires ; une occurrence dans un nom plus long ne fait pas automatiquement un synonyme.,Réutiliser edible_offal ; les organes alimentaires ne justifient pas un concept par espèce. Alias courts à revoir séparément des intitulés pharmaceutiques.,EXACT,edible_offal,,edible_offal,EXACT,edible_offal,,EXACT,edible_offal,,edible_offal,EXACT,edible_offal,,genie bare schlachtnebenerzeugnisse,DE,FAMILY_OR_CURRENT_OWNER_NOT_PROOF_OF_RECOGNITION,BROADER_FAMILY_OR_SPECIFIC_DENOMINATION_REVIEW_REQUIRED,LABEL_CANDIDATE,NO_NEW_ALIAS_KEY_PROPOSED,edible_offal,edible_offal,edible_offal,edible_offal:NON_VEGAN,,,,ALREADY_CANONICAL_AND_LANGUAGE_COVERED,,C94643dd6e5faac,A58c0f3cbbc8f,BROAD_CSV_AND_PRIMARY_PDF,02013R1308,2026-08-18,2026-10-06,fc74f08aa87e22c0fe38cf896a1a323c64cbf7ea
M0160,M27,VIANDES,EDIBLE_OFFAL,DE,DE,Schlachtnebenerzeugnisse,Schlachtnebenerzeugnisse,Schlachtnebenerzeugnisse,CELEX_02013R1308-20260818_DE_TXT.pdf,145,"Annexe I XV p.143, XVII p.145 ; rubrique alimentaire hors fabrication pharmaceutique",355,"nd, ausgenommen reinrassige Zuchtt iere 
b) ex 0203 Fleisch von Hausschweinen, frisch, gekühlt oder gefr oren 
ex 0206 Genießbare Schlachtnebenerzeugnisse von Hausschweinen, andere als zum Herstellen von 
pharmazeutischen Erzeugnissen, frisch, gekühlt oder gefroren  
0209 10 Schweinespeck ohne magere Te",64a45b265e50b848f0a1ae239b94a1feef40608b69c69c9e5e14f0ffb7328dda,Rubriques/entrées réglementaires parallèles ; seules les formes explicitement listées sont retenues dans chaque langue,EXACT_SOURCE_SUBTERM,edible_offal,edible_offal:NON_VEGAN,,,PROPOSE_ALIAS_EXISTING,REVIEW_REQUIRED,NO,abats/offal sans comestible peuvent inclure des sous-produits non alimentaires ; une occurrence dans un nom plus long ne fait pas automatiquement un synonyme.,Réutiliser edible_offal ; les organes alimentaires ne justifient pas un concept par espèce. Alias courts à revoir séparément des intitulés pharmaceutiques.,NONE,,schlachtnebenerzeugnisse,,NONE,,schlachtnebenerzeugnisse,NONE,,schlachtnebenerzeugnisse,,NONE,,schlachtnebenerzeugnisse,schlachtnebenerzeugnisse,DE,FAMILY_OR_CURRENT_OWNER_NOT_PROOF_OF_RECOGNITION,BROADER_FAMILY_OR_SPECIFIC_DENOMINATION_REVIEW_REQUIRED,LABEL_CANDIDATE,SEMANTIC_OR_LANGUAGE_REVIEW_REQUIRED,,,,,genie bare schlachtnebenerzeugnisse|genie bare schlachtnebenerzeugnisse von rindern,,edible_offal|DE|schlachtnebenerzeugnisse,POTENTIAL_NEW_SURFACE,Cf06e07be8d86cf|Cfb2c68557cc836,C94643dd6e5faac|Cf06e07be8d86cf,,BROAD_CSV_AND_PRIMARY_PDF,02013R1308,2026-08-18,2026-10-06,fc74f08aa87e22c0fe38cf896a1a323c64cbf7ea
M0161,M28,VIANDES,EDIBLE_OFFAL,FR,FR,foies,foies,foies,CELEX_02013R1308-20260818_FR_TXT.pdf,145,Annexe I XVII NC1602 20 90 p.145 ; XX NC0207/0210 p.146 et NC1602 20 10 p.147,1142,"de ces produits  
1602 10 00 Préparations homogénéisées de viandes, d'abats ou de  sang  
1602 20 90 Préparations et conserves de foies de tous animaux a utres que d'oie ou de canard  
1602 41 10 
1602 42 10 
1602 49 11 à 
1602 49 50 
Autres préparations et conserves contenant de la v",5ea4e8f11d1ad1871ae780bbdc05ee4beff9a2283b8876be6bffaec4e73f4a4c,Rubriques/entrées réglementaires parallèles ; seules les formes explicitement listées sont retenues dans chaque langue,EXACT_SOURCE_SUBTERM,edible_offal,edible_offal:NON_VEGAN,,,PROPOSE_ALIAS_EXISTING,REVIEW_REQUIRED,NO,"liver/Lebern polysémie possible ; ne pas confondre foie, huile de foie ou préparation à arôme. Aucun statut NON_VEGAN nouveau n'est écrit.",Foies alimentaires couverts sémantiquement par edible_offal ; ajouter les formes manquantes seulement. La recette foie gras n'est pas attestée et n'est pas proposée.,NONE,,foies,,NONE,,foies,NONE,,foies,,NONE,,foies,foies,FR,FAMILY_OR_CURRENT_OWNER_NOT_PROOF_OF_RECOGNITION,BROADER_FAMILY_OR_SPECIFIC_DENOMINATION_REVIEW_REQUIRED,LABEL_CANDIDATE,SEMANTIC_OR_LANGUAGE_REVIEW_REQUIRED,,,,,,,edible_offal|FR|foies,POTENTIAL_NEW_SURFACE,Caf74aa7c453583,C42444557869a81|Caf74aa7c453583,,BROAD_CSV_AND_PRIMARY_PDF,02013R1308,2026-08-18,2026-10-06,fc74f08aa87e22c0fe38cf896a1a323c64cbf7ea
M0162,M28,VIANDES,EDIBLE_OFFAL,FR,FR,Foies de volailles,Foies de volailles,Foies de volailles,CELEX_02013R1308-20260818_FR_TXT.pdf,146,Annexe I XVII NC1602 20 90 p.145 ; XX NC0207/0210 p.146 et NC1602 20 10 p.147,1635,"s foies relevant du point c)  
c) 0207 13 91 
0207 14 91 
0207 26 91 
0207 27 91 
0207 43 00 
0207 44 91 
0207 45 93 
0207 45 95 
Foies de volailles, frais, réfrigérés, congelés  
0210 99 71 
0210 99 79 
Foies de volailles, salés, en saumure, séchés ou fumés  
d) 0209 90 00 Graisse de volailles no",5ea4e8f11d1ad1871ae780bbdc05ee4beff9a2283b8876be6bffaec4e73f4a4c,Rubriques/entrées réglementaires parallèles ; seules les formes explicitement listées sont retenues dans chaque langue,EXACT_SOURCE_SUBTERM,edible_offal,edible_offal:NON_VEGAN,,,ALREADY_COVERED,REVIEW_REQUIRED,NO,"liver/Lebern polysémie possible ; ne pas confondre foie, huile de foie ou préparation à arôme. Aucun statut NON_VEGAN nouveau n'est écrit.",Foies alimentaires couverts sémantiquement par edible_offal ; ajouter les formes manquantes seulement. La recette foie gras n'est pas attestée et n'est pas proposée.,EXACT,edible_offal,,edible_offal,EXACT,edible_offal,,EXACT,edible_offal,,edible_offal,EXACT,edible_offal,,foies de volailles,FR,FAMILY_OR_CURRENT_OWNER_NOT_PROOF_OF_RECOGNITION,BROADER_FAMILY_OR_SPECIFIC_DENOMINATION_REVIEW_REQUIRED,LABEL_CANDIDATE,NO_NEW_ALIAS_KEY_PROPOSED,edible_offal,edible_offal,edible_offal,edible_offal:NON_VEGAN,,,,ALREADY_CANONICAL_AND_LANGUAGE_COVERED,C2a90a68f3bdfdf,C2a90a68f3bdfdf,Ab1dacfa67c8b,BROAD_CSV_AND_PRIMARY_PDF,02013R1308,2026-08-18,2026-10-06,fc74f08aa87e22c0fe38cf896a1a323c64cbf7ea
M0163,M28,VIANDES,EDIBLE_OFFAL,FR,FR,Foies d'oie ou de canards,Foies d'oie ou de canards,Foies d'oie ou de canards,CELEX_02013R1308-20260818_FR_TXT.pdf,147,Annexe I XVII NC1602 20 90 p.145 ; XX NC0207/0210 p.146 et NC1602 20 10 p.147,85," 
02013R1308 — FR — 18.08.2026 — 013.001 — 147  
Code NC Description  
f) 1602 20 10 Foies d'oie ou de canards, autrement préparés ou conservés 
1602 31 
1602 32 
1602 39 
Viandes ou abats de volailles de la position 0105, autrement pr éparés ou conservés  
PA",5ea4e8f11d1ad1871ae780bbdc05ee4beff9a2283b8876be6bffaec4e73f4a4c,Rubriques/entrées réglementaires parallèles ; seules les formes explicitement listées sont retenues dans chaque langue,EXACT_SOURCE_SUBTERM,edible_offal,edible_offal:NON_VEGAN,,,PROPOSE_ALIAS_EXISTING,REVIEW_REQUIRED,NO,"liver/Lebern polysémie possible ; ne pas confondre foie, huile de foie ou préparation à arôme. Aucun statut NON_VEGAN nouveau n'est écrit.",Foies alimentaires couverts sémantiquement par edible_offal ; ajouter les formes manquantes seulement. La recette foie gras n'est pas attestée et n'est pas proposée.,NONE,,foies d oie ou de canards,,NONE,,foies d oie ou de canards,NONE,,foies d oie ou de canards,,NONE,,foies d oie ou de canards,foies d oie ou de canards,FR,FAMILY_OR_CURRENT_OWNER_NOT_PROOF_OF_RECOGNITION,BROADER_FAMILY_OR_SPECIFIC_DENOMINATION_REVIEW_REQUIRED,LABEL_CANDIDATE,SEMANTIC_OR_LANGUAGE_REVIEW_REQUIRED,,,,,foies de volailles,,edible_offal|FR|foies d oie ou de canards,POTENTIAL_NEW_SURFACE,,,,TARGETED_PRIMARY_PDF,02013R1308,2026-08-18,2026-10-06,fc74f08aa87e22c0fe38cf896a1a323c64cbf7ea
M0164,M28,VIANDES,EDIBLE_OFFAL,NL,NL,levers,levers,levers,CELEX_02013R1308-20260818_NL_TXT.pdf,145,Annexe I XVII NC1602 20 90 p.145 ; XX NC0207/0210 p.146 et NC1602 20 10 p.147,1096,"e  
1602 10 00 Gehomogeniseerde bereidingen van vlees, van slachtaf vallen of van bloed  
1602 20 90 Bereidingen en conserven van levers van dieren van a lle soorten, andere dan levers van 
ganzen of van eenden  
1602 41 10 
1602 42 10 
1602 49 11 to 
1602 49 50 
Andere bereidingen en ",99ee3d7c91c02249f6ca6ffca15e06cf2e9603ab9718919138dd2a981281bb74,Rubriques/entrées réglementaires parallèles ; seules les formes explicitement listées sont retenues dans chaque langue,EXACT_SOURCE_SUBTERM,edible_offal,edible_offal:NON_VEGAN,,,PROPOSE_ALIAS_EXISTING,REVIEW_REQUIRED,NO,"liver/Lebern polysémie possible ; ne pas confondre foie, huile de foie ou préparation à arôme. Aucun statut NON_VEGAN nouveau n'est écrit.",Foies alimentaires couverts sémantiquement par edible_offal ; ajouter les formes manquantes seulement. La recette foie gras n'est pas attestée et n'est pas proposée.,NONE,,levers,,NONE,,levers,NONE,,levers,,NONE,,levers,levers,NL,FAMILY_OR_CURRENT_OWNER_NOT_PROOF_OF_RECOGNITION,BROADER_FAMILY_OR_SPECIFIC_DENOMINATION_REVIEW_REQUIRED,LABEL_CANDIDATE,SEMANTIC_OR_LANGUAGE_REVIEW_REQUIRED,,,,,poultry livers,,edible_offal|NL|levers,POTENTIAL_NEW_SURFACE,C84a5fdda388d9d,C55d8d4d78cad1f|C84a5fdda388d9d,,BROAD_CSV_AND_PRIMARY_PDF,02013R1308,2026-08-18,2026-10-06,fc74f08aa87e22c0fe38cf896a1a323c64cbf7ea
M0165,M28,VIANDES,EDIBLE_OFFAL,NL,NL,Levers van pluimvee,Levers van pluimvee,Levers van pluimvee,CELEX_02013R1308-20260818_NL_TXT.pdf,146,Annexe I XVII NC1602 20 90 p.145 ; XX NC0207/0210 p.146 et NC1602 20 10 p.147,1589,"an levers bedoeld in punt c)  
c) 0207 13 91 
0207 14 91 
0207 26 91 
0207 27 91 
0207 43 00 
0207 44 91 
0207 45 93 
0207 45 95 
Levers van pluimvee, vers, gekoeld, bevroren  
0210 99 71 
0210 99 79 
Levers van pluimvee, gezouten, gepekeld, gedroogd of gerookt  
d) 0209 90 00 Vet van gevogelte (ni",99ee3d7c91c02249f6ca6ffca15e06cf2e9603ab9718919138dd2a981281bb74,Rubriques/entrées réglementaires parallèles ; seules les formes explicitement listées sont retenues dans chaque langue,EXACT_SOURCE_SUBTERM,edible_offal,edible_offal:NON_VEGAN,,,ALREADY_COVERED,REVIEW_REQUIRED,NO,"liver/Lebern polysémie possible ; ne pas confondre foie, huile de foie ou préparation à arôme. Aucun statut NON_VEGAN nouveau n'est écrit.",Foies alimentaires couverts sémantiquement par edible_offal ; ajouter les formes manquantes seulement. La recette foie gras n'est pas attestée et n'est pas proposée.,EXACT,edible_offal,,edible_offal,EXACT,edible_offal,,EXACT,edible_offal,,edible_offal,EXACT,edible_offal,,levers van pluimvee,NL,FAMILY_OR_CURRENT_OWNER_NOT_PROOF_OF_RECOGNITION,BROADER_FAMILY_OR_SPECIFIC_DENOMINATION_REVIEW_REQUIRED,LABEL_CANDIDATE,NO_NEW_ALIAS_KEY_PROPOSED,edible_offal,edible_offal,edible_offal,edible_offal:NON_VEGAN,,,,ALREADY_CANONICAL_AND_LANGUAGE_COVERED,,,Af3a74cd38474,TARGETED_PRIMARY_PDF,02013R1308,2026-08-18,2026-10-06,fc74f08aa87e22c0fe38cf896a1a323c64cbf7ea
M0166,M28,VIANDES,EDIBLE_OFFAL,NL,NL,levers van ga nzen of van eenden,Levers van ganzen of van eenden,Levers van ganzen of van eenden,CELEX_02013R1308-20260818_NL_TXT.pdf,147,Annexe I XVII NC1602 20 90 p.145 ; XX NC0207/0210 p.146 et NC1602 20 10 p.147,122," 
02013R1308 — NL — 18.08.2026 — 013.001 — 147  
GN-code Omschrijving  
f) 1602 20 10 Andere bereidingen en conserven van levers van ga nzen of van eenden  
1602 31 
1602 32 
1602 39 
Andere bereidingen en conserven van vlees of van slachtafvallen  van pluimvee bedoeld bij 
post 0105.  
DEEL XXI  
Ethyl",99ee3d7c91c02249f6ca6ffca15e06cf2e9603ab9718919138dd2a981281bb74,Rubriques/entrées réglementaires parallèles ; seules les formes explicitement listées sont retenues dans chaque langue,SOURCE_TEXT_WITH_LAYOUT_REPAIR,edible_offal,edible_offal:NON_VEGAN,,,PROPOSE_ALIAS_EXISTING,REVIEW_REQUIRED,NO,"liver/Lebern polysémie possible ; ne pas confondre foie, huile de foie ou préparation à arôme. Aucun statut NON_VEGAN nouveau n'est écrit.",Foies alimentaires couverts sémantiquement par edible_offal ; ajouter les formes manquantes seulement. La recette foie gras n'est pas attestée et n'est pas proposée.,NONE,,levers van ga nzen of van eenden,,NONE,,levers van ga nzen of van eenden,NONE,,levers van ganzen of van eenden,,NONE,,levers van ganzen of van eenden,levers van ganzen of van eenden,NL,FAMILY_OR_CURRENT_OWNER_NOT_PROOF_OF_RECOGNITION,BROADER_FAMILY_OR_SPECIFIC_DENOMINATION_REVIEW_REQUIRED,LABEL_CANDIDATE,SEMANTIC_OR_LANGUAGE_REVIEW_REQUIRED,,,,,levers van pluimvee,,edible_offal|NL|levers van ganzen of van eenden,POTENTIAL_NEW_SURFACE,,,,TARGETED_PRIMARY_PDF,02013R1308,2026-08-18,2026-10-06,fc74f08aa87e22c0fe38cf896a1a323c64cbf7ea
M0167,M28,VIANDES,EDIBLE_OFFAL,EN,EN,liver,liver,liver,CELEX_02013R1308-20260818_EN_TXT.pdf,145,Annexe I XVII NC1602 20 90 p.145 ; XX NC0207/0210 p.146 et NC1602 20 10 p.147,944,"d on 
these products  
1602 10 00 Homogenised preparations of meat, meat offal or bloo d 
1602 20 90 Preparations or preserves of liver of any animal, ot her than goose or duck  
1602 41 10 
1602 42 10 
1602 49 11 to 
1602 49 50 
Other preparations and preserves containing meat or off",b5cc2ea8e761cc408cca7f8930de7b2c01c2609f88dcb5a6bdbc4882e4455d11,Rubriques/entrées réglementaires parallèles ; seules les formes explicitement listées sont retenues dans chaque langue,EXACT_SOURCE_SUBTERM,edible_offal,edible_offal:NON_VEGAN,,,PROPOSE_ALIAS_EXISTING,REVIEW_REQUIRED,NO,"liver/Lebern polysémie possible ; ne pas confondre foie, huile de foie ou préparation à arôme. Aucun statut NON_VEGAN nouveau n'est écrit.",Foies alimentaires couverts sémantiquement par edible_offal ; ajouter les formes manquantes seulement. La recette foie gras n'est pas attestée et n'est pas proposée.,NONE,,liver,,NONE,,liver,NONE,,liver,,NONE,,liver,liver,EN,FAMILY_OR_CURRENT_OWNER_NOT_PROOF_OF_RECOGNITION,BROADER_FAMILY_OR_SPECIFIC_DENOMINATION_REVIEW_REQUIRED,LABEL_CANDIDATE,SEMANTIC_OR_LANGUAGE_REVIEW_REQUIRED,,,,,poultry livers,,edible_offal|EN|liver,POTENTIAL_NEW_SURFACE,C03df2f7337f40b,C03df2f7337f40b|C689cc4ad3eeddf,,BROAD_CSV_AND_PRIMARY_PDF,02013R1308,2026-08-18,2026-10-06,fc74f08aa87e22c0fe38cf896a1a323c64cbf7ea
M0168,M28,VIANDES,EDIBLE_OFFAL,EN,EN,Poultry livers,Poultry livers,Poultry livers,CELEX_02013R1308-20260818_EN_TXT.pdf,146,Annexe I XVII NC1602 20 90 p.145 ; XX NC0207/0210 p.146 et NC1602 20 10 p.147,1544,"91 
0207 27 91 
0207 43 00 
0207 44 91 
0207 45 93 
0207 45 95 
Poultry liver, fresh, chilled or frozen  
0210 99 71 
0210 99 79 
Poultry livers, salted, in brine, dried or smoked  
(d) 0209 90 00 Poultry fat, not rendered or otherwise extracted , fresh, chilled, frozen, salted, in brine, drie",b5cc2ea8e761cc408cca7f8930de7b2c01c2609f88dcb5a6bdbc4882e4455d11,Rubriques/entrées réglementaires parallèles ; seules les formes explicitement listées sont retenues dans chaque langue,EXACT_SOURCE_SUBTERM,edible_offal,edible_offal:NON_VEGAN,,,ALREADY_COVERED,REVIEW_REQUIRED,NO,"liver/Lebern polysémie possible ; ne pas confondre foie, huile de foie ou préparation à arôme. Aucun statut NON_VEGAN nouveau n'est écrit.",Foies alimentaires couverts sémantiquement par edible_offal ; ajouter les formes manquantes seulement. La recette foie gras n'est pas attestée et n'est pas proposée.,EXACT,edible_offal,,edible_offal,EXACT,edible_offal,,EXACT,edible_offal,,edible_offal,EXACT,edible_offal,,poultry livers,EN,FAMILY_OR_CURRENT_OWNER_NOT_PROOF_OF_RECOGNITION,BROADER_FAMILY_OR_SPECIFIC_DENOMINATION_REVIEW_REQUIRED,LABEL_CANDIDATE,NO_NEW_ALIAS_KEY_PROPOSED,edible_offal,edible_offal,edible_offal,edible_offal:NON_VEGAN,,,,ALREADY_CANONICAL_AND_LANGUAGE_COVERED,,,A1cc3515d0fe8,TARGETED_PRIMARY_PDF,02013R1308,2026-08-18,2026-10-06,fc74f08aa87e22c0fe38cf896a1a323c64cbf7ea
M0169,M28,VIANDES,EDIBLE_OFFAL,EN,EN,Goose or duck livers,Goose or duck livers,Goose or duck livers,CELEX_02013R1308-20260818_EN_TXT.pdf,147,Annexe I XVII NC1602 20 90 p.145 ; XX NC0207/0210 p.146 et NC1602 20 10 p.147,86," 
02013R1308 — EN — 18.08.2026 — 013.001 — 147  
CN code Description  
(f) 1602 20 10 Goose or duck livers, otherwise prepared or pres erved 
1602 31 
1602 32 
1602 39 
Meat or meat offal of poultry of heading 0105, otherwise prepar ed or preserved  
PART ",b5cc2ea8e761cc408cca7f8930de7b2c01c2609f88dcb5a6bdbc4882e4455d11,Rubriques/entrées réglementaires parallèles ; seules les formes explicitement listées sont retenues dans chaque langue,EXACT_SOURCE_SUBTERM,edible_offal,edible_offal:NON_VEGAN,,,PROPOSE_ALIAS_EXISTING,REVIEW_REQUIRED,NO,"liver/Lebern polysémie possible ; ne pas confondre foie, huile de foie ou préparation à arôme. Aucun statut NON_VEGAN nouveau n'est écrit.",Foies alimentaires couverts sémantiquement par edible_offal ; ajouter les formes manquantes seulement. La recette foie gras n'est pas attestée et n'est pas proposée.,NONE,,goose or duck livers,,NONE,,goose or duck livers,NONE,,goose or duck livers,,NONE,,goose or duck livers,goose or duck livers,EN,FAMILY_OR_CURRENT_OWNER_NOT_PROOF_OF_RECOGNITION,BROADER_FAMILY_OR_SPECIFIC_DENOMINATION_REVIEW_REQUIRED,LABEL_CANDIDATE,SEMANTIC_OR_LANGUAGE_REVIEW_REQUIRED,,,,,poultry livers,,edible_offal|EN|goose or duck livers,POTENTIAL_NEW_SURFACE,C2e21b960980284,C2e21b960980284,,BROAD_CSV_AND_PRIMARY_PDF,02013R1308,2026-08-18,2026-10-06,fc74f08aa87e22c0fe38cf896a1a323c64cbf7ea
M0170,M28,VIANDES,EDIBLE_OFFAL,DE,DE,L ebern,Lebern,Lebern,CELEX_02013R1308-20260818_DE_TXT.pdf,145,Annexe I XVII NC1602 20 90 p.145 ; XX NC0207/0210 p.146 et NC1602 20 10 p.147,1187,"e Zubereitungen aus Fleisch, Schlachtne benerzeugnissen oder Blut  
1602 20 90 Zubereitungen und haltbar gemachte Erzeugnisse aus L ebern aller Tierarten, außer Gänsen 
und Enten  
1602 41 10 bis 
1602 42 10 
1602 49 bis 
1602 49 50 
Andere Zubereitungen und haltbar gemachte Erzeugnisse",64a45b265e50b848f0a1ae239b94a1feef40608b69c69c9e5e14f0ffb7328dda,Rubriques/entrées réglementaires parallèles ; seules les formes explicitement listées sont retenues dans chaque langue,SOURCE_TEXT_WITH_LAYOUT_REPAIR,edible_offal,edible_offal:NON_VEGAN,,,PROPOSE_ALIAS_EXISTING,REVIEW_REQUIRED,NO,"liver/Lebern polysémie possible ; ne pas confondre foie, huile de foie ou préparation à arôme. Aucun statut NON_VEGAN nouveau n'est écrit.",Foies alimentaires couverts sémantiquement par edible_offal ; ajouter les formes manquantes seulement. La recette foie gras n'est pas attestée et n'est pas proposée.,NONE,,l ebern,,NONE,,l ebern,NONE,,lebern,,NONE,,lebern,lebern,DE,FAMILY_OR_CURRENT_OWNER_NOT_PROOF_OF_RECOGNITION,BROADER_FAMILY_OR_SPECIFIC_DENOMINATION_REVIEW_REQUIRED,LABEL_CANDIDATE,SEMANTIC_OR_LANGUAGE_REVIEW_REQUIRED,,,,,geflugellebern|geflugelleber,,edible_offal|DE|lebern,POTENTIAL_NEW_SURFACE,C46ec2933a345dd,C46ec2933a345dd|Caa5f96387866c4,,BROAD_CSV_AND_PRIMARY_PDF,02013R1308,2026-08-18,2026-10-06,fc74f08aa87e22c0fe38cf896a1a323c64cbf7ea
M0171,M28,VIANDES,EDIBLE_OFFAL,DE,DE,Geflügellebern,Geflügellebern,Geflügellebern,CELEX_02013R1308-20260818_DE_TXT.pdf,146,Annexe I XVII NC1602 20 90 p.145 ; XX NC0207/0210 p.146 et NC1602 20 10 p.147,1722,"207 27 91 
0207 43 00 
0207 44 91 
0207 45 93 
0207 45 95 
Geflügelleber, frisch, gekühlt oder gefroren  
0210 99 71 
0210 99 79 
Geflügellebern, gesalzen, in Salzlake, getrocknet oder geräuche rt 
d) 0209 90 00 Geflügelfett, weder ausgeschmolzen noch anders au sgezogen, frisch, gekühlt, gefro",64a45b265e50b848f0a1ae239b94a1feef40608b69c69c9e5e14f0ffb7328dda,Rubriques/entrées réglementaires parallèles ; seules les formes explicitement listées sont retenues dans chaque langue,EXACT_SOURCE_SUBTERM,edible_offal,edible_offal:NON_VEGAN,,,ALREADY_COVERED,REVIEW_REQUIRED,NO,"liver/Lebern polysémie possible ; ne pas confondre foie, huile de foie ou préparation à arôme. Aucun statut NON_VEGAN nouveau n'est écrit.",Foies alimentaires couverts sémantiquement par edible_offal ; ajouter les formes manquantes seulement. La recette foie gras n'est pas attestée et n'est pas proposée.,EXACT,edible_offal,,edible_offal,EXACT,edible_offal,,EXACT,edible_offal,,edible_offal,EXACT,edible_offal,,geflugellebern,DE,FAMILY_OR_CURRENT_OWNER_NOT_PROOF_OF_RECOGNITION,BROADER_FAMILY_OR_SPECIFIC_DENOMINATION_REVIEW_REQUIRED,LABEL_CANDIDATE,NO_NEW_ALIAS_KEY_PROPOSED,edible_offal,edible_offal,edible_offal,edible_offal:NON_VEGAN,,,,ALREADY_CANONICAL_AND_LANGUAGE_COVERED,,,A87d7c7e923ef,TARGETED_PRIMARY_PDF,02013R1308,2026-08-18,2026-10-06,fc74f08aa87e22c0fe38cf896a1a323c64cbf7ea
M0172,M28,VIANDES,EDIBLE_OFFAL,DE,DE,Gänse- oder Entenlebern,Gänse- oder Entenlebern,Gänse- oder Entenlebern,CELEX_02013R1308-20260818_DE_TXT.pdf,147,Annexe I XVII NC1602 20 90 p.145 ; XX NC0207/0210 p.146 et NC1602 20 10 p.147,90," 
02013R1308 — DE — 18.08.2026 — 013.001 — 147  
KN-Code Warenbezeichnung  
f) 1602 20 10 Gänse- oder Entenlebern, anders zubereitet oder h altbar gemacht  
1602 31 
1602 32 
1602 39 
Fleisch oder Schlachtnebenerzeugnisse von Geflügel der Position  0105, anders z",64a45b265e50b848f0a1ae239b94a1feef40608b69c69c9e5e14f0ffb7328dda,Rubriques/entrées réglementaires parallèles ; seules les formes explicitement listées sont retenues dans chaque langue,EXACT_SOURCE_SUBTERM,edible_offal,edible_offal:NON_VEGAN,,,PROPOSE_ALIAS_EXISTING,REVIEW_REQUIRED,NO,"liver/Lebern polysémie possible ; ne pas confondre foie, huile de foie ou préparation à arôme. Aucun statut NON_VEGAN nouveau n'est écrit.",Foies alimentaires couverts sémantiquement par edible_offal ; ajouter les formes manquantes seulement. La recette foie gras n'est pas attestée et n'est pas proposée.,NONE,,ganse oder entenlebern,,NONE,,ganse oder entenlebern,NONE,,ganse oder entenlebern,,NONE,,ganse oder entenlebern,ganse oder entenlebern,DE,FAMILY_OR_CURRENT_OWNER_NOT_PROOF_OF_RECOGNITION,BROADER_FAMILY_OR_SPECIFIC_DENOMINATION_REVIEW_REQUIRED,LABEL_CANDIDATE,SEMANTIC_OR_LANGUAGE_REVIEW_REQUIRED,,,,,geflugellebern,,edible_offal|DE|ganse oder entenlebern,POTENTIAL_NEW_SURFACE,,,,TARGETED_PRIMARY_PDF,02013R1308,2026-08-18,2026-10-06,fc74f08aa87e22c0fe38cf896a1a323c64cbf7ea
M0173,M29,VIANDES,ANATOMY_CONTEXT,FR,FR,rognons,rognons,,CELEX_02013R1308-20260818_FR_TXT.pdf,167,Annexe IV A.IV p.167 ; B.III p.168 ; C.IV p.169,1398,"métacarpiennes ou tarsométatarsiques;  
b) sans les organes contenus dans les cavités thoracique et abd ominale avec ou 
sans les rognons, la graisse de rognon, ainsi que la graisse de  bassin;  
c) sans les organes sexuels avec les muscles attenants, sans la  mamelle et la 
graisse mam",5ea4e8f11d1ad1871ae780bbdc05ee4beff9a2283b8876be6bffaec4e73f4a4c,Rubriques/entrées réglementaires parallèles ; seules les formes explicitement listées sont retenues dans chaque langue,EXACT_SOURCE_SUBTERM,edible_offal,edible_offal:NON_VEGAN,,,DEFER_CONTEXT_ONLY,REVIEW_REQUIRED,NO,langue/tongue/tong/Zunge et hartslag sont polysémiques ; abats potentiels mais forme culinaire à sourcer avant alias.,"La source atteste les organes, retirés ou gardés avec les carcasses ; elle ne suffit pas à approuver leurs noms nus comme ingrédients. Les foies alimentaires de M28 fournissent une preuve plus forte.",NONE,,rognons,,NONE,,rognons,NONE,,rognons,,NONE,,rognons,rognons,FR,FAMILY_OR_CURRENT_OWNER_NOT_PROOF_OF_RECOGNITION,BROADER_FAMILY_OR_SPECIFIC_DENOMINATION_REVIEW_REQUIRED,DOCUMENTARY_ONLY,NO_NEW_ALIAS_KEY_PROPOSED,,,,,,,,NOT_PROPOSED_CONTEXT_ONLY,,,,TARGETED_PRIMARY_PDF,02013R1308,2026-08-18,2026-10-06,fc74f08aa87e22c0fe38cf896a1a323c64cbf7ea
M0174,M29,VIANDES,ANATOMY_CONTEXT,FR,FR,langue,langue,,CELEX_02013R1308-20260818_FR_TXT.pdf,168,Annexe IV A.IV p.167 ; B.III p.168 ; C.IV p.169,681,"plus mais moins de 50  
O 40 ou plus mais moins de 45  
P moins de 40  
III. Présentation  
Les carcasses sont présentées sans la langue, les soies, les on glons, les organes 
génitaux, la panne, les rognons et le diaphragme.  
IV. Teneur en viande maigre  
1. La teneur en viande maigr",5ea4e8f11d1ad1871ae780bbdc05ee4beff9a2283b8876be6bffaec4e73f4a4c,Rubriques/entrées réglementaires parallèles ; seules les formes explicitement listées sont retenues dans chaque langue,EXACT_SOURCE_SUBTERM,edible_offal,edible_offal:NON_VEGAN,,,DEFER_CONTEXT_ONLY,REVIEW_REQUIRED,NO,langue/tongue/tong/Zunge et hartslag sont polysémiques ; abats potentiels mais forme culinaire à sourcer avant alias.,"La source atteste les organes, retirés ou gardés avec les carcasses ; elle ne suffit pas à approuver leurs noms nus comme ingrédients. Les foies alimentaires de M28 fournissent une preuve plus forte.",NONE,,langue,,NONE,,langue,NONE,,langue,,NONE,,langue,langue,FR,FAMILY_OR_CURRENT_OWNER_NOT_PROOF_OF_RECOGNITION,BROADER_FAMILY_OR_SPECIFIC_DENOMINATION_REVIEW_REQUIRED,DOCUMENTARY_ONLY,NO_NEW_ALIAS_KEY_PROPOSED,,,,,,,,NOT_PROPOSED_CONTEXT_ONLY,,,,TARGETED_PRIMARY_PDF,02013R1308,2026-08-18,2026-10-06,fc74f08aa87e22c0fe38cf896a1a323c64cbf7ea
M0175,M29,VIANDES,ANATOMY_CONTEXT,FR,FR,fressure,fressure,,CELEX_02013R1308-20260818_FR_TXT.pdf,169,Annexe IV A.IV p.167 ; B.III p.168 ; C.IV p.169,412,"ues), la queue (sect ionnée entre la 
sixième et la septième vertèbre caudale), la mamelle, les organ es génitaux, le foie 
et la fressure. Les rognons et la graisse de rognon font partie  de la carcasse.  
Les États membres sont autorisés à admettre des présentations d ifférentes lorsqu",5ea4e8f11d1ad1871ae780bbdc05ee4beff9a2283b8876be6bffaec4e73f4a4c,Rubriques/entrées réglementaires parallèles ; seules les formes explicitement listées sont retenues dans chaque langue,EXACT_SOURCE_SUBTERM,edible_offal,edible_offal:NON_VEGAN,,,DEFER_CONTEXT_ONLY,REVIEW_REQUIRED,NO,langue/tongue/tong/Zunge et hartslag sont polysémiques ; abats potentiels mais forme culinaire à sourcer avant alias.,"La source atteste les organes, retirés ou gardés avec les carcasses ; elle ne suffit pas à approuver leurs noms nus comme ingrédients. Les foies alimentaires de M28 fournissent une preuve plus forte.",NONE,,fressure,,NONE,,fressure,NONE,,fressure,,NONE,,fressure,fressure,FR,FAMILY_OR_CURRENT_OWNER_NOT_PROOF_OF_RECOGNITION,BROADER_FAMILY_OR_SPECIFIC_DENOMINATION_REVIEW_REQUIRED,DOCUMENTARY_ONLY,NO_NEW_ALIAS_KEY_PROPOSED,,,,,,,,NOT_PROPOSED_CONTEXT_ONLY,,,,TARGETED_PRIMARY_PDF,02013R1308,2026-08-18,2026-10-06,fc74f08aa87e22c0fe38cf896a1a323c64cbf7ea
M0176,M29,VIANDES,ANATOMY_CONTEXT,NL,NL,nieren,nieren,,CELEX_02013R1308-20260818_NL_TXT.pdf,168,Annexe IV A.IV p.167 ; B.III p.168 ; C.IV p.169,756,"
P minder dan 40  
III. Aanbiedingsvorm  
Karkassen worden aangeboden zonder tong, borstels, hoeven, gesl achtsorganen, 
niervet, nieren en middenrif.  
IV. Magervleesaandeel  
1. Het aandeel mager vlees wordt geschat volgens door de Commis sie toe­
gestane indelingsmethoden. Uitsluite",99ee3d7c91c02249f6ca6ffca15e06cf2e9603ab9718919138dd2a981281bb74,Rubriques/entrées réglementaires parallèles ; seules les formes explicitement listées sont retenues dans chaque langue,EXACT_SOURCE_SUBTERM,edible_offal,edible_offal:NON_VEGAN,,,DEFER_CONTEXT_ONLY,REVIEW_REQUIRED,NO,langue/tongue/tong/Zunge et hartslag sont polysémiques ; abats potentiels mais forme culinaire à sourcer avant alias.,"La source atteste les organes, retirés ou gardés avec les carcasses ; elle ne suffit pas à approuver leurs noms nus comme ingrédients. Les foies alimentaires de M28 fournissent une preuve plus forte.",NONE,,nieren,,NONE,,nieren,NONE,,nieren,,NONE,,nieren,nieren,NL,FAMILY_OR_CURRENT_OWNER_NOT_PROOF_OF_RECOGNITION,BROADER_FAMILY_OR_SPECIFIC_DENOMINATION_REVIEW_REQUIRED,DOCUMENTARY_ONLY,NO_NEW_ALIAS_KEY_PROPOSED,,,,,,,,NOT_PROPOSED_CONTEXT_ONLY,,,,TARGETED_PRIMARY_PDF,02013R1308,2026-08-18,2026-10-06,fc74f08aa87e22c0fe38cf896a1a323c64cbf7ea
M0177,M29,VIANDES,ANATOMY_CONTEXT,NL,NL,tong,tong,,CELEX_02013R1308-20260818_NL_TXT.pdf,168,Annexe IV A.IV p.167 ; B.III p.168 ; C.IV p.169,703,"ar minder dan 50  
O 40 of meer, maar minder dan 45  
P minder dan 40  
III. Aanbiedingsvorm  
Karkassen worden aangeboden zonder tong, borstels, hoeven, gesl achtsorganen, 
niervet, nieren en middenrif.  
IV. Magervleesaandeel  
1. Het aandeel mager vlees wordt geschat volgens door ",99ee3d7c91c02249f6ca6ffca15e06cf2e9603ab9718919138dd2a981281bb74,Rubriques/entrées réglementaires parallèles ; seules les formes explicitement listées sont retenues dans chaque langue,EXACT_SOURCE_SUBTERM,edible_offal,edible_offal:NON_VEGAN,,,DEFER_CONTEXT_ONLY,REVIEW_REQUIRED,NO,langue/tongue/tong/Zunge et hartslag sont polysémiques ; abats potentiels mais forme culinaire à sourcer avant alias.,"La source atteste les organes, retirés ou gardés avec les carcasses ; elle ne suffit pas à approuver leurs noms nus comme ingrédients. Les foies alimentaires de M28 fournissent une preuve plus forte.",NONE,,tong,,NONE,,tong,NONE,,tong,,NONE,,tong,tong,NL,FAMILY_OR_CURRENT_OWNER_NOT_PROOF_OF_RECOGNITION,BROADER_FAMILY_OR_SPECIFIC_DENOMINATION_REVIEW_REQUIRED,DOCUMENTARY_ONLY,NO_NEW_ALIAS_KEY_PROPOSED,,,,,,,,NOT_PROPOSED_CONTEXT_ONLY,,,,TARGETED_PRIMARY_PDF,02013R1308,2026-08-18,2026-10-06,fc74f08aa87e22c0fe38cf896a1a323c64cbf7ea
M0178,M29,VIANDES,ANATOMY_CONTEXT,NL,NL,hartslag,hartslag,,CELEX_02013R1308-20260818_NL_TXT.pdf,169,Annexe IV A.IV p.167 ; B.III p.168 ; C.IV p.169,436,"
gewrichten), staart (deze moet zijn afgescheiden tussen de zesd e en de zevende 
staartwervel), uier, geslachtsorganen, lever en hartslag. De ni eren en het niervet 
zijn in het karkas begrepen.  
De lidstaten worden evenwel gemachtigd om andere aanbiedingsvor men toe te 
staan, wanneer",99ee3d7c91c02249f6ca6ffca15e06cf2e9603ab9718919138dd2a981281bb74,Rubriques/entrées réglementaires parallèles ; seules les formes explicitement listées sont retenues dans chaque langue,EXACT_SOURCE_SUBTERM,edible_offal,edible_offal:NON_VEGAN,,,DEFER_CONTEXT_ONLY,REVIEW_REQUIRED,NO,langue/tongue/tong/Zunge et hartslag sont polysémiques ; abats potentiels mais forme culinaire à sourcer avant alias.,"La source atteste les organes, retirés ou gardés avec les carcasses ; elle ne suffit pas à approuver leurs noms nus comme ingrédients. Les foies alimentaires de M28 fournissent une preuve plus forte.",NONE,,hartslag,,NONE,,hartslag,NONE,,hartslag,,NONE,,hartslag,hartslag,NL,FAMILY_OR_CURRENT_OWNER_NOT_PROOF_OF_RECOGNITION,BROADER_FAMILY_OR_SPECIFIC_DENOMINATION_REVIEW_REQUIRED,DOCUMENTARY_ONLY,NO_NEW_ALIAS_KEY_PROPOSED,,,,,,,,NOT_PROPOSED_CONTEXT_ONLY,,,,TARGETED_PRIMARY_PDF,02013R1308,2026-08-18,2026-10-06,fc74f08aa87e22c0fe38cf896a1a323c64cbf7ea
M0179,M29,VIANDES,ANATOMY_CONTEXT,EN,EN,kidneys,kidneys,,CELEX_02013R1308-20260818_EN_TXT.pdf,167,Annexe IV A.IV p.167 ; B.III p.168 ; C.IV p.169,1172,"acarpal or tarsometatarsal joints;  
(b) without the organs contained in the thoracic and abdominal cavities with or 
without the kidneys, the kidney fat and the pelvic fat;  
(c) without the sexual organs and the attached muscles and with out the udder or 
the mammary fat.  
V. Classif",b5cc2ea8e761cc408cca7f8930de7b2c01c2609f88dcb5a6bdbc4882e4455d11,Rubriques/entrées réglementaires parallèles ; seules les formes explicitement listées sont retenues dans chaque langue,EXACT_SOURCE_SUBTERM,edible_offal,edible_offal:NON_VEGAN,,,DEFER_CONTEXT_ONLY,REVIEW_REQUIRED,NO,langue/tongue/tong/Zunge et hartslag sont polysémiques ; abats potentiels mais forme culinaire à sourcer avant alias.,"La source atteste les organes, retirés ou gardés avec les carcasses ; elle ne suffit pas à approuver leurs noms nus comme ingrédients. Les foies alimentaires de M28 fournissent une preuve plus forte.",NONE,,kidneys,,NONE,,kidneys,NONE,,kidneys,,NONE,,kidneys,kidneys,EN,FAMILY_OR_CURRENT_OWNER_NOT_PROOF_OF_RECOGNITION,BROADER_FAMILY_OR_SPECIFIC_DENOMINATION_REVIEW_REQUIRED,DOCUMENTARY_ONLY,NO_NEW_ALIAS_KEY_PROPOSED,,,,,,,,NOT_PROPOSED_CONTEXT_ONLY,,,,TARGETED_PRIMARY_PDF,02013R1308,2026-08-18,2026-10-06,fc74f08aa87e22c0fe38cf896a1a323c64cbf7ea
M0180,M29,VIANDES,ANATOMY_CONTEXT,EN,EN,tongue,tongue,,CELEX_02013R1308-20260818_EN_TXT.pdf,168,Annexe IV A.IV p.167 ; B.III p.168 ; C.IV p.169,640,"more but less than 50  
O 40 or more but less than 45  
P less than 40  
III. Presentation  
Carcasses shall be presented without tongue, bristles, hooves, genital organs, 
flare fat, kidneys and diaphragm.  
IV. Lean-meat content  
1. The lean-meat content shall be assessed by means g",b5cc2ea8e761cc408cca7f8930de7b2c01c2609f88dcb5a6bdbc4882e4455d11,Rubriques/entrées réglementaires parallèles ; seules les formes explicitement listées sont retenues dans chaque langue,EXACT_SOURCE_SUBTERM,edible_offal,edible_offal:NON_VEGAN,,,DEFER_CONTEXT_ONLY,REVIEW_REQUIRED,NO,langue/tongue/tong/Zunge et hartslag sont polysémiques ; abats potentiels mais forme culinaire à sourcer avant alias.,"La source atteste les organes, retirés ou gardés avec les carcasses ; elle ne suffit pas à approuver leurs noms nus comme ingrédients. Les foies alimentaires de M28 fournissent une preuve plus forte.",NONE,,tongue,,NONE,,tongue,NONE,,tongue,,NONE,,tongue,tongue,EN,FAMILY_OR_CURRENT_OWNER_NOT_PROOF_OF_RECOGNITION,BROADER_FAMILY_OR_SPECIFIC_DENOMINATION_REVIEW_REQUIRED,DOCUMENTARY_ONLY,NO_NEW_ALIAS_KEY_PROPOSED,,,,,,,,NOT_PROPOSED_CONTEXT_ONLY,,,,TARGETED_PRIMARY_PDF,02013R1308,2026-08-18,2026-10-06,fc74f08aa87e22c0fe38cf896a1a323c64cbf7ea
M0181,M29,VIANDES,ANATOMY_CONTEXT,EN,EN,pluck,pluck,,CELEX_02013R1308-20260818_EN_TXT.pdf,169,Annexe IV A.IV p.167 ; B.III p.168 ; C.IV p.169,361,"tarsal 
joints), the tail (severed between the sixth and seventh caudal  vertebrae), the 
udder, the genitalia, the liver and the pluck. Kidneys and kidn ey fat are 
included in the carcass.  
Member States are authorised to permit different presentations when the refeence 
presentati",b5cc2ea8e761cc408cca7f8930de7b2c01c2609f88dcb5a6bdbc4882e4455d11,Rubriques/entrées réglementaires parallèles ; seules les formes explicitement listées sont retenues dans chaque langue,EXACT_SOURCE_SUBTERM,edible_offal,edible_offal:NON_VEGAN,,,DEFER_CONTEXT_ONLY,REVIEW_REQUIRED,NO,langue/tongue/tong/Zunge et hartslag sont polysémiques ; abats potentiels mais forme culinaire à sourcer avant alias.,"La source atteste les organes, retirés ou gardés avec les carcasses ; elle ne suffit pas à approuver leurs noms nus comme ingrédients. Les foies alimentaires de M28 fournissent une preuve plus forte.",NONE,,pluck,,NONE,,pluck,NONE,,pluck,,NONE,,pluck,pluck,EN,FAMILY_OR_CURRENT_OWNER_NOT_PROOF_OF_RECOGNITION,BROADER_FAMILY_OR_SPECIFIC_DENOMINATION_REVIEW_REQUIRED,DOCUMENTARY_ONLY,NO_NEW_ALIAS_KEY_PROPOSED,,,,,,,,NOT_PROPOSED_CONTEXT_ONLY,,,,TARGETED_PRIMARY_PDF,02013R1308,2026-08-18,2026-10-06,fc74f08aa87e22c0fe38cf896a1a323c64cbf7ea
M0182,M29,VIANDES,ANATOMY_CONTEXT,DE,DE,Nieren,Nieren,,CELEX_02013R1308-20260818_DE_TXT.pdf,167,Annexe IV A.IV p.167 ; B.III p.168 ; C.IV p.169,1200," die Füße im Karpalgelenk od er im 
Tarsalgelenk abgetrennt;  
▼B 
b) ohne die Organe in der Brust- und Bauchhöhle, mit oder ohne Nieren, Nieren­
fettgewebe sowie Beckenfettgewebe;  
c) ohne die Geschlechtsorgane und die dazugehörigen Muskeln, oh ne das Ge­
säuge und das Euterfett.  
V",64a45b265e50b848f0a1ae239b94a1feef40608b69c69c9e5e14f0ffb7328dda,Rubriques/entrées réglementaires parallèles ; seules les formes explicitement listées sont retenues dans chaque langue,EXACT_SOURCE_SUBTERM,edible_offal,edible_offal:NON_VEGAN,,,DEFER_CONTEXT_ONLY,REVIEW_REQUIRED,NO,langue/tongue/tong/Zunge et hartslag sont polysémiques ; abats potentiels mais forme culinaire à sourcer avant alias.,"La source atteste les organes, retirés ou gardés avec les carcasses ; elle ne suffit pas à approuver leurs noms nus comme ingrédients. Les foies alimentaires de M28 fournissent une preuve plus forte.",NONE,,nieren,,NONE,,nieren,NONE,,nieren,,NONE,,nieren,nieren,DE,FAMILY_OR_CURRENT_OWNER_NOT_PROOF_OF_RECOGNITION,BROADER_FAMILY_OR_SPECIFIC_DENOMINATION_REVIEW_REQUIRED,DOCUMENTARY_ONLY,NO_NEW_ALIAS_KEY_PROPOSED,,,,,,,,NOT_PROPOSED_CONTEXT_ONLY,,,,TARGETED_PRIMARY_PDF,02013R1308,2026-08-18,2026-10-06,fc74f08aa87e22c0fe38cf896a1a323c64cbf7ea
M0183,M29,VIANDES,ANATOMY_CONTEXT,DE,DE,Zunge,Zunge,,CELEX_02013R1308-20260818_DE_TXT.pdf,168,Annexe IV A.IV p.167 ; B.III p.168 ; C.IV p.169,762," weniger als 50  
O 40 und mehr, jedoch weniger als 45  
P weniger als 40  
III. Aufmachung  
▼C2 
Die Schlachtkörper werden ohne Zunge, Borsten, Klauenschuhe, Ge schlechts­
organe, Flomen, Nieren, Zwerchfell und Zwerchfellpfeiler aufgem acht. 
▼B 
IV. Muskelfleischanteil  
1. Der Mus",64a45b265e50b848f0a1ae239b94a1feef40608b69c69c9e5e14f0ffb7328dda,Rubriques/entrées réglementaires parallèles ; seules les formes explicitement listées sont retenues dans chaque langue,EXACT_SOURCE_SUBTERM,edible_offal,edible_offal:NON_VEGAN,,,DEFER_CONTEXT_ONLY,REVIEW_REQUIRED,NO,langue/tongue/tong/Zunge et hartslag sont polysémiques ; abats potentiels mais forme culinaire à sourcer avant alias.,"La source atteste les organes, retirés ou gardés avec les carcasses ; elle ne suffit pas à approuver leurs noms nus comme ingrédients. Les foies alimentaires de M28 fournissent une preuve plus forte.",NONE,,zunge,,NONE,,zunge,NONE,,zunge,,NONE,,zunge,zunge,DE,FAMILY_OR_CURRENT_OWNER_NOT_PROOF_OF_RECOGNITION,BROADER_FAMILY_OR_SPECIFIC_DENOMINATION_REVIEW_REQUIRED,DOCUMENTARY_ONLY,NO_NEW_ALIAS_KEY_PROPOSED,,,,,,,,NOT_PROPOSED_CONTEXT_ONLY,,,,TARGETED_PRIMARY_PDF,02013R1308,2026-08-18,2026-10-06,fc74f08aa87e22c0fe38cf896a1a323c64cbf7ea
M0184,M29,VIANDES,ANATOMY_CONTEXT,DE,DE,Geschlinge,Geschlinge,,CELEX_02013R1308-20260818_DE_TXT.pdf,169,Annexe IV A.IV p.167 ; B.III p.168 ; C.IV p.169,438,"und dem Metatarsus), Schwanz (abgetrennt zwischen d em sechsten 
und siebten Schwanzwirbel), Euter, Geschlechtsorgane, Leber und  Geschlinge. 
Die Nieren und das Nierenfett gehören zum Schlachtkörper.  
Die Mitgliedstaaten dürfen auch andere Aufmachungen zulassen, w enn die Re­
ferenzaufma",64a45b265e50b848f0a1ae239b94a1feef40608b69c69c9e5e14f0ffb7328dda,Rubriques/entrées réglementaires parallèles ; seules les formes explicitement listées sont retenues dans chaque langue,EXACT_SOURCE_SUBTERM,edible_offal,edible_offal:NON_VEGAN,,,DEFER_CONTEXT_ONLY,REVIEW_REQUIRED,NO,langue/tongue/tong/Zunge et hartslag sont polysémiques ; abats potentiels mais forme culinaire à sourcer avant alias.,"La source atteste les organes, retirés ou gardés avec les carcasses ; elle ne suffit pas à approuver leurs noms nus comme ingrédients. Les foies alimentaires de M28 fournissent une preuve plus forte.",NONE,,geschlinge,,NONE,,geschlinge,NONE,,geschlinge,,NONE,,geschlinge,geschlinge,DE,FAMILY_OR_CURRENT_OWNER_NOT_PROOF_OF_RECOGNITION,BROADER_FAMILY_OR_SPECIFIC_DENOMINATION_REVIEW_REQUIRED,DOCUMENTARY_ONLY,NO_NEW_ALIAS_KEY_PROPOSED,,,,,,,,NOT_PROPOSED_CONTEXT_ONLY,,,,TARGETED_PRIMARY_PDF,02013R1308,2026-08-18,2026-10-06,fc74f08aa87e22c0fe38cf896a1a323c64cbf7ea
M0185,M30,VIANDES,ANATOMY_CONTEXT,FR,FR,cuisse,cuisse,,CELEX_02013R1308-20260818_FR_TXT.pdf,166,"Annexe IV A.III.1, conformation de carcasses bovines",1420,"nformation, définie comme suit:  
Développement des profils de la carcasse, et notamment des part ies essen­
tielles de celle-ci (cuisse, dos, épaule)  
Classe de 
conformation Description 
S 
supérieure 
Tous les profils extrêmement convexes; développement 
musculaire exceptionnel ave",5ea4e8f11d1ad1871ae780bbdc05ee4beff9a2283b8876be6bffaec4e73f4a4c,Rubriques/entrées réglementaires parallèles ; seules les formes explicitement listées sont retenues dans chaque langue,EXACT_SOURCE_SUBTERM,meat,meat:NON_VEGAN,,,DEFER_CONTEXT_ONLY,REVIEW_REQUIRED,NO,round/back/rug/dos trop génériques ; ne pas assimiler une conformation ou une classe S/E/U à un ingrédient.,"Vocabulaire anatomique dans un barème de marché, sans preuve de dénomination d'ingrédient. Aucun nouveau concept pour ces profils.",NONE,,cuisse,,NONE,,cuisse,NONE,,cuisse,,NONE,,cuisse,cuisse,FR,FAMILY_OR_CURRENT_OWNER_NOT_PROOF_OF_RECOGNITION,BROADER_FAMILY_OR_SPECIFIC_DENOMINATION_REVIEW_REQUIRED,DOCUMENTARY_ONLY,NO_NEW_ALIAS_KEY_PROPOSED,,,,,,,,NOT_PROPOSED_CONTEXT_ONLY,Cfcb69d3a7c84aa,Cfcb69d3a7c84aa,,BROAD_CSV_AND_PRIMARY_PDF,02013R1308,2026-08-18,2026-10-06,fc74f08aa87e22c0fe38cf896a1a323c64cbf7ea
M0186,M30,VIANDES,ANATOMY_CONTEXT,FR,FR,dos,dos,,CELEX_02013R1308-20260818_FR_TXT.pdf,166,"Annexe IV A.III.1, conformation de carcasses bovines",1428,"on, définie comme suit:  
Développement des profils de la carcasse, et notamment des part ies essen­
tielles de celle-ci (cuisse, dos, épaule)  
Classe de 
conformation Description 
S 
supérieure 
Tous les profils extrêmement convexes; développement 
musculaire exceptionnel avec dou",5ea4e8f11d1ad1871ae780bbdc05ee4beff9a2283b8876be6bffaec4e73f4a4c,Rubriques/entrées réglementaires parallèles ; seules les formes explicitement listées sont retenues dans chaque langue,EXACT_SOURCE_SUBTERM,meat,meat:NON_VEGAN,,,DEFER_CONTEXT_ONLY,REVIEW_REQUIRED,NO,round/back/rug/dos trop génériques ; ne pas assimiler une conformation ou une classe S/E/U à un ingrédient.,"Vocabulaire anatomique dans un barème de marché, sans preuve de dénomination d'ingrédient. Aucun nouveau concept pour ces profils.",NONE,,dos,,NONE,,dos,NONE,,dos,,NONE,,dos,dos,FR,FAMILY_OR_CURRENT_OWNER_NOT_PROOF_OF_RECOGNITION,BROADER_FAMILY_OR_SPECIFIC_DENOMINATION_REVIEW_REQUIRED,DOCUMENTARY_ONLY,NO_NEW_ALIAS_KEY_PROPOSED,,,,,,,,NOT_PROPOSED_CONTEXT_ONLY,,,,TARGETED_PRIMARY_PDF,02013R1308,2026-08-18,2026-10-06,fc74f08aa87e22c0fe38cf896a1a323c64cbf7ea
M0187,M30,VIANDES,ANATOMY_CONTEXT,FR,FR,épaule,épaule,,CELEX_02013R1308-20260818_FR_TXT.pdf,166,"Annexe IV A.III.1, conformation de carcasses bovines",1433,"éfinie comme suit:  
Développement des profils de la carcasse, et notamment des part ies essen­
tielles de celle-ci (cuisse, dos, épaule)  
Classe de 
conformation Description 
S 
supérieure 
Tous les profils extrêmement convexes; développement 
musculaire exceptionnel avec doubles mus",5ea4e8f11d1ad1871ae780bbdc05ee4beff9a2283b8876be6bffaec4e73f4a4c,Rubriques/entrées réglementaires parallèles ; seules les formes explicitement listées sont retenues dans chaque langue,EXACT_SOURCE_SUBTERM,meat,meat:NON_VEGAN,,,DEFER_CONTEXT_ONLY,REVIEW_REQUIRED,NO,round/back/rug/dos trop génériques ; ne pas assimiler une conformation ou une classe S/E/U à un ingrédient.,"Vocabulaire anatomique dans un barème de marché, sans preuve de dénomination d'ingrédient. Aucun nouveau concept pour ces profils.",NONE,,epaule,,NONE,,epaule,NONE,,epaule,,NONE,,epaule,epaule,FR,FAMILY_OR_CURRENT_OWNER_NOT_PROOF_OF_RECOGNITION,BROADER_FAMILY_OR_SPECIFIC_DENOMINATION_REVIEW_REQUIRED,DOCUMENTARY_ONLY,NO_NEW_ALIAS_KEY_PROPOSED,,,,,poulet|veau|veal,,,NOT_PROPOSED_CONTEXT_ONLY,,,,TARGETED_PRIMARY_PDF,02013R1308,2026-08-18,2026-10-06,fc74f08aa87e22c0fe38cf896a1a323c64cbf7ea
M0188,M30,VIANDES,ANATOMY_CONTEXT,NL,NL,stomp,stomp,,CELEX_02013R1308-20260818_NL_TXT.pdf,166,"Annexe IV A.III.1, conformation de carcasses bovines",1517,": 
1. Bevleesdheid, als volgt gedefinieerd:  
Vorm van profielen van het geslachte dier, in het bijzonder de hoogwaardige 
delen (stomp, rug en schouder)  
Vleesklasse Omschrijving  
S 
Superieur 
Alle profielen uiterst rond; uitzonderlijke spierontwik­
keling met dubbele spieren (typ",99ee3d7c91c02249f6ca6ffca15e06cf2e9603ab9718919138dd2a981281bb74,Rubriques/entrées réglementaires parallèles ; seules les formes explicitement listées sont retenues dans chaque langue,EXACT_SOURCE_SUBTERM,meat,meat:NON_VEGAN,,,DEFER_CONTEXT_ONLY,REVIEW_REQUIRED,NO,round/back/rug/dos trop génériques ; ne pas assimiler une conformation ou une classe S/E/U à un ingrédient.,"Vocabulaire anatomique dans un barème de marché, sans preuve de dénomination d'ingrédient. Aucun nouveau concept pour ces profils.",NONE,,stomp,,NONE,,stomp,NONE,,stomp,,NONE,,stomp,stomp,NL,FAMILY_OR_CURRENT_OWNER_NOT_PROOF_OF_RECOGNITION,BROADER_FAMILY_OR_SPECIFIC_DENOMINATION_REVIEW_REQUIRED,DOCUMENTARY_ONLY,NO_NEW_ALIAS_KEY_PROPOSED,,,,,,,,NOT_PROPOSED_CONTEXT_ONLY,Cae4f1678043406,Cae4f1678043406,,BROAD_CSV_AND_PRIMARY_PDF,02013R1308,2026-08-18,2026-10-06,fc74f08aa87e22c0fe38cf896a1a323c64cbf7ea
M0189,M30,VIANDES,ANATOMY_CONTEXT,NL,NL,rug,rug,,CELEX_02013R1308-20260818_NL_TXT.pdf,166,"Annexe IV A.III.1, conformation de carcasses bovines",592," dat verkregen wordt door het sche iden van het hele 
geslachte dier in twee symmetrische delen door het midden van a lle hals-, 
rug-, lende- en staartwervels en door het midden van het borstb een en het 
bekken. 
II. Categorieën  
De runderkarkassen worden verdeeld in de volgende ",99ee3d7c91c02249f6ca6ffca15e06cf2e9603ab9718919138dd2a981281bb74,Rubriques/entrées réglementaires parallèles ; seules les formes explicitement listées sont retenues dans chaque langue,EXACT_SOURCE_SUBTERM,meat,meat:NON_VEGAN,,,DEFER_CONTEXT_ONLY,REVIEW_REQUIRED,NO,round/back/rug/dos trop génériques ; ne pas assimiler une conformation ou une classe S/E/U à un ingrédient.,"Vocabulaire anatomique dans un barème de marché, sans preuve de dénomination d'ingrédient. Aucun nouveau concept pour ces profils.",NONE,,rug,,NONE,,rug,NONE,,rug,,NONE,,rug,rug,NL,FAMILY_OR_CURRENT_OWNER_NOT_PROOF_OF_RECOGNITION,BROADER_FAMILY_OR_SPECIFIC_DENOMINATION_REVIEW_REQUIRED,DOCUMENTARY_ONLY,NO_NEW_ALIAS_KEY_PROPOSED,,,,,,,,NOT_PROPOSED_CONTEXT_ONLY,,,,TARGETED_PRIMARY_PDF,02013R1308,2026-08-18,2026-10-06,fc74f08aa87e22c0fe38cf896a1a323c64cbf7ea
M0190,M30,VIANDES,ANATOMY_CONTEXT,NL,NL,schouder,schouder,,CELEX_02013R1308-20260818_NL_TXT.pdf,166,"Annexe IV A.III.1, conformation de carcasses bovines",1531,"heid, als volgt gedefinieerd:  
Vorm van profielen van het geslachte dier, in het bijzonder de hoogwaardige 
delen (stomp, rug en schouder)  
Vleesklasse Omschrijving  
S 
Superieur 
Alle profielen uiterst rond; uitzonderlijke spierontwik­
keling met dubbele spieren (type dikbil)  
E 
Ui",99ee3d7c91c02249f6ca6ffca15e06cf2e9603ab9718919138dd2a981281bb74,Rubriques/entrées réglementaires parallèles ; seules les formes explicitement listées sont retenues dans chaque langue,EXACT_SOURCE_SUBTERM,meat,meat:NON_VEGAN,,,DEFER_CONTEXT_ONLY,REVIEW_REQUIRED,NO,round/back/rug/dos trop génériques ; ne pas assimiler une conformation ou une classe S/E/U à un ingrédient.,"Vocabulaire anatomique dans un barème de marché, sans preuve de dénomination d'ingrédient. Aucun nouveau concept pour ces profils.",NONE,,schouder,,NONE,,schouder,NONE,,schouder,,NONE,,schouder,schouder,NL,FAMILY_OR_CURRENT_OWNER_NOT_PROOF_OF_RECOGNITION,BROADER_FAMILY_OR_SPECIFIC_DENOMINATION_REVIEW_REQUIRED,DOCUMENTARY_ONLY,NO_NEW_ALIAS_KEY_PROPOSED,,,,,,,,NOT_PROPOSED_CONTEXT_ONLY,,,,TARGETED_PRIMARY_PDF,02013R1308,2026-08-18,2026-10-06,fc74f08aa87e22c0fe38cf896a1a323c64cbf7ea
M0191,M30,VIANDES,ANATOMY_CONTEXT,EN,EN,round,round,,CELEX_02013R1308-20260818_EN_TXT.pdf,166,"Annexe IV A.III.1, conformation de carcasses bovines",1321,"sive assessment of:  
1. Conformation, defined as follows:  
Development of carcass profiles, in particular the essential pa rts (round, back, 
shoulder) 
Conformation class Description  
S 
Superior 
All profiles extremely convex; exceptional muscle 
development (double muscled carca",b5cc2ea8e761cc408cca7f8930de7b2c01c2609f88dcb5a6bdbc4882e4455d11,Rubriques/entrées réglementaires parallèles ; seules les formes explicitement listées sont retenues dans chaque langue,EXACT_SOURCE_SUBTERM,meat,meat:NON_VEGAN,,,DEFER_CONTEXT_ONLY,REVIEW_REQUIRED,NO,round/back/rug/dos trop génériques ; ne pas assimiler une conformation ou une classe S/E/U à un ingrédient.,"Vocabulaire anatomique dans un barème de marché, sans preuve de dénomination d'ingrédient. Aucun nouveau concept pour ces profils.",NONE,,round,,NONE,,round,NONE,,round,,NONE,,round,round,EN,FAMILY_OR_CURRENT_OWNER_NOT_PROOF_OF_RECOGNITION,BROADER_FAMILY_OR_SPECIFIC_DENOMINATION_REVIEW_REQUIRED,DOCUMENTARY_ONLY,NO_NEW_ALIAS_KEY_PROPOSED,,,,,rundvlees,,,NOT_PROPOSED_CONTEXT_ONLY,C01a5c906424549,C01a5c906424549,,BROAD_CSV_AND_PRIMARY_PDF,02013R1308,2026-08-18,2026-10-06,fc74f08aa87e22c0fe38cf896a1a323c64cbf7ea
M0192,M30,VIANDES,ANATOMY_CONTEXT,EN,EN,back,back,,CELEX_02013R1308-20260818_EN_TXT.pdf,166,"Annexe IV A.III.1, conformation de carcasses bovines",1328,"sessment of:  
1. Conformation, defined as follows:  
Development of carcass profiles, in particular the essential pa rts (round, back, 
shoulder) 
Conformation class Description  
S 
Superior 
All profiles extremely convex; exceptional muscle 
development (double muscled carcass typ",b5cc2ea8e761cc408cca7f8930de7b2c01c2609f88dcb5a6bdbc4882e4455d11,Rubriques/entrées réglementaires parallèles ; seules les formes explicitement listées sont retenues dans chaque langue,EXACT_SOURCE_SUBTERM,meat,meat:NON_VEGAN,,,DEFER_CONTEXT_ONLY,REVIEW_REQUIRED,NO,round/back/rug/dos trop génériques ; ne pas assimiler une conformation ou une classe S/E/U à un ingrédient.,"Vocabulaire anatomique dans un barème de marché, sans preuve de dénomination d'ingrédient. Aucun nouveau concept pour ces profils.",NONE,,back,,NONE,,back,NONE,,back,,NONE,,back,back,EN,FAMILY_OR_CURRENT_OWNER_NOT_PROOF_OF_RECOGNITION,BROADER_FAMILY_OR_SPECIFIC_DENOMINATION_REVIEW_REQUIRED,DOCUMENTARY_ONLY,NO_NEW_ALIAS_KEY_PROPOSED,,,,,,,,NOT_PROPOSED_CONTEXT_ONLY,,,,TARGETED_PRIMARY_PDF,02013R1308,2026-08-18,2026-10-06,fc74f08aa87e22c0fe38cf896a1a323c64cbf7ea
M0193,M30,VIANDES,ANATOMY_CONTEXT,EN,EN,shoulder,shoulder,,CELEX_02013R1308-20260818_EN_TXT.pdf,166,"Annexe IV A.III.1, conformation de carcasses bovines",1335,"t of:  
1. Conformation, defined as follows:  
Development of carcass profiles, in particular the essential pa rts (round, back, 
shoulder) 
Conformation class Description  
S 
Superior 
All profiles extremely convex; exceptional muscle 
development (double muscled carcass type)  
E 
Exc",b5cc2ea8e761cc408cca7f8930de7b2c01c2609f88dcb5a6bdbc4882e4455d11,Rubriques/entrées réglementaires parallèles ; seules les formes explicitement listées sont retenues dans chaque langue,EXACT_SOURCE_SUBTERM,meat,meat:NON_VEGAN,,,DEFER_CONTEXT_ONLY,REVIEW_REQUIRED,NO,round/back/rug/dos trop génériques ; ne pas assimiler une conformation ou une classe S/E/U à un ingrédient.,"Vocabulaire anatomique dans un barème de marché, sans preuve de dénomination d'ingrédient. Aucun nouveau concept pour ces profils.",NONE,,shoulder,,NONE,,shoulder,NONE,,shoulder,,NONE,,shoulder,shoulder,EN,FAMILY_OR_CURRENT_OWNER_NOT_PROOF_OF_RECOGNITION,BROADER_FAMILY_OR_SPECIFIC_DENOMINATION_REVIEW_REQUIRED,DOCUMENTARY_ONLY,NO_NEW_ALIAS_KEY_PROPOSED,,,,,poulet,,,NOT_PROPOSED_CONTEXT_ONLY,,,,TARGETED_PRIMARY_PDF,02013R1308,2026-08-18,2026-10-06,fc74f08aa87e22c0fe38cf896a1a323c64cbf7ea
M0194,M30,VIANDES,ANATOMY_CONTEXT,DE,DE,Keule,Keule,,CELEX_02013R1308-20260818_DE_TXT.pdf,166,"Annexe IV A.III.1, conformation de carcasses bovines",1594,"eit entsprechend folgender Definition:  
Entwicklung der Profile der Schlachtkörper und insbesondere ihr er wesentli­
chen Teile (Keule, Rücken und Schulter)  
▼C2 
Fleischigkeitsklasse Beschreibung  
▼B 
Serstklassig Alle Profile äußerst konvex; außergewöhnliche Mus­
kelfülle mit dop",64a45b265e50b848f0a1ae239b94a1feef40608b69c69c9e5e14f0ffb7328dda,Rubriques/entrées réglementaires parallèles ; seules les formes explicitement listées sont retenues dans chaque langue,EXACT_SOURCE_SUBTERM,meat,meat:NON_VEGAN,,,DEFER_CONTEXT_ONLY,REVIEW_REQUIRED,NO,round/back/rug/dos trop génériques ; ne pas assimiler une conformation ou une classe S/E/U à un ingrédient.,"Vocabulaire anatomique dans un barème de marché, sans preuve de dénomination d'ingrédient. Aucun nouveau concept pour ces profils.",NONE,,keule,,NONE,,keule,NONE,,keule,,NONE,,keule,keule,DE,FAMILY_OR_CURRENT_OWNER_NOT_PROOF_OF_RECOGNITION,BROADER_FAMILY_OR_SPECIFIC_DENOMINATION_REVIEW_REQUIRED,DOCUMENTARY_ONLY,NO_NEW_ALIAS_KEY_PROPOSED,,,,,poulet,,,NOT_PROPOSED_CONTEXT_ONLY,Ccd171b64e609ac,Ccd171b64e609ac,,BROAD_CSV_AND_PRIMARY_PDF,02013R1308,2026-08-18,2026-10-06,fc74f08aa87e22c0fe38cf896a1a323c64cbf7ea
M0195,M30,VIANDES,ANATOMY_CONTEXT,DE,DE,Rücken,Rücken,,CELEX_02013R1308-20260818_DE_TXT.pdf,166,"Annexe IV A.III.1, conformation de carcasses bovines",652,"ene Erzeugnis, wobei dieser Schlachtkörper entlang einer sy mmetrischen 
Trennlinie gespalten wird, die in der Mitte jedes Hals-, Rücken - und Lenden­
wirbels sowie in der Mitte des Kreuzbeins und des Brustbeins so wie der 
Symphysis pubica durchgeht.  
II. Kategorien  
Die Rinderschla",64a45b265e50b848f0a1ae239b94a1feef40608b69c69c9e5e14f0ffb7328dda,Rubriques/entrées réglementaires parallèles ; seules les formes explicitement listées sont retenues dans chaque langue,EXACT_SOURCE_SUBTERM,meat,meat:NON_VEGAN,,,DEFER_CONTEXT_ONLY,REVIEW_REQUIRED,NO,round/back/rug/dos trop génériques ; ne pas assimiler une conformation ou une classe S/E/U à un ingrédient.,"Vocabulaire anatomique dans un barème de marché, sans preuve de dénomination d'ingrédient. Aucun nouveau concept pour ces profils.",NONE,,rucken,,NONE,,rucken,NONE,,rucken,,NONE,,rucken,rucken,DE,FAMILY_OR_CURRENT_OWNER_NOT_PROOF_OF_RECOGNITION,BROADER_FAMILY_OR_SPECIFIC_DENOMINATION_REVIEW_REQUIRED,DOCUMENTARY_ONLY,NO_NEW_ALIAS_KEY_PROPOSED,,,,,chicken,,,NOT_PROPOSED_CONTEXT_ONLY,,,,TARGETED_PRIMARY_PDF,02013R1308,2026-08-18,2026-10-06,fc74f08aa87e22c0fe38cf896a1a323c64cbf7ea
M0196,M30,VIANDES,ANATOMY_CONTEXT,DE,DE,Schulter,Schulter,,CELEX_02013R1308-20260818_DE_TXT.pdf,166,"Annexe IV A.III.1, conformation de carcasses bovines",1612,"olgender Definition:  
Entwicklung der Profile der Schlachtkörper und insbesondere ihr er wesentli­
chen Teile (Keule, Rücken und Schulter)  
▼C2 
Fleischigkeitsklasse Beschreibung  
▼B 
Serstklassig Alle Profile äußerst konvex; außergewöhnliche Mus­
kelfülle mit doppelter Bemuskelung (D",64a45b265e50b848f0a1ae239b94a1feef40608b69c69c9e5e14f0ffb7328dda,Rubriques/entrées réglementaires parallèles ; seules les formes explicitement listées sont retenues dans chaque langue,EXACT_SOURCE_SUBTERM,meat,meat:NON_VEGAN,,,DEFER_CONTEXT_ONLY,REVIEW_REQUIRED,NO,round/back/rug/dos trop génériques ; ne pas assimiler une conformation ou une classe S/E/U à un ingrédient.,"Vocabulaire anatomique dans un barème de marché, sans preuve de dénomination d'ingrédient. Aucun nouveau concept pour ces profils.",NONE,,schulter,,NONE,,schulter,NONE,,schulter,,NONE,,schulter,schulter,DE,FAMILY_OR_CURRENT_OWNER_NOT_PROOF_OF_RECOGNITION,BROADER_FAMILY_OR_SPECIFIC_DENOMINATION_REVIEW_REQUIRED,DOCUMENTARY_ONLY,NO_NEW_ALIAS_KEY_PROPOSED,,,,,,,,NOT_PROPOSED_CONTEXT_ONLY,,,,TARGETED_PRIMARY_PDF,02013R1308,2026-08-18,2026-10-06,fc74f08aa87e22c0fe38cf896a1a323c64cbf7ea
M0197,M31,VIANDES,MEAT_PREPARATION,FR,FR,préparation à base de viande de volaille,préparation à base de viande de volaille,préparation à base de viande de volaille,CELEX_02013R1308-20260818_FR_TXT.pdf,186,Annexe VII V.II.5-6 p.186,53," 
02013R1308 — FR — 18.08.2026 — 013.001 — 186  
5) «préparation à base de viande de volaille»: viande de volail le, y compris 
la viande de volaille ayant été réduite en fragments, à laquell e ont été 
ajoutés des denrées alimentaires, des co",5ea4e8f11d1ad1871ae780bbdc05ee4beff9a2283b8876be6bffaec4e73f4a4c,Rubriques/entrées réglementaires parallèles ; seules les formes explicitement listées sont retenues dans chaque langue,EXACT_SOURCE_SUBTERM,poultry_meat_preparation,poultry_meat_preparation:NON_VEGAN,,,ALREADY_COVERED,REVIEW_REQUIRED,NO,Le produit transformé de II.7 est une autre définition ; ne pas le traiter comme un alias exact de la préparation II.5.,Concept déjà présent NON_VEGAN ; état frais et singulier/pluriel n'imposent pas un autre concept. Comparer l'alias complet et le résultat partiel du matcher.,EXACT,poultry_meat_preparation,,poultry_meat_preparation,EXACT,poultry_meat_preparation,,EXACT,poultry_meat_preparation,,poultry_meat_preparation,EXACT,poultry_meat_preparation,,preparation a base de viande de volaille,FR,FAMILY_OR_CURRENT_OWNER_NOT_PROOF_OF_RECOGNITION,BROADER_FAMILY_OR_SPECIFIC_DENOMINATION_REVIEW_REQUIRED,LABEL_CANDIDATE,NO_NEW_ALIAS_KEY_PROPOSED,poultry_meat_preparation,poultry_meat_preparation,poultry_meat_preparation,poultry_meat_preparation:NON_VEGAN,,,,ALREADY_CANONICAL_AND_LANGUAGE_COVERED,C8e4cb8f2aac94d|Cdc133d3ec6d04d,C8e4cb8f2aac94d,,BROAD_CSV_AND_PRIMARY_PDF,02013R1308,2026-08-18,2026-10-06,fc74f08aa87e22c0fe38cf896a1a323c64cbf7ea
M0198,M31,VIANDES,MEAT_PREPARATION,FR,FR,préparation à base de viande de volaille fraîche,préparation à base de viande de volaille fraîche,préparation à base de viande de volaille fraîche,CELEX_02013R1308-20260818_FR_TXT.pdf,186,Annexe VII V.II.5-6 p.186,388," additif s ou qui a 
subi une transformation insuffisante pour modifier à cœur la st ructure 
interne fibreuse des muscles;  
6) «préparation à base de viande de volaille fraîche»: préparat ion à base de 
viande de volaille pour laquelle a été utilisée de la «viande d e volaille 
fraîche». 
Toutefois, les États membres peuvent",5ea4e8f11d1ad1871ae780bbdc05ee4beff9a2283b8876be6bffaec4e73f4a4c,Rubriques/entrées réglementaires parallèles ; seules les formes explicitement listées sont retenues dans chaque langue,EXACT_SOURCE_SUBTERM,poultry_meat_preparation,poultry_meat_preparation:NON_VEGAN,,,PROPOSE_ALIAS_EXISTING,REVIEW_REQUIRED,NO,Le produit transformé de II.7 est une autre définition ; ne pas le traiter comme un alias exact de la préparation II.5.,Concept déjà présent NON_VEGAN ; état frais et singulier/pluriel n'imposent pas un autre concept. Comparer l'alias complet et le résultat partiel du matcher.,PARTIAL_CONTEXTUAL,poultry_meat_preparation,fraiche,,PARTIAL_CONTEXTUAL,poultry_meat_preparation,fraiche,PARTIAL_CONTEXTUAL,poultry_meat_preparation,fraiche,,PARTIAL_CONTEXTUAL,poultry_meat_preparation,fraiche,preparation a base de viande de volaille fraiche,FR,FAMILY_OR_CURRENT_OWNER_NOT_PROOF_OF_RECOGNITION,BROADER_FAMILY_OR_SPECIFIC_DENOMINATION_REVIEW_REQUIRED,LABEL_CANDIDATE,SEMANTIC_OR_LANGUAGE_REVIEW_REQUIRED,,,,poultry_meat_preparation:NON_VEGAN,preparation a base de viande de volaille|preparation de viande de volaille,,poultry_meat_preparation|FR|preparation a base de viande de volaille fraiche,POTENTIAL_NEW_SURFACE,C957954575a6119,C957954575a6119,,BROAD_CSV_AND_PRIMARY_PDF,02013R1308,2026-08-18,2026-10-06,fc74f08aa87e22c0fe38cf896a1a323c64cbf7ea
M0199,M31,VIANDES,MEAT_PREPARATION,NL,NL,Bereiding op basis van pluimveevlees,Bereiding op basis van pluimveevlees,Bereiding op basis van pluimveevlees,CELEX_02013R1308-20260818_NL_TXT.pdf,186,Annexe VII V.II.5-6 p.186,54," 
02013R1308 — NL — 18.08.2026 — 013.001 — 186  
(5) ""Bereiding op basis van pluimveevlees"": pluimveevlees, met inbegrip 
van pluimveevlees dat in kleine stukken is gehakt, waaraan leve nsmid­
delen, kruiden of additieven zijn toegevoegd of",99ee3d7c91c02249f6ca6ffca15e06cf2e9603ab9718919138dd2a981281bb74,Rubriques/entrées réglementaires parallèles ; seules les formes explicitement listées sont retenues dans chaque langue,EXACT_SOURCE_SUBTERM,poultry_meat_preparation,poultry_meat_preparation:NON_VEGAN,,,ALREADY_COVERED,REVIEW_REQUIRED,NO,Le produit transformé de II.7 est une autre définition ; ne pas le traiter comme un alias exact de la préparation II.5.,Concept déjà présent NON_VEGAN ; état frais et singulier/pluriel n'imposent pas un autre concept. Comparer l'alias complet et le résultat partiel du matcher.,EXACT,poultry_meat_preparation,,poultry_meat_preparation,EXACT,poultry_meat_preparation,,EXACT,poultry_meat_preparation,,poultry_meat_preparation,EXACT,poultry_meat_preparation,,bereiding op basis van pluimveevlees,NL,FAMILY_OR_CURRENT_OWNER_NOT_PROOF_OF_RECOGNITION,BROADER_FAMILY_OR_SPECIFIC_DENOMINATION_REVIEW_REQUIRED,LABEL_CANDIDATE,NO_NEW_ALIAS_KEY_PROPOSED,poultry_meat_preparation,poultry_meat_preparation,poultry_meat_preparation,poultry_meat_preparation:NON_VEGAN,,,,ALREADY_CANONICAL_AND_LANGUAGE_COVERED,C8ba6d90c412ed6|Ca08ec62aff6a5f,C8ba6d90c412ed6,,BROAD_CSV_AND_PRIMARY_PDF,02013R1308,2026-08-18,2026-10-06,fc74f08aa87e22c0fe38cf896a1a323c64cbf7ea
M0200,M31,VIANDES,MEAT_PREPARATION,NL,NL,Bereiding op basis van vers pluimveevlees,Bereiding op basis van vers pluimveevlees,Bereiding op basis van vers pluimveevlees,CELEX_02013R1308-20260818_NL_TXT.pdf,186,Annexe VII V.II.5-6 p.186,372,"at een verwerk ing heeft 
ondergaan die niet volstaat om de inwendige spierweefselstructu ur van 
het vlees te veranderen;  
(6) ""Bereiding op basis van vers pluimveevlees"": een bereiding op basis van 
pluimveevlees waarvoor vers vlees van pluimvee is gebruikt.  
De lidstaten kunnen evenwel enigszins afwijkende temperat",99ee3d7c91c02249f6ca6ffca15e06cf2e9603ab9718919138dd2a981281bb74,Rubriques/entrées réglementaires parallèles ; seules les formes explicitement listées sont retenues dans chaque langue,EXACT_SOURCE_SUBTERM,poultry_meat_preparation,poultry_meat_preparation:NON_VEGAN,,,PROPOSE_ALIAS_EXISTING,REVIEW_REQUIRED,NO,Le produit transformé de II.7 est une autre définition ; ne pas le traiter comme un alias exact de la préparation II.5.,Concept déjà présent NON_VEGAN ; état frais et singulier/pluriel n'imposent pas un autre concept. Comparer l'alias complet et le résultat partiel du matcher.,PARTIAL_CONTEXTUAL,meat,bereiding op basis van vers,,PARTIAL_CONTEXTUAL,meat,bereiding op basis van vers,PARTIAL_CONTEXTUAL,meat,bereiding op basis van vers,,PARTIAL_CONTEXTUAL,meat,bereiding op basis van vers,bereiding op basis van vers pluimveevlees,NL,FAMILY_OR_CURRENT_OWNER_NOT_PROOF_OF_RECOGNITION,BROADER_FAMILY_OR_SPECIFIC_DENOMINATION_REVIEW_REQUIRED,LABEL_CANDIDATE,SEMANTIC_OR_LANGUAGE_REVIEW_REQUIRED,,,,meat:NON_VEGAN,bereiding op basis van pluimveevlees,,poultry_meat_preparation|NL|bereiding op basis van vers pluimveevlees,POTENTIAL_NEW_SURFACE,C95909131b088c0,C95909131b088c0,,BROAD_CSV_AND_PRIMARY_PDF,02013R1308,2026-08-18,2026-10-06,fc74f08aa87e22c0fe38cf896a1a323c64cbf7ea
M0201,M31,VIANDES,MEAT_PREPARATION,EN,EN,poultrymeat preparation,poultrymeat preparation,poultrymeat preparation,CELEX_02013R1308-20260818_EN_TXT.pdf,186,Annexe VII V.II.5-6 p.186,54," 
02013R1308 — EN — 18.08.2026 — 013.001 — 186  
(5) ""poultrymeat preparation"" means poultrymeat including poult rymeat that 
has been reduced to fragments, which has had foodstuffs, season ings or 
additives added to it or whi",b5cc2ea8e761cc408cca7f8930de7b2c01c2609f88dcb5a6bdbc4882e4455d11,Rubriques/entrées réglementaires parallèles ; seules les formes explicitement listées sont retenues dans chaque langue,EXACT_SOURCE_SUBTERM,poultry_meat_preparation,poultry_meat_preparation:NON_VEGAN,,,ALREADY_COVERED,REVIEW_REQUIRED,NO,Le produit transformé de II.7 est une autre définition ; ne pas le traiter comme un alias exact de la préparation II.5.,Concept déjà présent NON_VEGAN ; état frais et singulier/pluriel n'imposent pas un autre concept. Comparer l'alias complet et le résultat partiel du matcher.,EXACT,poultry_meat_preparation,,poultry_meat_preparation,EXACT,poultry_meat_preparation,,EXACT,poultry_meat_preparation,,poultry_meat_preparation,EXACT,poultry_meat_preparation,,poultrymeat preparation,EN,FAMILY_OR_CURRENT_OWNER_NOT_PROOF_OF_RECOGNITION,BROADER_FAMILY_OR_SPECIFIC_DENOMINATION_REVIEW_REQUIRED,LABEL_CANDIDATE,NO_NEW_ALIAS_KEY_PROPOSED,poultry_meat_preparation,poultry_meat_preparation,poultry_meat_preparation,poultry_meat_preparation:NON_VEGAN,,,,ALREADY_CANONICAL_AND_LANGUAGE_COVERED,C93648ca84f0a85|Cf5e909b7d3e268,C93648ca84f0a85,,BROAD_CSV_AND_PRIMARY_PDF,02013R1308,2026-08-18,2026-10-06,fc74f08aa87e22c0fe38cf896a1a323c64cbf7ea
M0202,M31,VIANDES,MEAT_PREPARATION,EN,EN,fresh poultrymeat preparation,fresh poultrymeat preparation,fresh poultrymeat preparation,CELEX_02013R1308-20260818_EN_TXT.pdf,186,Annexe VII V.II.5-6 p.186,335,"ves added to it or which has undergone processes insuffic ient to 
modify the internal muscle fibre structure of the meat;  
(6) ""fresh poultrymeat preparation"" means a poultrymeat prepara tion for 
which fresh poultrymeat has been used.  
However, Member States may lay down slightly different temperat ure 
",b5cc2ea8e761cc408cca7f8930de7b2c01c2609f88dcb5a6bdbc4882e4455d11,Rubriques/entrées réglementaires parallèles ; seules les formes explicitement listées sont retenues dans chaque langue,EXACT_SOURCE_SUBTERM,poultry_meat_preparation,poultry_meat_preparation:NON_VEGAN,,,PROPOSE_ALIAS_EXISTING,REVIEW_REQUIRED,NO,Le produit transformé de II.7 est une autre définition ; ne pas le traiter comme un alias exact de la préparation II.5.,Concept déjà présent NON_VEGAN ; état frais et singulier/pluriel n'imposent pas un autre concept. Comparer l'alias complet et le résultat partiel du matcher.,PARTIAL_CONTEXTUAL,poultry_meat_preparation,fresh,,PARTIAL_CONTEXTUAL,poultry_meat_preparation,fresh,PARTIAL_CONTEXTUAL,poultry_meat_preparation,fresh,,PARTIAL_CONTEXTUAL,poultry_meat_preparation,fresh,fresh poultrymeat preparation,EN,FAMILY_OR_CURRENT_OWNER_NOT_PROOF_OF_RECOGNITION,BROADER_FAMILY_OR_SPECIFIC_DENOMINATION_REVIEW_REQUIRED,LABEL_CANDIDATE,SEMANTIC_OR_LANGUAGE_REVIEW_REQUIRED,,,,poultry_meat_preparation:NON_VEGAN,poultrymeat preparation,,poultry_meat_preparation|EN|fresh poultrymeat preparation,POTENTIAL_NEW_SURFACE,C9189c9ffa9d87c,C9189c9ffa9d87c,,BROAD_CSV_AND_PRIMARY_PDF,02013R1308,2026-08-18,2026-10-06,fc74f08aa87e22c0fe38cf896a1a323c64cbf7ea
M0203,M31,VIANDES,MEAT_PREPARATION,DE,DE,Geflügelfleischzubereitungen,Geflügelfleischzubereitungen,Geflügelfleischzubereitungen,CELEX_02013R1308-20260818_DE_TXT.pdf,186,Annexe VII V.II.5-6 p.186,53," 
02013R1308 — DE — 18.08.2026 — 013.001 — 186  
5. ""Geflügelfleischzubereitungen"": Geflügelfleisch, einschließl ich nach Zer­
kleinerung, dem Lebensmittel, Würzstoffe oder Zusatzstoffe zuge geben 
wurden oder das einem Bearbeitung",64a45b265e50b848f0a1ae239b94a1feef40608b69c69c9e5e14f0ffb7328dda,Rubriques/entrées réglementaires parallèles ; seules les formes explicitement listées sont retenues dans chaque langue,EXACT_SOURCE_SUBTERM,poultry_meat_preparation,poultry_meat_preparation:NON_VEGAN,,,ALREADY_COVERED,REVIEW_REQUIRED,NO,Le produit transformé de II.7 est une autre définition ; ne pas le traiter comme un alias exact de la préparation II.5.,Concept déjà présent NON_VEGAN ; état frais et singulier/pluriel n'imposent pas un autre concept. Comparer l'alias complet et le résultat partiel du matcher.,EXACT,poultry_meat_preparation,,poultry_meat_preparation,EXACT,poultry_meat_preparation,,EXACT,poultry_meat_preparation,,poultry_meat_preparation,EXACT,poultry_meat_preparation,,geflugelfleischzubereitungen,DE,FAMILY_OR_CURRENT_OWNER_NOT_PROOF_OF_RECOGNITION,BROADER_FAMILY_OR_SPECIFIC_DENOMINATION_REVIEW_REQUIRED,LABEL_CANDIDATE,NO_NEW_ALIAS_KEY_PROPOSED,poultry_meat_preparation,poultry_meat_preparation,poultry_meat_preparation,poultry_meat_preparation:NON_VEGAN,,,,ALREADY_CANONICAL_AND_LANGUAGE_COVERED,Ce3f94ab9fb0e84,Ce3f94ab9fb0e84,,BROAD_CSV_AND_PRIMARY_PDF,02013R1308,2026-08-18,2026-10-06,fc74f08aa87e22c0fe38cf896a1a323c64cbf7ea
M0204,M31,VIANDES,MEAT_PREPARATION,DE,DE,frische Geflügelfleischzubereitung,frische Geflügelfleischzubereitung,frische Geflügelfleischzubereitung,CELEX_02013R1308-20260818_DE_TXT.pdf,186,Annexe VII V.II.5-6 p.186,350,"Bearbeitungsverfahren unterzogen wurde, d as 
nicht ausreicht, die innere Muskelfaserstruktur des Fleisches z u ver­
ändern; 
6. ""frische Geflügelfleischzubereitung"": Geflügelfleischzuberei tung, für die 
frisches Geflügelfleisch verwendet wurde.  
Die Mitgliedstaaten können jedoch für den notwendigen Mindestze i",64a45b265e50b848f0a1ae239b94a1feef40608b69c69c9e5e14f0ffb7328dda,Rubriques/entrées réglementaires parallèles ; seules les formes explicitement listées sont retenues dans chaque langue,EXACT_SOURCE_SUBTERM,poultry_meat_preparation,poultry_meat_preparation:NON_VEGAN,,,PROPOSE_ALIAS_EXISTING,REVIEW_REQUIRED,NO,Le produit transformé de II.7 est une autre définition ; ne pas le traiter comme un alias exact de la préparation II.5.,Concept déjà présent NON_VEGAN ; état frais et singulier/pluriel n'imposent pas un autre concept. Comparer l'alias complet et le résultat partiel du matcher.,NONE,,frische geflugelfleischzubereitung,,NONE,,frische geflugelfleischzubereitung,NONE,,frische geflugelfleischzubereitung,,NONE,,frische geflugelfleischzubereitung,frische geflugelfleischzubereitung,DE,FAMILY_OR_CURRENT_OWNER_NOT_PROOF_OF_RECOGNITION,BROADER_FAMILY_OR_SPECIFIC_DENOMINATION_REVIEW_REQUIRED,LABEL_CANDIDATE,SEMANTIC_OR_LANGUAGE_REVIEW_REQUIRED,,,,,geflugelfleischzubereitungen,,poultry_meat_preparation|DE|frische geflugelfleischzubereitung,POTENTIAL_NEW_SURFACE,Ca136493b2dd40f,Ca136493b2dd40f,,BROAD_CSV_AND_PRIMARY_PDF,02013R1308,2026-08-18,2026-10-06,fc74f08aa87e22c0fe38cf896a1a323c64cbf7ea
M0205,M32,VIANDES,PROCESSED_MEAT,FR,FR,produit à base de viande de volaille,produit à base de viande de volaille,produit à base de viande de volaille,CELEX_02013R1308-20260818_FR_TXT.pdf,186,Annexe VII V.II.7 p.186,903,"page et la manipulation réalisés dans l'usine pendant la p roduction 
de préparations à base de viande de volaille fraîche;  
7) «produit à base de viande de volaille»: produit à base de vi ande tel que 
défini à l'annexe I, point 7.1, du règlement (CE) n  o 853/2004, pour 
lequel a été utilisée de la viande de vol",5ea4e8f11d1ad1871ae780bbdc05ee4beff9a2283b8876be6bffaec4e73f4a4c,Rubriques/entrées réglementaires parallèles ; seules les formes explicitement listées sont retenues dans chaque langue,EXACT_SOURCE_SUBTERM,meat|poultry_meat_preparation,meat:NON_VEGAN|poultry_meat_preparation:NON_VEGAN,poultry_meat_product,NON_ATTRIBUE_CONCEPT_ABSENT,PROPOSE_DISTINCT_CONCEPT,REVIEW_REQUIRED,NO,FR/EN contiennent une viande générique reconnue ; NL/DE sont des mots composés. Une correspondance partielle n'est pas une identité avec la préparation.,"II.7 distingue explicitement le produit à base de viande de la préparation II.5 : concept distinct justifié, sans importer le contenu de 853/2004 non fourni.",PARTIAL_CONTEXTUAL,meat,produit a base de,,PARTIAL_CONTEXTUAL,meat,produit a base de,PARTIAL_CONTEXTUAL,meat,produit a base de,,PARTIAL_CONTEXTUAL,meat,produit a base de,produit a base de viande de volaille,FR,FAMILY_OR_CURRENT_OWNER_NOT_PROOF_OF_RECOGNITION,BROADER_FAMILY_OR_SPECIFIC_DENOMINATION_REVIEW_REQUIRED,LABEL_CANDIDATE,SEMANTIC_OR_LANGUAGE_REVIEW_REQUIRED,,,,meat:NON_VEGAN,preparation a base de viande de volaille|preparation de viande de volaille|viande de volaille,,poultry_meat_product|FR|produit a base de viande de volaille,POTENTIAL_NEW_SURFACE,C9c90cb026ddeb3,C9c90cb026ddeb3,,BROAD_CSV_AND_PRIMARY_PDF,02013R1308,2026-08-18,2026-10-06,fc74f08aa87e22c0fe38cf896a1a323c64cbf7ea
M0206,M32,VIANDES,PROCESSED_MEAT,NL,NL,Pluimveevleesproduct,Pluimveevleesproduct,Pluimveevleesproduct,CELEX_02013R1308-20260818_NL_TXT.pdf,186,Annexe VII V.II.7 p.186,783,"or het behandelen en uitsnijden in de fabriek tijdens de pro­
ductie van bereidingen op basis van vers vlees van pluimvee;  
(7) ""Pluimveevleesproduct"": een vleesproduct als omschreven in bijlage I, 
punt 7.1, van Verordening (EG) nr. 853/2004, waarvoor pluimveev lees 
is gebruikt.  
III Vlees van p",99ee3d7c91c02249f6ca6ffca15e06cf2e9603ab9718919138dd2a981281bb74,Rubriques/entrées réglementaires parallèles ; seules les formes explicitement listées sont retenues dans chaque langue,EXACT_SOURCE_SUBTERM,meat|poultry_meat_preparation,meat:NON_VEGAN|poultry_meat_preparation:NON_VEGAN,poultry_meat_product,NON_ATTRIBUE_CONCEPT_ABSENT,PROPOSE_DISTINCT_CONCEPT,REVIEW_REQUIRED,NO,FR/EN contiennent une viande générique reconnue ; NL/DE sont des mots composés. Une correspondance partielle n'est pas une identité avec la préparation.,"II.7 distingue explicitement le produit à base de viande de la préparation II.5 : concept distinct justifié, sans importer le contenu de 853/2004 non fourni.",NONE,,pluimveevleesproduct,,NONE,,pluimveevleesproduct,NONE,,pluimveevleesproduct,,NONE,,pluimveevleesproduct,pluimveevleesproduct,NL,FAMILY_OR_CURRENT_OWNER_NOT_PROOF_OF_RECOGNITION,BROADER_FAMILY_OR_SPECIFIC_DENOMINATION_REVIEW_REQUIRED,LABEL_CANDIDATE,SEMANTIC_OR_LANGUAGE_REVIEW_REQUIRED,,,,,pluimveevlees,,poultry_meat_product|NL|pluimveevleesproduct,POTENTIAL_NEW_SURFACE,C93ba9d7b02fee9,C93ba9d7b02fee9,,BROAD_CSV_AND_PRIMARY_PDF,02013R1308,2026-08-18,2026-10-06,fc74f08aa87e22c0fe38cf896a1a323c64cbf7ea
M0207,M32,VIANDES,PROCESSED_MEAT,EN,EN,poultrymeat product,poultrymeat product,poultrymeat product,CELEX_02013R1308-20260818_EN_TXT.pdf,186,Annexe VII V.II.7 p.186,748,"o facilitate the cutting and hand ling 
performed in the factory during the production of fresh poultry meat 
preparations; 
(7) ""poultrymeat product"" means a meat product as defined in po int 7.1 of 
Annex I to Regulation (EC) No 853/2004 for which poultrymeat ha s 
been used.  
III. Poultrymeat a",b5cc2ea8e761cc408cca7f8930de7b2c01c2609f88dcb5a6bdbc4882e4455d11,Rubriques/entrées réglementaires parallèles ; seules les formes explicitement listées sont retenues dans chaque langue,EXACT_SOURCE_SUBTERM,meat|poultry_meat_preparation,meat:NON_VEGAN|poultry_meat_preparation:NON_VEGAN,poultry_meat_product,NON_ATTRIBUE_CONCEPT_ABSENT,PROPOSE_DISTINCT_CONCEPT,REVIEW_REQUIRED,NO,FR/EN contiennent une viande générique reconnue ; NL/DE sont des mots composés. Une correspondance partielle n'est pas une identité avec la préparation.,"II.7 distingue explicitement le produit à base de viande de la préparation II.5 : concept distinct justifié, sans importer le contenu de 853/2004 non fourni.",PARTIAL_CONTEXTUAL,meat,product,,PARTIAL_CONTEXTUAL,meat,product,PARTIAL_CONTEXTUAL,meat,product,,PARTIAL_CONTEXTUAL,meat,product,poultrymeat product,EN,FAMILY_OR_CURRENT_OWNER_NOT_PROOF_OF_RECOGNITION,BROADER_FAMILY_OR_SPECIFIC_DENOMINATION_REVIEW_REQUIRED,LABEL_CANDIDATE,SEMANTIC_OR_LANGUAGE_REVIEW_REQUIRED,,,,meat:NON_VEGAN,poultrymeat|poultrymeat preparation,,poultry_meat_product|EN|poultrymeat product,POTENTIAL_NEW_SURFACE,Cb2dcc50b688cd0,Cb2dcc50b688cd0,,BROAD_CSV_AND_PRIMARY_PDF,02013R1308,2026-08-18,2026-10-06,fc74f08aa87e22c0fe38cf896a1a323c64cbf7ea
M0208,M32,VIANDES,PROCESSED_MEAT,DE,DE,Geflügelfleischerzeugnis,Geflügelfleischerzeugnis,Geflügelfleischerzeugnis,CELEX_02013R1308-20260818_DE_TXT.pdf,186,Annexe VII V.II.7 p.186,792,"m Zug e 
der Herstellung von frischen Geflügelfleischzubereitungen erfol genden 
Zerlegung und Handhabung erforderlich ist;  
7. ""Geflügelfleischerzeugnis"": Fleischerzeugnis nach der Begrif fsbestim­
mung in Anhang I Nummer 7.1 der Verordnung (EG) Nr. 853/2004, 
für das Geflügelfleisch verwendet wurde. ",64a45b265e50b848f0a1ae239b94a1feef40608b69c69c9e5e14f0ffb7328dda,Rubriques/entrées réglementaires parallèles ; seules les formes explicitement listées sont retenues dans chaque langue,EXACT_SOURCE_SUBTERM,meat|poultry_meat_preparation,meat:NON_VEGAN|poultry_meat_preparation:NON_VEGAN,poultry_meat_product,NON_ATTRIBUE_CONCEPT_ABSENT,PROPOSE_DISTINCT_CONCEPT,REVIEW_REQUIRED,NO,FR/EN contiennent une viande générique reconnue ; NL/DE sont des mots composés. Une correspondance partielle n'est pas une identité avec la préparation.,"II.7 distingue explicitement le produit à base de viande de la préparation II.5 : concept distinct justifié, sans importer le contenu de 853/2004 non fourni.",NONE,,geflugelfleischerzeugnis,,NONE,,geflugelfleischerzeugnis,NONE,,geflugelfleischerzeugnis,,NONE,,geflugelfleischerzeugnis,geflugelfleischerzeugnis,DE,FAMILY_OR_CURRENT_OWNER_NOT_PROOF_OF_RECOGNITION,BROADER_FAMILY_OR_SPECIFIC_DENOMINATION_REVIEW_REQUIRED,LABEL_CANDIDATE,SEMANTIC_OR_LANGUAGE_REVIEW_REQUIRED,,,,,geflugelfleisch|geflugelfleischzubereitungen,,poultry_meat_product|DE|geflugelfleischerzeugnis,POTENTIAL_NEW_SURFACE,Cb8303bd6212344,Cb8303bd6212344,,BROAD_CSV_AND_PRIMARY_PDF,02013R1308,2026-08-18,2026-10-06,fc74f08aa87e22c0fe38cf896a1a323c64cbf7ea
M0209,M33,VIANDES,MEAT_DERIVATIVE,FR,FR,Extraits et jus de viande,Extraits et jus de viande,,CELEX_02013R1308-20260818_FR_TXT.pdf,154,Annexe I XXIV section 1 NC ex1603 00,2893,"s contenant de la viande ou des abats  de l'espèce bovine:  
1602 90 99 – – – – – – autres que d'ovins ou de caprins  
ex 1603 00 Extraits et jus de viande  
1801 00 00 Cacao en fèves et brisures de fèves, bruts ou torréf iés 
1802 00 00 Coques, pellicules (pelures) et autres déchets de ca cao 
▼B",5ea4e8f11d1ad1871ae780bbdc05ee4beff9a2283b8876be6bffaec4e73f4a4c,Rubriques/entrées réglementaires parallèles ; seules les formes explicitement listées sont retenues dans chaque langue,EXACT_SOURCE_SUBTERM,meat,meat:NON_VEGAN,meat_extract,NON_ATTRIBUE_CONCEPT_ABSENT,DEFER_COMPOSITE_OR_TAXON_ALIAS,REVIEW_REQUIRED,NO,"Une liste de deux produits n'est pas le nom de chacun. Extrait de plante, arôme ou bouillon ne peut être rattaché ici sans preuve complémentaire.","Produit dérivé distinct de la chair. Le texte fournit un libellé collectif : concept proposé, mais aucun alias extrait/extract nu ni expression reconstruite extrait de viande n'est retenu.",PARTIAL_CONTEXTUAL,meat,extraits et jus de,,PARTIAL_CONTEXTUAL,meat,extraits et jus de,PARTIAL_CONTEXTUAL,meat,extraits et jus de,,PARTIAL_CONTEXTUAL,meat,extraits et jus de,extraits et jus de viande,FR,FAMILY_OR_CURRENT_OWNER_NOT_PROOF_OF_RECOGNITION,BROADER_FAMILY_OR_SPECIFIC_DENOMINATION_REVIEW_REQUIRED,LOW_SOURCE_CATEGORY,NO_NEW_ALIAS_KEY_PROPOSED,,,,meat:NON_VEGAN,,,,NOT_PROPOSED_CONTEXT_ONLY,Cba004a049b1d8f,Cba004a049b1d8f,,BROAD_CSV_AND_PRIMARY_PDF,02013R1308,2026-08-18,2026-10-06,fc74f08aa87e22c0fe38cf896a1a323c64cbf7ea
M0210,M33,VIANDES,MEAT_DERIVATIVE,NL,NL,Extracten en sappen van vlees,Extracten en sappen van vlees,,CELEX_02013R1308-20260818_NL_TXT.pdf,154,Annexe I XXIV section 1 NC ex1603 00,2881,"re dan vlees of slachtafvallen van runderen bevat tend: 
1602 90 99 – – – – – – Andere dan van schapen of van geiten  
ex 1603 00 Extracten en sappen van vlees  
1801 00 00 Cacaobonen, ook indien gebroken, al dan niet gebrand  
1802 00 00 Cacaodoppen, cacaoschillen, cacaovliezen en andere a fvallen van cacao",99ee3d7c91c02249f6ca6ffca15e06cf2e9603ab9718919138dd2a981281bb74,Rubriques/entrées réglementaires parallèles ; seules les formes explicitement listées sont retenues dans chaque langue,EXACT_SOURCE_SUBTERM,meat,meat:NON_VEGAN,meat_extract,NON_ATTRIBUE_CONCEPT_ABSENT,DEFER_COMPOSITE_OR_TAXON_ALIAS,REVIEW_REQUIRED,NO,"Une liste de deux produits n'est pas le nom de chacun. Extrait de plante, arôme ou bouillon ne peut être rattaché ici sans preuve complémentaire.","Produit dérivé distinct de la chair. Le texte fournit un libellé collectif : concept proposé, mais aucun alias extrait/extract nu ni expression reconstruite extrait de viande n'est retenu.",PARTIAL_CONTEXTUAL,meat,extracten en sappen van,,PARTIAL_CONTEXTUAL,meat,extracten en sappen van,PARTIAL_CONTEXTUAL,meat,extracten en sappen van,,PARTIAL_CONTEXTUAL,meat,extracten en sappen van,extracten en sappen van vlees,NL,FAMILY_OR_CURRENT_OWNER_NOT_PROOF_OF_RECOGNITION,BROADER_FAMILY_OR_SPECIFIC_DENOMINATION_REVIEW_REQUIRED,LOW_SOURCE_CATEGORY,NO_NEW_ALIAS_KEY_PROPOSED,,,,meat:NON_VEGAN,schapen en geitenvlees,,,NOT_PROPOSED_CONTEXT_ONLY,C7cd2d33abe383b,C7cd2d33abe383b,,BROAD_CSV_AND_PRIMARY_PDF,02013R1308,2026-08-18,2026-10-06,fc74f08aa87e22c0fe38cf896a1a323c64cbf7ea
M0211,M33,VIANDES,MEAT_DERIVATIVE,EN,EN,Extracts and juices of meat,Extracts and juices of meat,,CELEX_02013R1308-20260818_EN_TXT.pdf,154,Annexe I XXIV section 1 NC ex1603 00,2522,"swine:  
– – – – – Other than containing bovine meat or offal:  
1602 90 99 – – – – – – Other than of sheep or goats  
ex 1603 00 Extracts and juices of meat  
1801 00 00 Cocoa beans, whole or broken, raw or roasted  
1802 00 00 Cocoa shells, husks, skins and other cocoa waste  
▼B",b5cc2ea8e761cc408cca7f8930de7b2c01c2609f88dcb5a6bdbc4882e4455d11,Rubriques/entrées réglementaires parallèles ; seules les formes explicitement listées sont retenues dans chaque langue,EXACT_SOURCE_SUBTERM,meat,meat:NON_VEGAN,meat_extract,NON_ATTRIBUE_CONCEPT_ABSENT,DEFER_COMPOSITE_OR_TAXON_ALIAS,REVIEW_REQUIRED,NO,"Une liste de deux produits n'est pas le nom de chacun. Extrait de plante, arôme ou bouillon ne peut être rattaché ici sans preuve complémentaire.","Produit dérivé distinct de la chair. Le texte fournit un libellé collectif : concept proposé, mais aucun alias extrait/extract nu ni expression reconstruite extrait de viande n'est retenu.",PARTIAL_CONTEXTUAL,meat,extracts and juices of,,PARTIAL_CONTEXTUAL,meat,extracts and juices of,PARTIAL_CONTEXTUAL,meat,extracts and juices of,,PARTIAL_CONTEXTUAL,meat,extracts and juices of,extracts and juices of meat,EN,FAMILY_OR_CURRENT_OWNER_NOT_PROOF_OF_RECOGNITION,BROADER_FAMILY_OR_SPECIFIC_DENOMINATION_REVIEW_REQUIRED,LOW_SOURCE_CATEGORY,NO_NEW_ALIAS_KEY_PROPOSED,,,,meat:NON_VEGAN,,,,NOT_PROPOSED_CONTEXT_ONLY,C3db6bb9662edbc,C3db6bb9662edbc,,BROAD_CSV_AND_PRIMARY_PDF,02013R1308,2026-08-18,2026-10-06,fc74f08aa87e22c0fe38cf896a1a323c64cbf7ea
M0212,M33,VIANDES,MEAT_DERIVATIVE,DE,DE,Extrakte und Säfte von Fleisch,Extrakte und Säfte von Fleisch,,CELEX_02013R1308-20260818_DE_TXT.pdf,154,Annexe I XXIV section 1 NC ex1603 00,2764,"ch oder Schlachtnebenerze ugnisse von Rindern 
enthalten: 
1602 90 99 – – – – – – andere als von Schafen oder Ziegen  
ex 1603 00 Extrakte und Säfte von Fleisch  
1801 00 00 Kakao, Kakaobohnen und Kakaobohnenbruch; roh oder ge röstet 
1802 00 00 Kakaoschalen, Kakaohäutchen und anderer Kakaoabfall  
▼B",64a45b265e50b848f0a1ae239b94a1feef40608b69c69c9e5e14f0ffb7328dda,Rubriques/entrées réglementaires parallèles ; seules les formes explicitement listées sont retenues dans chaque langue,EXACT_SOURCE_SUBTERM,meat,meat:NON_VEGAN,meat_extract,NON_ATTRIBUE_CONCEPT_ABSENT,DEFER_COMPOSITE_OR_TAXON_ALIAS,REVIEW_REQUIRED,NO,"Une liste de deux produits n'est pas le nom de chacun. Extrait de plante, arôme ou bouillon ne peut être rattaché ici sans preuve complémentaire.","Produit dérivé distinct de la chair. Le texte fournit un libellé collectif : concept proposé, mais aucun alias extrait/extract nu ni expression reconstruite extrait de viande n'est retenu.",NONE,,extrakte und safte von fleisch,,NONE,,extrakte und safte von fleisch,NONE,,extrakte und safte von fleisch,,NONE,,extrakte und safte von fleisch,extrakte und safte von fleisch,DE,FAMILY_OR_CURRENT_OWNER_NOT_PROOF_OF_RECOGNITION,BROADER_FAMILY_OR_SPECIFIC_DENOMINATION_REVIEW_REQUIRED,LOW_SOURCE_CATEGORY,NO_NEW_ALIAS_KEY_PROPOSED,,,,,schaf und ziegenfleisch,,,NOT_PROPOSED_CONTEXT_ONLY,C21e7a8916f4653,C21e7a8916f4653,,BROAD_CSV_AND_PRIMARY_PDF,02013R1308,2026-08-18,2026-10-06,fc74f08aa87e22c0fe38cf896a1a323c64cbf7ea
M0213,M34,VIANDES,MEAT_DERIVATIVE,FR,FR,jus de viande,jus de viande,jus de viande,CELEX_02013R1308-20260818_FR_TXT.pdf,154,"Annexe I XXIV section 1 NC ex1603 00, second élément",2905,"de la viande ou des abats  de l'espèce bovine:  
1602 90 99 – – – – – – autres que d'ovins ou de caprins  
ex 1603 00 Extraits et jus de viande  
1801 00 00 Cacao en fèves et brisures de fèves, bruts ou torréf iés 
1802 00 00 Coques, pellicules (pelures) et autres déchets de ca cao 
▼B",5ea4e8f11d1ad1871ae780bbdc05ee4beff9a2283b8876be6bffaec4e73f4a4c,Rubriques/entrées réglementaires parallèles ; seules les formes explicitement listées sont retenues dans chaque langue,EXACT_SOURCE_SUBTERM,meat,meat:NON_VEGAN,meat_juice,NON_ATTRIBUE_CONCEPT_ABSENT,PROPOSE_DISTINCT_CONCEPT,REVIEW_REQUIRED,NO,Les termes jus/juice seuls sont trop larges ; toute qualifier/arôme et viande alternative doivent être revus.,Sous-terme complet avec son complément viande réellement présent. Dérivé liquide à distinguer des extraits concentrés ; aucune invention jus de boeuf ou bouillon.,PARTIAL_CONTEXTUAL,meat,jus de,,PARTIAL_CONTEXTUAL,meat,jus de,PARTIAL_CONTEXTUAL,meat,jus de,,PARTIAL_CONTEXTUAL,meat,jus de,jus de viande,FR,FAMILY_OR_CURRENT_OWNER_NOT_PROOF_OF_RECOGNITION,BROADER_FAMILY_OR_SPECIFIC_DENOMINATION_REVIEW_REQUIRED,LABEL_CANDIDATE,SEMANTIC_OR_LANGUAGE_REVIEW_REQUIRED,,,,meat:NON_VEGAN,viande,,meat_juice|FR|jus de viande,POTENTIAL_NEW_SURFACE,,Cba004a049b1d8f,,BROAD_CSV_AND_PRIMARY_PDF,02013R1308,2026-08-18,2026-10-06,fc74f08aa87e22c0fe38cf896a1a323c64cbf7ea
M0214,M34,VIANDES,MEAT_DERIVATIVE,NL,NL,sappen van vlees,sappen van vlees,sappen van vlees,CELEX_02013R1308-20260818_NL_TXT.pdf,154,"Annexe I XXIV section 1 NC ex1603 00, second élément",2894,"of slachtafvallen van runderen bevat tend: 
1602 90 99 – – – – – – Andere dan van schapen of van geiten  
ex 1603 00 Extracten en sappen van vlees  
1801 00 00 Cacaobonen, ook indien gebroken, al dan niet gebrand  
1802 00 00 Cacaodoppen, cacaoschillen, cacaovliezen en andere a fvallen van cacao",99ee3d7c91c02249f6ca6ffca15e06cf2e9603ab9718919138dd2a981281bb74,Rubriques/entrées réglementaires parallèles ; seules les formes explicitement listées sont retenues dans chaque langue,EXACT_SOURCE_SUBTERM,meat,meat:NON_VEGAN,meat_juice,NON_ATTRIBUE_CONCEPT_ABSENT,PROPOSE_DISTINCT_CONCEPT,REVIEW_REQUIRED,NO,Les termes jus/juice seuls sont trop larges ; toute qualifier/arôme et viande alternative doivent être revus.,Sous-terme complet avec son complément viande réellement présent. Dérivé liquide à distinguer des extraits concentrés ; aucune invention jus de boeuf ou bouillon.,PARTIAL_CONTEXTUAL,meat,sappen van,,PARTIAL_CONTEXTUAL,meat,sappen van,PARTIAL_CONTEXTUAL,meat,sappen van,,PARTIAL_CONTEXTUAL,meat,sappen van,sappen van vlees,NL,FAMILY_OR_CURRENT_OWNER_NOT_PROOF_OF_RECOGNITION,BROADER_FAMILY_OR_SPECIFIC_DENOMINATION_REVIEW_REQUIRED,LABEL_CANDIDATE,SEMANTIC_OR_LANGUAGE_REVIEW_REQUIRED,,,,meat:NON_VEGAN,schapen en geitenvlees|varkensvlees,,meat_juice|NL|sappen van vlees,POTENTIAL_NEW_SURFACE,,C7cd2d33abe383b,,BROAD_CSV_AND_PRIMARY_PDF,02013R1308,2026-08-18,2026-10-06,fc74f08aa87e22c0fe38cf896a1a323c64cbf7ea
M0215,M34,VIANDES,MEAT_DERIVATIVE,EN,EN,juices of meat,juices of meat,juices of meat,CELEX_02013R1308-20260818_EN_TXT.pdf,154,"Annexe I XXIV section 1 NC ex1603 00, second élément",2535,"– – – Other than containing bovine meat or offal:  
1602 90 99 – – – – – – Other than of sheep or goats  
ex 1603 00 Extracts and juices of meat  
1801 00 00 Cocoa beans, whole or broken, raw or roasted  
1802 00 00 Cocoa shells, husks, skins and other cocoa waste  
▼B",b5cc2ea8e761cc408cca7f8930de7b2c01c2609f88dcb5a6bdbc4882e4455d11,Rubriques/entrées réglementaires parallèles ; seules les formes explicitement listées sont retenues dans chaque langue,EXACT_SOURCE_SUBTERM,meat,meat:NON_VEGAN,meat_juice,NON_ATTRIBUE_CONCEPT_ABSENT,PROPOSE_DISTINCT_CONCEPT,REVIEW_REQUIRED,NO,Les termes jus/juice seuls sont trop larges ; toute qualifier/arôme et viande alternative doivent être revus.,Sous-terme complet avec son complément viande réellement présent. Dérivé liquide à distinguer des extraits concentrés ; aucune invention jus de boeuf ou bouillon.,PARTIAL_CONTEXTUAL,meat,juices of,,PARTIAL_CONTEXTUAL,meat,juices of,PARTIAL_CONTEXTUAL,meat,juices of,,PARTIAL_CONTEXTUAL,meat,juices of,juices of meat,EN,FAMILY_OR_CURRENT_OWNER_NOT_PROOF_OF_RECOGNITION,BROADER_FAMILY_OR_SPECIFIC_DENOMINATION_REVIEW_REQUIRED,LABEL_CANDIDATE,SEMANTIC_OR_LANGUAGE_REVIEW_REQUIRED,,,,meat:NON_VEGAN,,,meat_juice|EN|juices of meat,POTENTIAL_NEW_SURFACE,,C3db6bb9662edbc,,BROAD_CSV_AND_PRIMARY_PDF,02013R1308,2026-08-18,2026-10-06,fc74f08aa87e22c0fe38cf896a1a323c64cbf7ea
M0216,M34,VIANDES,MEAT_DERIVATIVE,DE,DE,Säfte von Fleisch,Säfte von Fleisch,Säfte von Fleisch,CELEX_02013R1308-20260818_DE_TXT.pdf,154,"Annexe I XXIV section 1 NC ex1603 00, second élément",2777,"chtnebenerze ugnisse von Rindern 
enthalten: 
1602 90 99 – – – – – – andere als von Schafen oder Ziegen  
ex 1603 00 Extrakte und Säfte von Fleisch  
1801 00 00 Kakao, Kakaobohnen und Kakaobohnenbruch; roh oder ge röstet 
1802 00 00 Kakaoschalen, Kakaohäutchen und anderer Kakaoabfall  
▼B",64a45b265e50b848f0a1ae239b94a1feef40608b69c69c9e5e14f0ffb7328dda,Rubriques/entrées réglementaires parallèles ; seules les formes explicitement listées sont retenues dans chaque langue,EXACT_SOURCE_SUBTERM,meat,meat:NON_VEGAN,meat_juice,NON_ATTRIBUE_CONCEPT_ABSENT,PROPOSE_DISTINCT_CONCEPT,REVIEW_REQUIRED,NO,Les termes jus/juice seuls sont trop larges ; toute qualifier/arôme et viande alternative doivent être revus.,Sous-terme complet avec son complément viande réellement présent. Dérivé liquide à distinguer des extraits concentrés ; aucune invention jus de boeuf ou bouillon.,NONE,,safte von fleisch,,NONE,,safte von fleisch,NONE,,safte von fleisch,,NONE,,safte von fleisch,safte von fleisch,DE,FAMILY_OR_CURRENT_OWNER_NOT_PROOF_OF_RECOGNITION,BROADER_FAMILY_OR_SPECIFIC_DENOMINATION_REVIEW_REQUIRED,LABEL_CANDIDATE,SEMANTIC_OR_LANGUAGE_REVIEW_REQUIRED,,,,,schaf und ziegenfleisch|schweinefleisch|rindfleisch,,meat_juice|DE|safte von fleisch,POTENTIAL_NEW_SURFACE,,C21e7a8916f4653,,BROAD_CSV_AND_PRIMARY_PDF,02013R1308,2026-08-18,2026-10-06,fc74f08aa87e22c0fe38cf896a1a323c64cbf7ea
M0217,M35,VIANDES,COLLECTIVE_MEAT_DERIVATIVE,FR,FR,"Farines et poudres, comestibles, de viande ou d'abat s","Farines et poudres, comestibles, de viande ou d'abats",,CELEX_02013R1308-20260818_FR_TXT.pdf,143,Annexe I XV NC0210 99 90 p.143 ; XXIV ex0210 p.149,1333,"ovine, salées ou en sa umure, séchées ou fumées  
0210 99 51 Onglets et hampes, salés ou en saumure, séchés ou fu més 
0210 99 90 Farines et poudres, comestibles, de viande ou d'abat s 
1602 50 10 Autres préparations et conserves de viande ou d'abat s de l'espèce bovine non cuits; mélanges 
de viande ou d'abats cuits et de viande ou",5ea4e8f11d1ad1871ae780bbdc05ee4beff9a2283b8876be6bffaec4e73f4a4c,Rubriques/entrées réglementaires parallèles ; seules les formes explicitement listées sont retenues dans chaque langue,SOURCE_TEXT_WITH_LAYOUT_REPAIR,meat|edible_offal,meat:NON_VEGAN|edible_offal:NON_VEGAN,,,DEFER_CONTEXT_ONLY,REVIEW_REQUIRED,NO,Farine/meel/mehl et meals nus provoqueraient des collisions végétales ; risque élevé avec la segmentation NC du CSV large.,"Catégorie alimentaire attestée, mais libellé collectif long et variantes de matière. Conserver en revue basse priorité avant de décider un nom d'ingrédient distinct.",PARTIAL_CONTEXTUAL,meat,farines et poudres comestibles de ou d abat s,,PARTIAL_CONTEXTUAL,meat,farines et poudres comestibles de ou d abat s,PARTIAL_CONTEXTUAL,meat,farines et poudres comestibles de ou d abats,,PARTIAL_CONTEXTUAL,meat,farines et poudres comestibles de ou d abats,farines et poudres comestibles de viande ou d abats,FR,FAMILY_OR_CURRENT_OWNER_NOT_PROOF_OF_RECOGNITION,BROADER_FAMILY_OR_SPECIFIC_DENOMINATION_REVIEW_REQUIRED,LOW_SOURCE_CATEGORY,NO_NEW_ALIAS_KEY_PROPOSED,,,,meat:NON_VEGAN,abats comestibles des animaux de l espece bovine,,,NOT_PROPOSED_CONTEXT_ONLY,,,,TARGETED_PRIMARY_PDF,02013R1308,2026-08-18,2026-10-06,fc74f08aa87e22c0fe38cf896a1a323c64cbf7ea
M0218,M35,VIANDES,COLLECTIVE_MEAT_DERIVATIVE,NL,NL,Eetbaar meel en eetbaar poeder van vlees of van slac htafvallen,Eetbaar meel en eetbaar poeder van vlees of van slachtafvallen,,CELEX_02013R1308-20260818_NL_TXT.pdf,143,Annexe I XV NC0210 99 90 p.143 ; XXIV ex0210 p.149,1203," gezouten, gepekeld, gedroogd of ger ookt 
0210 99 51 Longhaasjes en omlopen, gezouten gepekeld, gedroogd of gerookt  
0210 99 90 Eetbaar meel en eetbaar poeder van vlees of van slac htafvallen 
1602 50 10 Andere bereidingen en conserven van vlees of van sla chtafvallen van runderen, niet gekookt 
en niet gebakken; mengsels van vlees of slac",99ee3d7c91c02249f6ca6ffca15e06cf2e9603ab9718919138dd2a981281bb74,Rubriques/entrées réglementaires parallèles ; seules les formes explicitement listées sont retenues dans chaque langue,SOURCE_TEXT_WITH_LAYOUT_REPAIR,meat|edible_offal,meat:NON_VEGAN|edible_offal:NON_VEGAN,,,DEFER_CONTEXT_ONLY,REVIEW_REQUIRED,NO,Farine/meel/mehl et meals nus provoqueraient des collisions végétales ; risque élevé avec la segmentation NC du CSV large.,"Catégorie alimentaire attestée, mais libellé collectif long et variantes de matière. Conserver en revue basse priorité avant de décider un nom d'ingrédient distinct.",PARTIAL_CONTEXTUAL,meat,eetbaar meel en eetbaar poeder van of van slac htafvallen,,PARTIAL_CONTEXTUAL,meat,eetbaar meel en eetbaar poeder van of van slac htafvallen,PARTIAL_CONTEXTUAL,meat,eetbaar meel en eetbaar poeder van of van slachtafvallen,,PARTIAL_CONTEXTUAL,meat,eetbaar meel en eetbaar poeder van of van slachtafvallen,eetbaar meel en eetbaar poeder van vlees of van slachtafvallen,NL,FAMILY_OR_CURRENT_OWNER_NOT_PROOF_OF_RECOGNITION,BROADER_FAMILY_OR_SPECIFIC_DENOMINATION_REVIEW_REQUIRED,LOW_SOURCE_CATEGORY,NO_NEW_ALIAS_KEY_PROPOSED,,,,meat:NON_VEGAN,eetbare slachtafvallen,,,NOT_PROPOSED_CONTEXT_ONLY,Cefcbb2cd8b545c,Cefcbb2cd8b545c,,BROAD_CSV_AND_PRIMARY_PDF,02013R1308,2026-08-18,2026-10-06,fc74f08aa87e22c0fe38cf896a1a323c64cbf7ea
M0219,M35,VIANDES,COLLECTIVE_MEAT_DERIVATIVE,EN,EN,Edible flours and meals of meat or meat offal,Edible flours and meals of meat or meat offal,,CELEX_02013R1308-20260818_EN_TXT.pdf,143,Annexe I XV NC0210 99 90 p.143 ; XXIV ex0210 p.149,1270,"nimals, salted, in brine, dried or smok ed 
0210 99 51 Thick skirt and thin skirt, salted, in brine, dried or smoked  
0210 99 90 Edible flours and meals of meat or meat offal  
1602 50 10 Other prepared or preserved meat or meat offal of bo vine animals, uncooked; mixtures of 
cooked meat or offal and uncooked meat or offa",b5cc2ea8e761cc408cca7f8930de7b2c01c2609f88dcb5a6bdbc4882e4455d11,Rubriques/entrées réglementaires parallèles ; seules les formes explicitement listées sont retenues dans chaque langue,EXACT_SOURCE_SUBTERM,meat|edible_offal,meat:NON_VEGAN|edible_offal:NON_VEGAN,,,DEFER_CONTEXT_ONLY,REVIEW_REQUIRED,NO,Farine/meel/mehl et meals nus provoqueraient des collisions végétales ; risque élevé avec la segmentation NC du CSV large.,"Catégorie alimentaire attestée, mais libellé collectif long et variantes de matière. Conserver en revue basse priorité avant de décider un nom d'ingrédient distinct.",PARTIAL_CONTEXTUAL,meat,edible flours and meals of or offal,,PARTIAL_CONTEXTUAL,meat,edible flours and meals of or offal,PARTIAL_CONTEXTUAL,meat,edible flours and meals of or offal,,PARTIAL_CONTEXTUAL,meat,edible flours and meals of or offal,edible flours and meals of meat or meat offal,EN,FAMILY_OR_CURRENT_OWNER_NOT_PROOF_OF_RECOGNITION,BROADER_FAMILY_OR_SPECIFIC_DENOMINATION_REVIEW_REQUIRED,LOW_SOURCE_CATEGORY,NO_NEW_ALIAS_KEY_PROPOSED,,,,meat:NON_VEGAN,,,,NOT_PROPOSED_CONTEXT_ONLY,C5a9a8859868dd8,C5a9a8859868dd8,,BROAD_CSV_AND_PRIMARY_PDF,02013R1308,2026-08-18,2026-10-06,fc74f08aa87e22c0fe38cf896a1a323c64cbf7ea
M0220,M35,VIANDES,COLLECTIVE_MEAT_DERIVATIVE,DE,DE,Genießbares Mehl von Fleisch oder Schlachtnebenerzeu gnissen,Genießbares Mehl von Fleisch oder Schlachtnebenerzeugnissen,,CELEX_02013R1308-20260818_DE_TXT.pdf,143,Annexe I XV NC0210 99 90 p.143 ; XXIV ex0210 p.149,1277,"rt  
0210 99 51 Zwerchfellpfeiler (Nierenzapfen) und Saumfleisch, ge salzen, in Salzlake, getrocknet oder 
geräuchert 
0210 99 90 Genießbares Mehl von Fleisch oder Schlachtnebenerzeu gnissen 
1602 50 10 Fleisch und Schlachtnebenerzeugnisse von Rindern, an ders zubereitet oder haltbar gemacht, 
nicht gegart; Mischungen aus gegartem Fleisch",64a45b265e50b848f0a1ae239b94a1feef40608b69c69c9e5e14f0ffb7328dda,Rubriques/entrées réglementaires parallèles ; seules les formes explicitement listées sont retenues dans chaque langue,SOURCE_TEXT_WITH_LAYOUT_REPAIR,meat|edible_offal,meat:NON_VEGAN|edible_offal:NON_VEGAN,,,DEFER_CONTEXT_ONLY,REVIEW_REQUIRED,NO,Farine/meel/mehl et meals nus provoqueraient des collisions végétales ; risque élevé avec la segmentation NC du CSV large.,"Catégorie alimentaire attestée, mais libellé collectif long et variantes de matière. Conserver en revue basse priorité avant de décider un nom d'ingrédient distinct.",NONE,,genie bares mehl von fleisch oder schlachtnebenerzeu gnissen,,NONE,,genie bares mehl von fleisch oder schlachtnebenerzeu gnissen,NONE,,genie bares mehl von fleisch oder schlachtnebenerzeugnissen,,NONE,,genie bares mehl von fleisch oder schlachtnebenerzeugnissen,genie bares mehl von fleisch oder schlachtnebenerzeugnissen,DE,FAMILY_OR_CURRENT_OWNER_NOT_PROOF_OF_RECOGNITION,BROADER_FAMILY_OR_SPECIFIC_DENOMINATION_REVIEW_REQUIRED,LOW_SOURCE_CATEGORY,NO_NEW_ALIAS_KEY_PROPOSED,,,,,genie bare schlachtnebenerzeugnisse|genie bare schlachtnebenerzeugnisse von rindern,,,NOT_PROPOSED_CONTEXT_ONLY,Cb016ceb2e9cc0c,Cb016ceb2e9cc0c,,BROAD_CSV_AND_PRIMARY_PDF,02013R1308,2026-08-18,2026-10-06,fc74f08aa87e22c0fe38cf896a1a323c64cbf7ea
M0221,M36,VIANDES,COLLECTIVE_PROCESSED_MEAT,FR,FR,"Préparations homogénéisées de viandes, d'abats ou de  sang","Préparations homogénéisées de viandes, d'abats ou de sang",,CELEX_02013R1308-20260818_FR_TXT.pdf,145,Annexe I XVII NC1602 10 00 ; XXIV ex1602 p.154,1041,"saucissons et produits similaires, de via nde, d'abats ou de sang; préparations 
alimentaires à base de ces produits  
1602 10 00 Préparations homogénéisées de viandes, d'abats ou de  sang  
1602 20 90 Préparations et conserves de foies de tous animaux a utres que d'oie ou de canard  
1602 41 10 
1602 42 10 
1602 49 11 à 
1602 49 50 
Au",5ea4e8f11d1ad1871ae780bbdc05ee4beff9a2283b8876be6bffaec4e73f4a4c,Rubriques/entrées réglementaires parallèles ; seules les formes explicitement listées sont retenues dans chaque langue,SOURCE_TEXT_WITH_LAYOUT_REPAIR,meat|edible_offal,meat:NON_VEGAN|edible_offal:NON_VEGAN,,,DEFER_CONTEXT_ONLY,REVIEW_REQUIRED,NO,"Ne pas inférer une recette, ni faire d'une préparation de viandes/abats/sang un synonyme de la seule viande.",Une catégorie composite ne justifie pas un concept par ligne douanière ; les matières et produits spécifiques sont traités ailleurs.,NONE,,preparations homogeneisees de viandes d abats ou de sang,,NONE,,preparations homogeneisees de viandes d abats ou de sang,NONE,,preparations homogeneisees de viandes d abats ou de sang,,NONE,,preparations homogeneisees de viandes d abats ou de sang,preparations homogeneisees de viandes d abats ou de sang,FR,FAMILY_OR_CURRENT_OWNER_NOT_PROOF_OF_RECOGNITION,BROADER_FAMILY_OR_SPECIFIC_DENOMINATION_REVIEW_REQUIRED,LOW_SOURCE_CATEGORY,NO_NEW_ALIAS_KEY_PROPOSED,,,,,,,,NOT_PROPOSED_CONTEXT_ONLY,,,,TARGETED_PRIMARY_PDF,02013R1308,2026-08-18,2026-10-06,fc74f08aa87e22c0fe38cf896a1a323c64cbf7ea
M0222,M36,VIANDES,COLLECTIVE_PROCESSED_MEAT,NL,NL,"Gehomogeniseerde bereidingen van vlees, van slachtaf vallen of van bloed","Gehomogeniseerde bereidingen van vlees, van slachtafvallen of van bloed",,CELEX_02013R1308-20260818_NL_TXT.pdf,145,Annexe I XVII NC1602 10 00 ; XXIV ex1602 p.154,981,"le soorten, van vlees, van slachtafvalle n of van bloed; bereidingen van deze 
producten, voor menselijke consumptie  
1602 10 00 Gehomogeniseerde bereidingen van vlees, van slachtaf vallen of van bloed  
1602 20 90 Bereidingen en conserven van levers van dieren van a lle soorten, andere dan levers van 
ganzen of van eenden  
1602 41 10 
1602 42 10 
",99ee3d7c91c02249f6ca6ffca15e06cf2e9603ab9718919138dd2a981281bb74,Rubriques/entrées réglementaires parallèles ; seules les formes explicitement listées sont retenues dans chaque langue,SOURCE_TEXT_WITH_LAYOUT_REPAIR,meat|edible_offal,meat:NON_VEGAN|edible_offal:NON_VEGAN,,,DEFER_CONTEXT_ONLY,REVIEW_REQUIRED,NO,"Ne pas inférer une recette, ni faire d'une préparation de viandes/abats/sang un synonyme de la seule viande.",Une catégorie composite ne justifie pas un concept par ligne douanière ; les matières et produits spécifiques sont traités ailleurs.,PARTIAL_CONTEXTUAL,meat,gehomogeniseerde bereidingen van van slachtaf vallen of van bloed,,PARTIAL_CONTEXTUAL,meat,gehomogeniseerde bereidingen van van slachtaf vallen of van bloed,PARTIAL_CONTEXTUAL,meat,gehomogeniseerde bereidingen van van slachtafvallen of van bloed,,PARTIAL_CONTEXTUAL,meat,gehomogeniseerde bereidingen van van slachtafvallen of van bloed,gehomogeniseerde bereidingen van vlees van slachtafvallen of van bloed,NL,FAMILY_OR_CURRENT_OWNER_NOT_PROOF_OF_RECOGNITION,BROADER_FAMILY_OR_SPECIFIC_DENOMINATION_REVIEW_REQUIRED,LOW_SOURCE_CATEGORY,NO_NEW_ALIAS_KEY_PROPOSED,,,,meat:NON_VEGAN,,,,NOT_PROPOSED_CONTEXT_ONLY,,,,TARGETED_PRIMARY_PDF,02013R1308,2026-08-18,2026-10-06,fc74f08aa87e22c0fe38cf896a1a323c64cbf7ea
M0223,M36,VIANDES,COLLECTIVE_PROCESSED_MEAT,EN,EN,"Homogenised preparations of meat, meat offal or bloo d","Homogenised preparations of meat, meat offal or blood",,CELEX_02013R1308-20260818_EN_TXT.pdf,145,Annexe I XVII NC1602 10 00 ; XXIV ex1602 p.154,848,"
(c) 1601 00 Sausages and similar products, of meat, meat offal or blood; food preparations based on 
these products  
1602 10 00 Homogenised preparations of meat, meat offal or bloo d 
1602 20 90 Preparations or preserves of liver of any animal, ot her than goose or duck  
1602 41 10 
1602 42 10 
1602 49 11 to 
1602 49 50 
Other pr",b5cc2ea8e761cc408cca7f8930de7b2c01c2609f88dcb5a6bdbc4882e4455d11,Rubriques/entrées réglementaires parallèles ; seules les formes explicitement listées sont retenues dans chaque langue,SOURCE_TEXT_WITH_LAYOUT_REPAIR,meat|edible_offal,meat:NON_VEGAN|edible_offal:NON_VEGAN,,,DEFER_CONTEXT_ONLY,REVIEW_REQUIRED,NO,"Ne pas inférer une recette, ni faire d'une préparation de viandes/abats/sang un synonyme de la seule viande.",Une catégorie composite ne justifie pas un concept par ligne douanière ; les matières et produits spécifiques sont traités ailleurs.,PARTIAL_CONTEXTUAL,meat,homogenised preparations of offal or bloo d,,PARTIAL_CONTEXTUAL,meat,homogenised preparations of offal or bloo d,PARTIAL_CONTEXTUAL,meat,homogenised preparations of offal or blood,,PARTIAL_CONTEXTUAL,meat,homogenised preparations of offal or blood,homogenised preparations of meat meat offal or blood,EN,FAMILY_OR_CURRENT_OWNER_NOT_PROOF_OF_RECOGNITION,BROADER_FAMILY_OR_SPECIFIC_DENOMINATION_REVIEW_REQUIRED,LOW_SOURCE_CATEGORY,NO_NEW_ALIAS_KEY_PROPOSED,,,,meat:NON_VEGAN,,,,NOT_PROPOSED_CONTEXT_ONLY,,,,TARGETED_PRIMARY_PDF,02013R1308,2026-08-18,2026-10-06,fc74f08aa87e22c0fe38cf896a1a323c64cbf7ea
M0224,M36,VIANDES,COLLECTIVE_PROCESSED_MEAT,DE,DE,"Homogenisierte Zubereitungen aus Fleisch, Schlachtne benerzeugnissen oder Blut","Homogenisierte Zubereitungen aus Fleisch, Schlachtnebenerzeugnissen oder Blut",,CELEX_02013R1308-20260818_DE_TXT.pdf,145,Annexe I XVII NC1602 10 00 ; XXIV ex1602 p.154,1044," aus Fleisch, Schlac htnebenerzeugnissen oder Blut; Le­
bensmittelzubereitungen auf der Grundlage dieser Erzeugnisse  
1602 10 00 Homogenisierte Zubereitungen aus Fleisch, Schlachtne benerzeugnissen oder Blut  
1602 20 90 Zubereitungen und haltbar gemachte Erzeugnisse aus L ebern aller Tierarten, außer Gänsen 
und Enten  
1602 41 10 bis 
1602 42 10 
1602 4",64a45b265e50b848f0a1ae239b94a1feef40608b69c69c9e5e14f0ffb7328dda,Rubriques/entrées réglementaires parallèles ; seules les formes explicitement listées sont retenues dans chaque langue,SOURCE_TEXT_WITH_LAYOUT_REPAIR,meat|edible_offal,meat:NON_VEGAN|edible_offal:NON_VEGAN,,,DEFER_CONTEXT_ONLY,REVIEW_REQUIRED,NO,"Ne pas inférer une recette, ni faire d'une préparation de viandes/abats/sang un synonyme de la seule viande.",Une catégorie composite ne justifie pas un concept par ligne douanière ; les matières et produits spécifiques sont traités ailleurs.,NONE,,homogenisierte zubereitungen aus fleisch schlachtne benerzeugnissen oder blut,,NONE,,homogenisierte zubereitungen aus fleisch schlachtne benerzeugnissen oder blut,NONE,,homogenisierte zubereitungen aus fleisch schlachtnebenerzeugnissen oder blut,,NONE,,homogenisierte zubereitungen aus fleisch schlachtnebenerzeugnissen oder blut,homogenisierte zubereitungen aus fleisch schlachtnebenerzeugnissen oder blut,DE,FAMILY_OR_CURRENT_OWNER_NOT_PROOF_OF_RECOGNITION,BROADER_FAMILY_OR_SPECIFIC_DENOMINATION_REVIEW_REQUIRED,LOW_SOURCE_CATEGORY,NO_NEW_ALIAS_KEY_PROPOSED,,,,,genie bare schlachtnebenerzeugnisse von rindern|genie bare schlachtnebenerzeugnisse,,,NOT_PROPOSED_CONTEXT_ONLY,,,,TARGETED_PRIMARY_PDF,02013R1308,2026-08-18,2026-10-06,fc74f08aa87e22c0fe38cf896a1a323c64cbf7ea
M0225,M37,VIANDES,LIVE_SPECIES,FR,FR,bovins,bovins,,CELEX_02013R1308-20260818_FR_TXT.pdf,162,Annexe II V p.162 bovins ; annexe I XVII/XVIII p.145-146 ; annexe IV B/C p.168 ; XXIV ex0210 p.149,137,"R1308 — FR — 18.08.2026 — 013.001 — 162  
PARTIE V  
Définitions applicables au secteur de la viande bovine  
▼C2 
On entend par «bovins», les animaux vivants de l'espèce bovine des espèces 
domestiques des sous-positions 0102 21, ex 0102 31 00, 0102 90 20, 
ex 0102 29 10 à ex 0102 29 ",5ea4e8f11d1ad1871ae780bbdc05ee4beff9a2283b8876be6bffaec4e73f4a4c,Noms des mêmes familles animales dans les définitions et sous-positions ; pas une équivalence de dénomination d'ingrédient,EXACT_SOURCE_SUBTERM,meat,meat:NON_VEGAN,,,DEFER_CONTEXT_ONLY,REVIEW_REQUIRED,NO,"Les espèces nommées peuvent qualifier lait, laine, cuir, oeufs ou élevage ; aucun alias nu nouveau ni statut alimentaire inféré.",Attestation de l'espèce séparée de la désignation de viande. porc est déjà un alias de meat ; cela ne transforme pas ces mentions de bétail vivant ou carcasse en nouveaux ingrédients.,NONE,,bovins,,NONE,,bovins,NONE,,bovins,,NONE,,bovins,bovins,FR,FAMILY_OR_CURRENT_OWNER_NOT_PROOF_OF_RECOGNITION,BROADER_FAMILY_OR_SPECIFIC_DENOMINATION_REVIEW_REQUIRED,DOCUMENTARY_ONLY,NO_NEW_ALIAS_KEY_PROPOSED,,,,,viande bovine|viande,,,NOT_PROPOSED_CONTEXT_ONLY,C33e67bd89422ee,C33e67bd89422ee,,BROAD_CSV_AND_PRIMARY_PDF,02013R1308,2026-08-18,2026-10-06,fc74f08aa87e22c0fe38cf896a1a323c64cbf7ea
M0226,M37,VIANDES,LIVE_SPECIES,FR,FR,porc,porc,,CELEX_02013R1308-20260818_FR_TXT.pdf,168,Annexe II V p.162 bovins ; annexe I XVII/XVIII p.145-146 ; annexe IV B/C p.168 ; XXIV ex0210 p.149,182,"Grille utilisée dans l'Union pour le classement des carcasses de porcs  
I. Définitions  
On entend par «carcasse», le corps d'un porc abattu, saigné et éviscéré, entier ou 
divisé par le milieu.  
II. Classement  
Les carcasses sont réparties en classes selon la teneur estimée  en v",5ea4e8f11d1ad1871ae780bbdc05ee4beff9a2283b8876be6bffaec4e73f4a4c,Noms des mêmes familles animales dans les définitions et sous-positions ; pas une équivalence de dénomination d'ingrédient,EXACT_SOURCE_SUBTERM,meat,meat:NON_VEGAN,,,DEFER_CONTEXT_ONLY,REVIEW_REQUIRED,NO,"Les espèces nommées peuvent qualifier lait, laine, cuir, oeufs ou élevage ; aucun alias nu nouveau ni statut alimentaire inféré.",Attestation de l'espèce séparée de la désignation de viande. porc est déjà un alias de meat ; cela ne transforme pas ces mentions de bétail vivant ou carcasse en nouveaux ingrédients.,EXACT,meat,,,EXACT,meat,,EXACT,meat,,,EXACT,meat,,porc,FR,FAMILY_OR_CURRENT_OWNER_NOT_PROOF_OF_RECOGNITION,BROADER_FAMILY_OR_SPECIFIC_DENOMINATION_REVIEW_REQUIRED,DOCUMENTARY_ONLY,NO_NEW_ALIAS_KEY_PROPOSED,meat,,,meat:NON_VEGAN,,,,ALREADY_RECOGNIZED_NO_ALIAS_PROPOSED,,,,TARGETED_PRIMARY_PDF,02013R1308,2026-08-18,2026-10-06,fc74f08aa87e22c0fe38cf896a1a323c64cbf7ea
M0227,M37,VIANDES,LIVE_SPECIES,FR,FR,ovins,ovins,,CELEX_02013R1308-20260818_FR_TXT.pdf,168,Annexe II V p.162 bovins ; annexe I XVII/XVIII p.145-146 ; annexe IV B/C p.168 ; XXIV ex0210 p.149,1762,"par marquage conformément à la grille utilisée dans l'Uni on. 
C. Grille utilisée dans l'Union pour le classement des carcasses d'ovins  
I. Définitions  
Les définitions de «carcasse» et ""demi-carcasse prévues au poin t A. I. s'appli­
quent. 
II. Catégories  
Les carcasses d'ovins so",5ea4e8f11d1ad1871ae780bbdc05ee4beff9a2283b8876be6bffaec4e73f4a4c,Noms des mêmes familles animales dans les définitions et sous-positions ; pas une équivalence de dénomination d'ingrédient,EXACT_SOURCE_SUBTERM,meat,meat:NON_VEGAN,,,DEFER_CONTEXT_ONLY,REVIEW_REQUIRED,NO,"Les espèces nommées peuvent qualifier lait, laine, cuir, oeufs ou élevage ; aucun alias nu nouveau ni statut alimentaire inféré.",Attestation de l'espèce séparée de la désignation de viande. porc est déjà un alias de meat ; cela ne transforme pas ces mentions de bétail vivant ou carcasse en nouveaux ingrédients.,NONE,,ovins,,NONE,,ovins,NONE,,ovins,,NONE,,ovins,ovins,FR,FAMILY_OR_CURRENT_OWNER_NOT_PROOF_OF_RECOGNITION,BROADER_FAMILY_OR_SPECIFIC_DENOMINATION_REVIEW_REQUIRED,DOCUMENTARY_ONLY,NO_NEW_ALIAS_KEY_PROPOSED,,,,,viande,,,NOT_PROPOSED_CONTEXT_ONLY,,,,TARGETED_PRIMARY_PDF,02013R1308,2026-08-18,2026-10-06,fc74f08aa87e22c0fe38cf896a1a323c64cbf7ea
M0228,M37,VIANDES,LIVE_SPECIES,FR,FR,caprins,caprins,,CELEX_02013R1308-20260818_FR_TXT.pdf,146,Annexe II V p.162 bovins ; annexe I XVII/XVIII p.145-146 ; annexe IV B/C p.168 ; XXIV ex0210 p.149,526,"ine,  autres que celles de la position 1503  
c) 1602 90 91 Autres préparations et conserves de viandes ou d' abats d'ovins ou de caprins  
1602 90 95 
PARTIE XIX  
Œufs  
Le secteur des œufs couvre les produits énumérés dans le tablea u suivant:  
Code NC Description  
a) 0407 11 00 
0",5ea4e8f11d1ad1871ae780bbdc05ee4beff9a2283b8876be6bffaec4e73f4a4c,Noms des mêmes familles animales dans les définitions et sous-positions ; pas une équivalence de dénomination d'ingrédient,EXACT_SOURCE_SUBTERM,meat,meat:NON_VEGAN,,,DEFER_CONTEXT_ONLY,REVIEW_REQUIRED,NO,"Les espèces nommées peuvent qualifier lait, laine, cuir, oeufs ou élevage ; aucun alias nu nouveau ni statut alimentaire inféré.",Attestation de l'espèce séparée de la désignation de viande. porc est déjà un alias de meat ; cela ne transforme pas ces mentions de bétail vivant ou carcasse en nouveaux ingrédients.,NONE,,caprins,,NONE,,caprins,NONE,,caprins,,NONE,,caprins,caprins,FR,FAMILY_OR_CURRENT_OWNER_NOT_PROOF_OF_RECOGNITION,BROADER_FAMILY_OR_SPECIFIC_DENOMINATION_REVIEW_REQUIRED,DOCUMENTARY_ONLY,NO_NEW_ALIAS_KEY_PROPOSED,,,,,,,,NOT_PROPOSED_CONTEXT_ONLY,,,,TARGETED_PRIMARY_PDF,02013R1308,2026-08-18,2026-10-06,fc74f08aa87e22c0fe38cf896a1a323c64cbf7ea
M0229,M37,VIANDES,LIVE_SPECIES,NL,NL,Runderen,Runderen,,CELEX_02013R1308-20260818_NL_TXT.pdf,162,Annexe II V p.162 bovins ; annexe I XVII/XVIII p.145-146 ; annexe IV B/C p.168 ; XXIV ex0210 p.149,111," 
02013R1308 — NL — 18.08.2026 — 013.001 — 162  
DEEL V  
Definities met betrekking tot de rundvleessector:  
""Runderen"": levende runderen (huisdieren) van de GN-codes 0102 21, 
ex 0102 31 00, 0102 90 20, ex 0102 29 10 tot en met ex 0102 29 99, 0102 39 10, 
0102 90 91.",99ee3d7c91c02249f6ca6ffca15e06cf2e9603ab9718919138dd2a981281bb74,Noms des mêmes familles animales dans les définitions et sous-positions ; pas une équivalence de dénomination d'ingrédient,EXACT_SOURCE_SUBTERM,meat,meat:NON_VEGAN,,,DEFER_CONTEXT_ONLY,REVIEW_REQUIRED,NO,"Les espèces nommées peuvent qualifier lait, laine, cuir, oeufs ou élevage ; aucun alias nu nouveau ni statut alimentaire inféré.",Attestation de l'espèce séparée de la désignation de viande. porc est déjà un alias de meat ; cela ne transforme pas ces mentions de bétail vivant ou carcasse en nouveaux ingrédients.,NONE,,runderen,,NONE,,runderen,NONE,,runderen,,NONE,,runderen,runderen,NL,FAMILY_OR_CURRENT_OWNER_NOT_PROOF_OF_RECOGNITION,BROADER_FAMILY_OR_SPECIFIC_DENOMINATION_REVIEW_REQUIRED,DOCUMENTARY_ONLY,NO_NEW_ALIAS_KEY_PROPOSED,,,,,rundvlees,,,NOT_PROPOSED_CONTEXT_ONLY,C33474aecbb594c|Cec4118de740599,Cec4118de740599,,BROAD_CSV_AND_PRIMARY_PDF,02013R1308,2026-08-18,2026-10-06,fc74f08aa87e22c0fe38cf896a1a323c64cbf7ea
M0230,M37,VIANDES,LIVE_SPECIES,NL,NL,varkens,varkens,,CELEX_02013R1308-20260818_NL_TXT.pdf,145,Annexe II V p.162 bovins ; annexe I XVII/XVIII p.145-146 ; annexe IV B/C p.168 ; XXIV ex0210 p.149,205,"De in de onderstaande tabel opgenomen producten vallen onder de  sector 
varkensvlees. 
GN-code Omschrijving  
a) ex 0103 Levende varkens (huisdieren), andere dan fokdieren v an zuiver ras  
b) ex 0203 Vlees van varkens (huisdieren), vers, gekoeld of bev roren 
ex 0206 Eetbare slachtafv",99ee3d7c91c02249f6ca6ffca15e06cf2e9603ab9718919138dd2a981281bb74,Noms des mêmes familles animales dans les définitions et sous-positions ; pas une équivalence de dénomination d'ingrédient,EXACT_SOURCE_SUBTERM,meat,meat:NON_VEGAN,,,DEFER_CONTEXT_ONLY,REVIEW_REQUIRED,NO,"Les espèces nommées peuvent qualifier lait, laine, cuir, oeufs ou élevage ; aucun alias nu nouveau ni statut alimentaire inféré.",Attestation de l'espèce séparée de la désignation de viande. porc est déjà un alias de meat ; cela ne transforme pas ces mentions de bétail vivant ou carcasse en nouveaux ingrédients.,NONE,,varkens,,NONE,,varkens,NONE,,varkens,,NONE,,varkens,varkens,NL,FAMILY_OR_CURRENT_OWNER_NOT_PROOF_OF_RECOGNITION,BROADER_FAMILY_OR_SPECIFIC_DENOMINATION_REVIEW_REQUIRED,DOCUMENTARY_ONLY,NO_NEW_ALIAS_KEY_PROPOSED,,,,,varkensvlees|vlees,,,NOT_PROPOSED_CONTEXT_ONLY,,C1cc27de468b0ac,,BROAD_CSV_AND_PRIMARY_PDF,02013R1308,2026-08-18,2026-10-06,fc74f08aa87e22c0fe38cf896a1a323c64cbf7ea
M0231,M37,VIANDES,LIVE_SPECIES,NL,NL,Schapen,Schapen,,CELEX_02013R1308-20260818_NL_TXT.pdf,145,Annexe II V p.162 bovins ; annexe I XVII/XVIII p.145-146 ; annexe IV B/C p.168 ; XXIV ex0210 p.149,1730,"htspercenten worst, vlees of slachtafvallen van alle so orten, met inbegrip van vet 
van alle soorten of oorsprong  
DEEL XVIII  
Schapen- en geitenvlees  
De in de onderstaande tabel opgenomen producten vallen onder de  sector 
schapen- en geitenvlees.  
GN-code Omschrijving  
a) 0104 ",99ee3d7c91c02249f6ca6ffca15e06cf2e9603ab9718919138dd2a981281bb74,Noms des mêmes familles animales dans les définitions et sous-positions ; pas une équivalence de dénomination d'ingrédient,EXACT_SOURCE_SUBTERM,meat,meat:NON_VEGAN,,,DEFER_CONTEXT_ONLY,REVIEW_REQUIRED,NO,"Les espèces nommées peuvent qualifier lait, laine, cuir, oeufs ou élevage ; aucun alias nu nouveau ni statut alimentaire inféré.",Attestation de l'espèce séparée de la désignation de viande. porc est déjà un alias de meat ; cela ne transforme pas ces mentions de bétail vivant ou carcasse en nouveaux ingrédients.,NONE,,schapen,,NONE,,schapen,NONE,,schapen,,NONE,,schapen,schapen,NL,FAMILY_OR_CURRENT_OWNER_NOT_PROOF_OF_RECOGNITION,BROADER_FAMILY_OR_SPECIFIC_DENOMINATION_REVIEW_REQUIRED,DOCUMENTARY_ONLY,NO_NEW_ALIAS_KEY_PROPOSED,,,,,chicken,,,NOT_PROPOSED_CONTEXT_ONLY,,Ca9c00edccba63a,,BROAD_CSV_AND_PRIMARY_PDF,02013R1308,2026-08-18,2026-10-06,fc74f08aa87e22c0fe38cf896a1a323c64cbf7ea
M0232,M37,VIANDES,LIVE_SPECIES,NL,NL,geiten,geiten,,CELEX_02013R1308-20260818_NL_TXT.pdf,145,Annexe II V p.162 bovins ; annexe I XVII/XVIII p.145-146 ; annexe IV B/C p.168 ; XXIV ex0210 p.149,2036," de leeftĳd van één jaar)  
0104 10 80 Levende schapen, andere dan fokdieren van zuiver ras  en dan lammeren  
0104 20 90 Levende geiten, andere dan fokdieren van zuiver ras  
0204 Vlees van schapen of van geiten, vers, gekoeld of bevroren  
0210 99 21 Vlees van schapen en van geiten, ",99ee3d7c91c02249f6ca6ffca15e06cf2e9603ab9718919138dd2a981281bb74,Noms des mêmes familles animales dans les définitions et sous-positions ; pas une équivalence de dénomination d'ingrédient,EXACT_SOURCE_SUBTERM,meat,meat:NON_VEGAN,,,DEFER_CONTEXT_ONLY,REVIEW_REQUIRED,NO,"Les espèces nommées peuvent qualifier lait, laine, cuir, oeufs ou élevage ; aucun alias nu nouveau ni statut alimentaire inféré.",Attestation de l'espèce séparée de la désignation de viande. porc est déjà un alias de meat ; cela ne transforme pas ces mentions de bétail vivant ou carcasse en nouveaux ingrédients.,NONE,,geiten,,NONE,,geiten,NONE,,geiten,,NONE,,geiten,geiten,NL,FAMILY_OR_CURRENT_OWNER_NOT_PROOF_OF_RECOGNITION,BROADER_FAMILY_OR_SPECIFIC_DENOMINATION_REVIEW_REQUIRED,DOCUMENTARY_ONLY,NO_NEW_ALIAS_KEY_PROPOSED,,,,,,,,NOT_PROPOSED_CONTEXT_ONLY,,C32858882ebfed2,,BROAD_CSV_AND_PRIMARY_PDF,02013R1308,2026-08-18,2026-10-06,fc74f08aa87e22c0fe38cf896a1a323c64cbf7ea
M0233,M37,VIANDES,LIVE_SPECIES,EN,EN,Bovine animals,Bovine animals,,CELEX_02013R1308-20260818_EN_TXT.pdf,162,Annexe II V p.162 bovins ; annexe I XVII/XVIII p.145-146 ; annexe IV B/C p.168 ; XXIV ex0210 p.149,114," 
02013R1308 — EN — 18.08.2026 — 013.001 — 162  
PART V  
Definitions concerning the beef and veal sector  
▼C2 
""Bovine animals"" means live animals of the domestic bovine spec ies falling 
within CN codes 0102 21, ex 0102 31 00, 0102 90 20, ex 0102 29 10 to 
ex 0102 29 99, 010",b5cc2ea8e761cc408cca7f8930de7b2c01c2609f88dcb5a6bdbc4882e4455d11,Noms des mêmes familles animales dans les définitions et sous-positions ; pas une équivalence de dénomination d'ingrédient,EXACT_SOURCE_SUBTERM,meat,meat:NON_VEGAN,,,DEFER_CONTEXT_ONLY,REVIEW_REQUIRED,NO,"Les espèces nommées peuvent qualifier lait, laine, cuir, oeufs ou élevage ; aucun alias nu nouveau ni statut alimentaire inféré.",Attestation de l'espèce séparée de la désignation de viande. porc est déjà un alias de meat ; cela ne transforme pas ces mentions de bétail vivant ou carcasse en nouveaux ingrédients.,NONE,,bovine animals,,NONE,,bovine animals,NONE,,bovine animals,,NONE,,bovine animals,bovine animals,EN,FAMILY_OR_CURRENT_OWNER_NOT_PROOF_OF_RECOGNITION,BROADER_FAMILY_OR_SPECIFIC_DENOMINATION_REVIEW_REQUIRED,DOCUMENTARY_ONLY,NO_NEW_ALIAS_KEY_PROPOSED,,,,,beef and veal,,,NOT_PROPOSED_CONTEXT_ONLY,C971d2055ccffbe,C971d2055ccffbe,,BROAD_CSV_AND_PRIMARY_PDF,02013R1308,2026-08-18,2026-10-06,fc74f08aa87e22c0fe38cf896a1a323c64cbf7ea
M0234,M37,VIANDES,LIVE_SPECIES,EN,EN,swine,swine,,CELEX_02013R1308-20260818_EN_TXT.pdf,145,Annexe II V p.162 bovins ; annexe I XVII/XVIII p.145-146 ; annexe IV B/C p.168 ; XXIV ex0210 p.149,187,"I  
Pigmeat 
The pigmeat sector shall cover the products listed in the follo wing table:  
CN code Description  
(a) ex 0103 Live swine, of domestic species, other than pure-br ed breeding animals  
(b) ex 0203 Meat of domestic swine, fresh, chilled, or frozen  
ex 0206 Edible offal o",b5cc2ea8e761cc408cca7f8930de7b2c01c2609f88dcb5a6bdbc4882e4455d11,Noms des mêmes familles animales dans les définitions et sous-positions ; pas une équivalence de dénomination d'ingrédient,EXACT_SOURCE_SUBTERM,meat,meat:NON_VEGAN,,,DEFER_CONTEXT_ONLY,REVIEW_REQUIRED,NO,"Les espèces nommées peuvent qualifier lait, laine, cuir, oeufs ou élevage ; aucun alias nu nouveau ni statut alimentaire inféré.",Attestation de l'espèce séparée de la désignation de viande. porc est déjà un alias de meat ; cela ne transforme pas ces mentions de bétail vivant ou carcasse en nouveaux ingrédients.,NONE,,swine,,NONE,,swine,NONE,,swine,,NONE,,swine,swine,EN,FAMILY_OR_CURRENT_OWNER_NOT_PROOF_OF_RECOGNITION,BROADER_FAMILY_OR_SPECIFIC_DENOMINATION_REVIEW_REQUIRED,DOCUMENTARY_ONLY,NO_NEW_ALIAS_KEY_PROPOSED,,,,,viande|schweinefleisch,,,NOT_PROPOSED_CONTEXT_ONLY,,Cd2fa19d34b8b52,,BROAD_CSV_AND_PRIMARY_PDF,02013R1308,2026-08-18,2026-10-06,fc74f08aa87e22c0fe38cf896a1a323c64cbf7ea
M0235,M37,VIANDES,LIVE_SPECIES,EN,EN,sheep,sheep,,CELEX_02013R1308-20260818_EN_TXT.pdf,145,Annexe II V p.162 bovins ; annexe I XVII/XVIII p.145-146 ; annexe IV B/C p.168 ; XXIV ex0210 p.149,1691,"the products list ed in the 
following table:  
CN code Description  
(a) 0104 10 30 Lambs (up to one year old)  
0104 10 80 Live sheep other than pure-bred breeding animals and  lambs  
0104 20 90 Live goats other than pure-bred breeding animals  
0204 Meat of sheep or goats, fresh, ",b5cc2ea8e761cc408cca7f8930de7b2c01c2609f88dcb5a6bdbc4882e4455d11,Noms des mêmes familles animales dans les définitions et sous-positions ; pas une équivalence de dénomination d'ingrédient,EXACT_SOURCE_SUBTERM,meat,meat:NON_VEGAN,,,DEFER_CONTEXT_ONLY,REVIEW_REQUIRED,NO,"Les espèces nommées peuvent qualifier lait, laine, cuir, oeufs ou élevage ; aucun alias nu nouveau ni statut alimentaire inféré.",Attestation de l'espèce séparée de la désignation de viande. porc est déjà un alias de meat ; cela ne transforme pas ces mentions de bétail vivant ou carcasse en nouveaux ingrédients.,NONE,,sheep,,NONE,,sheep,NONE,,sheep,,NONE,,sheep,sheep,EN,FAMILY_OR_CURRENT_OWNER_NOT_PROOF_OF_RECOGNITION,BROADER_FAMILY_OR_SPECIFIC_DENOMINATION_REVIEW_REQUIRED,DOCUMENTARY_ONLY,NO_NEW_ALIAS_KEY_PROPOSED,,,,,,,,NOT_PROPOSED_CONTEXT_ONLY,,Cc48ab1abe55c14,,BROAD_CSV_AND_PRIMARY_PDF,02013R1308,2026-08-18,2026-10-06,fc74f08aa87e22c0fe38cf896a1a323c64cbf7ea
M0236,M37,VIANDES,LIVE_SPECIES,EN,EN,goats,goats,,CELEX_02013R1308-20260818_EN_TXT.pdf,145,Annexe II V p.162 bovins ; annexe I XVII/XVIII p.145-146 ; annexe IV B/C p.168 ; XXIV ex0210 p.149,1764," 0104 10 30 Lambs (up to one year old)  
0104 10 80 Live sheep other than pure-bred breeding animals and  lambs  
0104 20 90 Live goats other than pure-bred breeding animals  
0204 Meat of sheep or goats, fresh, chilled or frozen  
0210 99 21 Meat of sheep and goats, with bone in, sal",b5cc2ea8e761cc408cca7f8930de7b2c01c2609f88dcb5a6bdbc4882e4455d11,Noms des mêmes familles animales dans les définitions et sous-positions ; pas une équivalence de dénomination d'ingrédient,EXACT_SOURCE_SUBTERM,meat,meat:NON_VEGAN,,,DEFER_CONTEXT_ONLY,REVIEW_REQUIRED,NO,"Les espèces nommées peuvent qualifier lait, laine, cuir, oeufs ou élevage ; aucun alias nu nouveau ni statut alimentaire inféré.",Attestation de l'espèce séparée de la désignation de viande. porc est déjà un alias de meat ; cela ne transforme pas ces mentions de bétail vivant ou carcasse en nouveaux ingrédients.,NONE,,goats,,NONE,,goats,NONE,,goats,,NONE,,goats,goats,EN,FAMILY_OR_CURRENT_OWNER_NOT_PROOF_OF_RECOGNITION,BROADER_FAMILY_OR_SPECIFIC_DENOMINATION_REVIEW_REQUIRED,DOCUMENTARY_ONLY,NO_NEW_ALIAS_KEY_PROPOSED,,,,,pigmeat,,,NOT_PROPOSED_CONTEXT_ONLY,,Cddf9f44634c64d,,BROAD_CSV_AND_PRIMARY_PDF,02013R1308,2026-08-18,2026-10-06,fc74f08aa87e22c0fe38cf896a1a323c64cbf7ea
M0237,M37,VIANDES,LIVE_SPECIES,DE,DE,Rinder,Rinder,,CELEX_02013R1308-20260818_DE_TXT.pdf,162,Annexe II V p.162 bovins ; annexe I XVII/XVIII p.145-146 ; annexe IV B/C p.168 ; XXIV ex0210 p.149,108," 
02013R1308 — DE — 18.08.2026 — 013.001 — 162  
TEIL V  
Begriffsbestimmungen für den Rindfleischsektor  
""Rinder"": lebende Hausrinder der KN-Codes 0102 21, ex 0102 31 0 0, 0102 90 20, 
ex 0102 29 10 bis ex 0102 29 99, 0102 39 10, 0102 90 91.  
TEIL VI  
Begriffs",64a45b265e50b848f0a1ae239b94a1feef40608b69c69c9e5e14f0ffb7328dda,Noms des mêmes familles animales dans les définitions et sous-positions ; pas une équivalence de dénomination d'ingrédient,EXACT_SOURCE_SUBTERM,meat,meat:NON_VEGAN,,,DEFER_CONTEXT_ONLY,REVIEW_REQUIRED,NO,"Les espèces nommées peuvent qualifier lait, laine, cuir, oeufs ou élevage ; aucun alias nu nouveau ni statut alimentaire inféré.",Attestation de l'espèce séparée de la désignation de viande. porc est déjà un alias de meat ; cela ne transforme pas ces mentions de bétail vivant ou carcasse en nouveaux ingrédients.,NONE,,rinder,,NONE,,rinder,NONE,,rinder,,NONE,,rinder,rinder,DE,FAMILY_OR_CURRENT_OWNER_NOT_PROOF_OF_RECOGNITION,BROADER_FAMILY_OR_SPECIFIC_DENOMINATION_REVIEW_REQUIRED,DOCUMENTARY_ONLY,NO_NEW_ALIAS_KEY_PROPOSED,,,,,viande|rindfleisch|rundvlees,,,NOT_PROPOSED_CONTEXT_ONLY,Cd090245a149754,Cd090245a149754,,BROAD_CSV_AND_PRIMARY_PDF,02013R1308,2026-08-18,2026-10-06,fc74f08aa87e22c0fe38cf896a1a323c64cbf7ea
M0238,M37,VIANDES,LIVE_SPECIES,DE,DE,Schwei nen,Schweinen,,CELEX_02013R1308-20260818_DE_TXT.pdf,149,Annexe II V p.162 bovins ; annexe I XVII/XVIII p.145-146 ; annexe IV B/C p.168 ; XXIV ex0210 p.149,133,"2013R1308 — DE — 18.08.2026 — 013.001 — 149  
KN-Code Warenbezeichnung  
ex 0206 Genießbare Schlachtnebenerzeugnisse von Rindern, Schwei nen, Schafen, Ziegen, Pferden, 
Eseln, Maultieren oder Mauleseln, frisch, gekühlt oder gefroren : 
ex 0206 10 – von Rindern, frisch oder gekühlt:  
0206 ",64a45b265e50b848f0a1ae239b94a1feef40608b69c69c9e5e14f0ffb7328dda,Noms des mêmes familles animales dans les définitions et sous-positions ; pas une équivalence de dénomination d'ingrédient,SOURCE_TEXT_WITH_LAYOUT_REPAIR,meat,meat:NON_VEGAN,,,DEFER_CONTEXT_ONLY,REVIEW_REQUIRED,NO,"Les espèces nommées peuvent qualifier lait, laine, cuir, oeufs ou élevage ; aucun alias nu nouveau ni statut alimentaire inféré.",Attestation de l'espèce séparée de la désignation de viande. porc est déjà un alias de meat ; cela ne transforme pas ces mentions de bétail vivant ou carcasse en nouveaux ingrédients.,NONE,,schwei nen,,NONE,,schwei nen,NONE,,schweinen,,NONE,,schweinen,schweinen,DE,FAMILY_OR_CURRENT_OWNER_NOT_PROOF_OF_RECOGNITION,BROADER_FAMILY_OR_SPECIFIC_DENOMINATION_REVIEW_REQUIRED,DOCUMENTARY_ONLY,NO_NEW_ALIAS_KEY_PROPOSED,,,,,schweinefleisch|chicken,,,NOT_PROPOSED_CONTEXT_ONLY,,,,TARGETED_PRIMARY_PDF,02013R1308,2026-08-18,2026-10-06,fc74f08aa87e22c0fe38cf896a1a323c64cbf7ea
M0239,M37,VIANDES,LIVE_SPECIES,DE,DE,Schafe,Schafe,,CELEX_02013R1308-20260818_DE_TXT.pdf,145,Annexe II V p.162 bovins ; annexe I XVII/XVIII p.145-146 ; annexe IV B/C p.168 ; XXIV ex0210 p.149,2073,"ende r Tabelle auf­
geführten Erzeugnisse:  
KN-Code Warenbezeichnung  
a) 0104 10 30 Lämmer (bis zu einem Jahr alt)  
0104 10 80 Schafe, lebend, andere als reinrassige Zuchttiere un d Lämmer  
0104 20 90 Ziegen, lebend, andere als reinrassige Zuchttiere  
0204 Fleisch von Schafen oder",64a45b265e50b848f0a1ae239b94a1feef40608b69c69c9e5e14f0ffb7328dda,Noms des mêmes familles animales dans les définitions et sous-positions ; pas une équivalence de dénomination d'ingrédient,EXACT_SOURCE_SUBTERM,meat,meat:NON_VEGAN,,,DEFER_CONTEXT_ONLY,REVIEW_REQUIRED,NO,"Les espèces nommées peuvent qualifier lait, laine, cuir, oeufs ou élevage ; aucun alias nu nouveau ni statut alimentaire inféré.",Attestation de l'espèce séparée de la désignation de viande. porc est déjà un alias de meat ; cela ne transforme pas ces mentions de bétail vivant ou carcasse en nouveaux ingrédients.,NONE,,schafe,,NONE,,schafe,NONE,,schafe,,NONE,,schafe,schafe,DE,FAMILY_OR_CURRENT_OWNER_NOT_PROOF_OF_RECOGNITION,BROADER_FAMILY_OR_SPECIFIC_DENOMINATION_REVIEW_REQUIRED,DOCUMENTARY_ONLY,NO_NEW_ALIAS_KEY_PROPOSED,,,,,,,,NOT_PROPOSED_CONTEXT_ONLY,Cb7731f2c10d7b7,Cb7731f2c10d7b7,,BROAD_CSV_AND_PRIMARY_PDF,02013R1308,2026-08-18,2026-10-06,fc74f08aa87e22c0fe38cf896a1a323c64cbf7ea
M0240,M37,VIANDES,LIVE_SPECIES,DE,DE,Ziegen,Ziegen,,CELEX_02013R1308-20260818_DE_TXT.pdf,145,Annexe II V p.162 bovins ; annexe I XVII/XVIII p.145-146 ; annexe IV B/C p.168 ; XXIV ex0210 p.149,2148,"0104 10 30 Lämmer (bis zu einem Jahr alt)  
0104 10 80 Schafe, lebend, andere als reinrassige Zuchttiere un d Lämmer  
0104 20 90 Ziegen, lebend, andere als reinrassige Zuchttiere  
0204 Fleisch von Schafen oder Ziegen, frisch, gekühlt oder gefr oren 
0210 99 21 Fleisch von Schafen ode",64a45b265e50b848f0a1ae239b94a1feef40608b69c69c9e5e14f0ffb7328dda,Noms des mêmes familles animales dans les définitions et sous-positions ; pas une équivalence de dénomination d'ingrédient,EXACT_SOURCE_SUBTERM,meat,meat:NON_VEGAN,,,DEFER_CONTEXT_ONLY,REVIEW_REQUIRED,NO,"Les espèces nommées peuvent qualifier lait, laine, cuir, oeufs ou élevage ; aucun alias nu nouveau ni statut alimentaire inféré.",Attestation de l'espèce séparée de la désignation de viande. porc est déjà un alias de meat ; cela ne transforme pas ces mentions de bétail vivant ou carcasse en nouveaux ingrédients.,NONE,,ziegen,,NONE,,ziegen,NONE,,ziegen,,NONE,,ziegen,ziegen,DE,FAMILY_OR_CURRENT_OWNER_NOT_PROOF_OF_RECOGNITION,BROADER_FAMILY_OR_SPECIFIC_DENOMINATION_REVIEW_REQUIRED,DOCUMENTARY_ONLY,NO_NEW_ALIAS_KEY_PROPOSED,,,,,,,,NOT_PROPOSED_CONTEXT_ONLY,Cd2a8d6aa830079,Cd2a8d6aa830079,,BROAD_CSV_AND_PRIMARY_PDF,02013R1308,2026-08-18,2026-10-06,fc74f08aa87e22c0fe38cf896a1a323c64cbf7ea
M0241,F01,GRAISSES,ANIMAL_FAT,FR,FR,Graisses de porc,Graisses de porc,Graisses de porc,CELEX_02013R1308-20260818_FR_TXT.pdf,145,Annexe I XVII NC1501 10/1501 20 p.145,838,"s 
ex 0210 Viandes et abats comestibles de l'espèce porcine domest ique, salés ou en saumure, séchés ou 
fumés 
1501 10 
1501 20 
Graisses de porc (y compris le saindoux), autres  
c) 1601 00 Saucisses, saucissons et produits similaires, de via nde, d'abats ou de sang; préparations 
alimentaires",5ea4e8f11d1ad1871ae780bbdc05ee4beff9a2283b8876be6bffaec4e73f4a4c,Rubriques/entrées réglementaires parallèles ; seules les formes explicitement listées sont retenues dans chaque langue,EXACT_SOURCE_SUBTERM,animal_fat,animal_fat:NON_VEGAN,,,PROPOSE_ALIAS_EXISTING,REVIEW_REQUIRED,NO,Source animale explicite ; les graisses génériques sans espèce ne sont pas autorisées à devenir NON_VEGAN.,Couverture historique conservée. Le pluriel FR source est distinct de graisse de porc ; contrôler son lookup exact avant toute proposition.,PARTIAL_CONTEXTUAL,meat,graisses de,,PARTIAL_CONTEXTUAL,meat,graisses de,PARTIAL_CONTEXTUAL,meat,graisses de,,PARTIAL_CONTEXTUAL,meat,graisses de,graisses de porc,FR,FAMILY_OR_CURRENT_OWNER_NOT_PROOF_OF_RECOGNITION,BROADER_FAMILY_OR_SPECIFIC_DENOMINATION_REVIEW_REQUIRED,LABEL_CANDIDATE,SEMANTIC_OR_LANGUAGE_REVIEW_REQUIRED,,,,meat:NON_VEGAN,graisse de porc|graisses de volaille|graisses de porc y compris le saindoux,,animal_fat|FR|graisses de porc,POTENTIAL_NEW_SURFACE,,Cf3067ed2e35e98,,BROAD_CSV_AND_PRIMARY_PDF,02013R1308,2026-08-18,2026-10-06,fc74f08aa87e22c0fe38cf896a1a323c64cbf7ea
M0242,F01,GRAISSES,ANIMAL_FAT,NL,NL,"var­
kensvet",Varkensvet,Varkensvet,CELEX_02013R1308-20260818_NL_TXT.pdf,145,Annexe I XVII NC1501 10/1501 20 p.145,579,"roducten, vers, gekoeld of bevroren  
0209 10 Spek (ander dan doorregen spek), alsmede niet-gesmolten  of anderszins geëxtraheerd var­
kensvet, vers, gekoeld, bevroren, gezouten, gepekeld, gedroogd of gerookt  
ex 0210 Vlees en eetbare slachtafvallen van varkens (huisdieren ), gezouten, gepe",99ee3d7c91c02249f6ca6ffca15e06cf2e9603ab9718919138dd2a981281bb74,Rubriques/entrées réglementaires parallèles ; seules les formes explicitement listées sont retenues dans chaque langue,SOURCE_TEXT_WITH_LAYOUT_REPAIR,animal_fat,animal_fat:NON_VEGAN,,,ALREADY_COVERED,REVIEW_REQUIRED,NO,Source animale explicite ; les graisses génériques sans espèce ne sont pas autorisées à devenir NON_VEGAN.,Couverture historique conservée. Le pluriel FR source est distinct de graisse de porc ; contrôler son lookup exact avant toute proposition.,NONE,,var kensvet,,NONE,,var kensvet,EXACT,animal_fat,,animal_fat,EXACT,animal_fat,,varkensvet,NL,FAMILY_OR_CURRENT_OWNER_NOT_PROOF_OF_RECOGNITION,BROADER_FAMILY_OR_SPECIFIC_DENOMINATION_REVIEW_REQUIRED,LABEL_CANDIDATE,NO_NEW_ALIAS_KEY_PROPOSED,animal_fat,animal_fat,animal_fat,animal_fat:NON_VEGAN,,,,ALREADY_CANONICAL_AND_LANGUAGE_COVERED,C2cc995878e08de|C587fcc9f138883,C587fcc9f138883,A7c22426e62af,BROAD_CSV_AND_PRIMARY_PDF,02013R1308,2026-08-18,2026-10-06,fc74f08aa87e22c0fe38cf896a1a323c64cbf7ea
M0243,F01,GRAISSES,ANIMAL_FAT,EN,EN,Pig fat,Pig fat,Pig fat,CELEX_02013R1308-20260818_EN_TXT.pdf,145,Annexe I XVII NC1501 10/1501 20 p.145,456,"6 Edible offal of domestic swine, other than for the manu facture of pharmaceutical products, 
fresh, chilled or frozen  
0209 10 Pig fat, free of lean meat, not rendered or otherwise e xtracted, fresh, chilled, frozen, salted, 
in brine, dried or smoked  
ex 0210 Meat and edible meat o",b5cc2ea8e761cc408cca7f8930de7b2c01c2609f88dcb5a6bdbc4882e4455d11,Rubriques/entrées réglementaires parallèles ; seules les formes explicitement listées sont retenues dans chaque langue,EXACT_SOURCE_SUBTERM,animal_fat,animal_fat:NON_VEGAN,,,ALREADY_COVERED,REVIEW_REQUIRED,NO,Source animale explicite ; les graisses génériques sans espèce ne sont pas autorisées à devenir NON_VEGAN.,Couverture historique conservée. Le pluriel FR source est distinct de graisse de porc ; contrôler son lookup exact avant toute proposition.,EXACT,animal_fat,,animal_fat,EXACT,animal_fat,,EXACT,animal_fat,,animal_fat,EXACT,animal_fat,,pig fat,EN,FAMILY_OR_CURRENT_OWNER_NOT_PROOF_OF_RECOGNITION,BROADER_FAMILY_OR_SPECIFIC_DENOMINATION_REVIEW_REQUIRED,LABEL_CANDIDATE,NO_NEW_ALIAS_KEY_PROPOSED,animal_fat,animal_fat,animal_fat,animal_fat:NON_VEGAN,,,,ALREADY_CANONICAL_AND_LANGUAGE_COVERED,Cfe9e1be51efbb4,Cfe9e1be51efbb4,A98b06cb91547,BROAD_CSV_AND_PRIMARY_PDF,02013R1308,2026-08-18,2026-10-06,fc74f08aa87e22c0fe38cf896a1a323c64cbf7ea
M0244,F01,GRAISSES,ANIMAL_FAT,DE,DE,Schweinefett,Schweinefett,Schweinefett,CELEX_02013R1308-20260818_DE_TXT.pdf,145,Annexe I XVII NC1501 10/1501 20 p.145,534,"e als zum Herstellen von 
pharmazeutischen Erzeugnissen, frisch, gekühlt oder gefroren  
0209 10 Schweinespeck ohne magere Teile, Schweinefett, weder au sgeschmolzen noch anders aus­
gezogen, frisch, gekühlt, gefroren, gesalzen, in Salzlake, getr ocknet oder geräuchert  
ex 0210 Fleisch und ",64a45b265e50b848f0a1ae239b94a1feef40608b69c69c9e5e14f0ffb7328dda,Rubriques/entrées réglementaires parallèles ; seules les formes explicitement listées sont retenues dans chaque langue,EXACT_SOURCE_SUBTERM,animal_fat,animal_fat:NON_VEGAN,,,ALREADY_COVERED,REVIEW_REQUIRED,NO,Source animale explicite ; les graisses génériques sans espèce ne sont pas autorisées à devenir NON_VEGAN.,Couverture historique conservée. Le pluriel FR source est distinct de graisse de porc ; contrôler son lookup exact avant toute proposition.,EXACT,animal_fat,,animal_fat,EXACT,animal_fat,,EXACT,animal_fat,,animal_fat,EXACT,animal_fat,,schweinefett,DE,FAMILY_OR_CURRENT_OWNER_NOT_PROOF_OF_RECOGNITION,BROADER_FAMILY_OR_SPECIFIC_DENOMINATION_REVIEW_REQUIRED,LABEL_CANDIDATE,NO_NEW_ALIAS_KEY_PROPOSED,animal_fat,animal_fat,animal_fat,animal_fat:NON_VEGAN,,,,ALREADY_CANONICAL_AND_LANGUAGE_COVERED,Cb6fa4940c8dd9b,Cb6fa4940c8dd9b,Af7702e07a8fb,BROAD_CSV_AND_PRIMARY_PDF,02013R1308,2026-08-18,2026-10-06,fc74f08aa87e22c0fe38cf896a1a323c64cbf7ea
M0245,F02,GRAISSES,RENDERED_ANIMAL_FAT,FR,FR,saindoux,saindoux,,CELEX_02013R1308-20260818_FR_TXT.pdf,145,Annexe I XVII NC1501 10/1501 20 p.145,869,"estibles de l'espèce porcine domest ique, salés ou en saumure, séchés ou 
fumés 
1501 10 
1501 20 
Graisses de porc (y compris le saindoux), autres  
c) 1601 00 Saucisses, saucissons et produits similaires, de via nde, d'abats ou de sang; préparations 
alimentaires à base de ces produits",5ea4e8f11d1ad1871ae780bbdc05ee4beff9a2283b8876be6bffaec4e73f4a4c,Rubriques/entrées réglementaires parallèles ; seules les formes explicitement listées sont retenues dans chaque langue,EXACT_SOURCE_SUBTERM,animal_fat,animal_fat:NON_VEGAN,,,ALREADY_COVERED,REVIEW_REQUIRED,NO,"Collision interlingue avec le FR Lard (gras non fondu) de F03 : même forme normalisée lard, sens et produit différents.",Produit précis déjà couvert et importé dans le lot commité ; aucune séparation supplémentaire n'est nécessaire pour la reconnaissance actuelle.,EXACT,animal_fat,,animal_fat,EXACT,animal_fat,,EXACT,animal_fat,,animal_fat,EXACT,animal_fat,,saindoux,FR,FAMILY_OR_CURRENT_OWNER_NOT_PROOF_OF_RECOGNITION,BROADER_FAMILY_OR_SPECIFIC_DENOMINATION_REVIEW_REQUIRED,DOCUMENTARY_ONLY,NO_NEW_ALIAS_KEY_PROPOSED,animal_fat,animal_fat,animal_fat,animal_fat:NON_VEGAN,,,,ALREADY_RECOGNIZED_NO_ALIAS_PROPOSED,C560a1ee0f4d877,C560a1ee0f4d877|Cf3067ed2e35e98,A77ca12c2e0cc,BROAD_CSV_AND_PRIMARY_PDF,02013R1308,2026-08-18,2026-10-06,fc74f08aa87e22c0fe38cf896a1a323c64cbf7ea
M0246,F02,GRAISSES,RENDERED_ANIMAL_FAT,NL,NL,reuzel,reuzel,,CELEX_02013R1308-20260818_NL_TXT.pdf,145,Annexe I XVII NC1501 10/1501 20 p.145,799,"lees en eetbare slachtafvallen van varkens (huisdieren ), gezouten, gepekeld, gedroogd of 
gerookt 
1501 10 
1501 20 
Varkensvet (reuzel daaronder begrepen)  
c) 1601 00 Worst van alle soorten, van vlees, van slachtafvalle n of van bloed; bereidingen van deze 
producten, voor menselijk",99ee3d7c91c02249f6ca6ffca15e06cf2e9603ab9718919138dd2a981281bb74,Rubriques/entrées réglementaires parallèles ; seules les formes explicitement listées sont retenues dans chaque langue,EXACT_SOURCE_SUBTERM,animal_fat,animal_fat:NON_VEGAN,,,ALREADY_COVERED,REVIEW_REQUIRED,NO,"Collision interlingue avec le FR Lard (gras non fondu) de F03 : même forme normalisée lard, sens et produit différents.",Produit précis déjà couvert et importé dans le lot commité ; aucune séparation supplémentaire n'est nécessaire pour la reconnaissance actuelle.,EXACT,animal_fat,,animal_fat,EXACT,animal_fat,,EXACT,animal_fat,,animal_fat,EXACT,animal_fat,,reuzel,NL,FAMILY_OR_CURRENT_OWNER_NOT_PROOF_OF_RECOGNITION,BROADER_FAMILY_OR_SPECIFIC_DENOMINATION_REVIEW_REQUIRED,DOCUMENTARY_ONLY,NO_NEW_ALIAS_KEY_PROPOSED,animal_fat,animal_fat,animal_fat,animal_fat:NON_VEGAN,,,,ALREADY_RECOGNIZED_NO_ALIAS_PROPOSED,C67593f76a404ed,C67593f76a404ed|Ce6908952132ec1,A9c922c0af2bb,BROAD_CSV_AND_PRIMARY_PDF,02013R1308,2026-08-18,2026-10-06,fc74f08aa87e22c0fe38cf896a1a323c64cbf7ea
M0247,F02,GRAISSES,RENDERED_ANIMAL_FAT,EN,EN,lard,lard,,CELEX_02013R1308-20260818_EN_TXT.pdf,145,Annexe I XVII NC1501 10/1501 20 p.145,711," 
ex 0210 Meat and edible meat offal of domestic swine, salted, i n brine, dried or smoked  
1501 10 
1501 20 
Pig fat (including lard)  
(c) 1601 00 Sausages and similar products, of meat, meat offal or blood; food preparations based on 
these products  
1602 10 00 Homogenised prepa",b5cc2ea8e761cc408cca7f8930de7b2c01c2609f88dcb5a6bdbc4882e4455d11,Rubriques/entrées réglementaires parallèles ; seules les formes explicitement listées sont retenues dans chaque langue,EXACT_SOURCE_SUBTERM,animal_fat,animal_fat:NON_VEGAN,,,ALREADY_COVERED,REVIEW_REQUIRED,NO,"Collision interlingue avec le FR Lard (gras non fondu) de F03 : même forme normalisée lard, sens et produit différents.",Produit précis déjà couvert et importé dans le lot commité ; aucune séparation supplémentaire n'est nécessaire pour la reconnaissance actuelle.,EXACT,animal_fat,,animal_fat,EXACT,animal_fat,,EXACT,animal_fat,,animal_fat,EXACT,animal_fat,,lard,EN,FAMILY_OR_CURRENT_OWNER_NOT_PROOF_OF_RECOGNITION,BROADER_FAMILY_OR_SPECIFIC_DENOMINATION_REVIEW_REQUIRED,DOCUMENTARY_ONLY,NO_NEW_ALIAS_KEY_PROPOSED,animal_fat,animal_fat,animal_fat,animal_fat:NON_VEGAN,,,,ALREADY_RECOGNIZED_NO_ALIAS_PROPOSED,C080063aba84de2,C080063aba84de2|C10263822f65b5c,A0cdd43811cdf,BROAD_CSV_AND_PRIMARY_PDF,02013R1308,2026-08-18,2026-10-06,fc74f08aa87e22c0fe38cf896a1a323c64cbf7ea
M0248,F02,GRAISSES,RENDERED_ANIMAL_FAT,DE,DE,Schweineschmalz,Schweineschmalz,,CELEX_02013R1308-20260818_DE_TXT.pdf,145,Annexe I XVII NC1501 10/1501 20 p.145,852,"zeugnisse von Hau sschweinen, gesalzen, in Salzlake, 
getrocknet oder geräuchert  
1501 10 
1501 20 
Schweinefett (einschließlich Schweineschmalz)  
c) 1601 00 Würste und ähnliche Erzeugnisse, aus Fleisch, Schlac htnebenerzeugnissen oder Blut; Le­
bensmittelzubereitungen auf der Grundlage diese",64a45b265e50b848f0a1ae239b94a1feef40608b69c69c9e5e14f0ffb7328dda,Rubriques/entrées réglementaires parallèles ; seules les formes explicitement listées sont retenues dans chaque langue,EXACT_SOURCE_SUBTERM,animal_fat,animal_fat:NON_VEGAN,,,ALREADY_COVERED,REVIEW_REQUIRED,NO,"Collision interlingue avec le FR Lard (gras non fondu) de F03 : même forme normalisée lard, sens et produit différents.",Produit précis déjà couvert et importé dans le lot commité ; aucune séparation supplémentaire n'est nécessaire pour la reconnaissance actuelle.,EXACT,animal_fat,,animal_fat,EXACT,animal_fat,,EXACT,animal_fat,,animal_fat,EXACT,animal_fat,,schweineschmalz,DE,FAMILY_OR_CURRENT_OWNER_NOT_PROOF_OF_RECOGNITION,BROADER_FAMILY_OR_SPECIFIC_DENOMINATION_REVIEW_REQUIRED,DOCUMENTARY_ONLY,NO_NEW_ALIAS_KEY_PROPOSED,animal_fat,animal_fat,animal_fat,animal_fat:NON_VEGAN,,,,ALREADY_RECOGNIZED_NO_ALIAS_PROPOSED,C29dcffb0570596,C29dcffb0570596|C9f32cdb7892fb5,Ac0bf87a8f6bc,BROAD_CSV_AND_PRIMARY_PDF,02013R1308,2026-08-18,2026-10-06,fc74f08aa87e22c0fe38cf896a1a323c64cbf7ea
M0249,F03,GRAISSES,UNRENDERED_ANIMAL_FAT,FR,FR,Lard sans parties maigres,Lard sans parties maigres,,CELEX_02013R1308-20260818_FR_TXT.pdf,145,"Annexe I XVII NC0209 10, gras sans partie maigre et non fondu",552,"espèce porcine domestique, autre s que pour la fabrication des produits 
pharmaceutiques, frais, réfrigérés ou congelés  
0209 10 Lard sans parties maigres et graisse de porc non fondue  ou extraite d'une autre manière, 
frais, réfrigérés, congelés, salés ou en saumure, séchés ou fum és 
ex 0210 Viandes ",5ea4e8f11d1ad1871ae780bbdc05ee4beff9a2283b8876be6bffaec4e73f4a4c,Rubriques/entrées réglementaires parallèles ; seules les formes explicitement listées sont retenues dans chaque langue,EXACT_SOURCE_SUBTERM,animal_fat,animal_fat:NON_VEGAN,pork_backfat,NON_ATTRIBUE_CONCEPT_ABSENT,DEFER_COMPOSITE_OR_TAXON_ALIAS,REVIEW_REQUIRED,NO,"BLOQUANT pour un alias FR lard nu : animal_fat possède déjà EN lard, index global sans langue. Spek seul englobe parfois poitrine ; les formes qualifiées restent préférables.","Produit adipeux solide alimentaire distinct du saindoux fondu et de la poitrine entrelardée ; concept séparé possible si l'usage en ingrédient est confirmé. Une seule distinction de produit, pas un concept par langue.",PARTIAL_CONTEXTUAL,animal_fat,sans parties maigres,,PARTIAL_CONTEXTUAL,animal_fat,sans parties maigres,PARTIAL_CONTEXTUAL,animal_fat,sans parties maigres,,PARTIAL_CONTEXTUAL,animal_fat,sans parties maigres,lard sans parties maigres,FR,FAMILY_OR_CURRENT_OWNER_NOT_PROOF_OF_RECOGNITION,BROADER_FAMILY_OR_SPECIFIC_DENOMINATION_REVIEW_REQUIRED,DOCUMENTARY_ONLY,NO_NEW_ALIAS_KEY_PROPOSED,,,,animal_fat:NON_VEGAN,,,,NOT_PROPOSED_CONTEXT_ONLY,,C9c4e5e14e727d3,,BROAD_CSV_AND_PRIMARY_PDF,02013R1308,2026-08-18,2026-10-06,fc74f08aa87e22c0fe38cf896a1a323c64cbf7ea
M0250,F03,GRAISSES,UNRENDERED_ANIMAL_FAT,FR,FR,Lard,Lard,,CELEX_02013R1308-20260818_FR_TXT.pdf,145,"Annexe I XVII NC0209 10, gras sans partie maigre et non fondu",552,"espèce porcine domestique, autre s que pour la fabrication des produits 
pharmaceutiques, frais, réfrigérés ou congelés  
0209 10 Lard sans parties maigres et graisse de porc non fondue  ou extraite d'une autre manière, 
frais, réfrigérés, congelés, salés ou en saumure, séchés ou fum",5ea4e8f11d1ad1871ae780bbdc05ee4beff9a2283b8876be6bffaec4e73f4a4c,Rubriques/entrées réglementaires parallèles ; seules les formes explicitement listées sont retenues dans chaque langue,EXACT_SOURCE_SUBTERM,animal_fat,animal_fat:NON_VEGAN,pork_backfat,NON_ATTRIBUE_CONCEPT_ABSENT,DEFER_COMPOSITE_OR_TAXON_ALIAS,REVIEW_REQUIRED,NO,"BLOQUANT pour un alias FR lard nu : animal_fat possède déjà EN lard, index global sans langue. Spek seul englobe parfois poitrine ; les formes qualifiées restent préférables.","Produit adipeux solide alimentaire distinct du saindoux fondu et de la poitrine entrelardée ; concept séparé possible si l'usage en ingrédient est confirmé. Une seule distinction de produit, pas un concept par langue.",EXACT,animal_fat,,,EXACT,animal_fat,,EXACT,animal_fat,,,EXACT,animal_fat,,lard,FR,FAMILY_OR_CURRENT_OWNER_NOT_PROOF_OF_RECOGNITION,BROADER_FAMILY_OR_SPECIFIC_DENOMINATION_REVIEW_REQUIRED,DOCUMENTARY_ONLY,NO_NEW_ALIAS_KEY_PROPOSED,animal_fat,,,animal_fat:NON_VEGAN,,animal_fat,,ALREADY_RECOGNIZED_NO_ALIAS_PROPOSED,,C9c4e5e14e727d3,,BROAD_CSV_AND_PRIMARY_PDF,02013R1308,2026-08-18,2026-10-06,fc74f08aa87e22c0fe38cf896a1a323c64cbf7ea
M0251,F03,GRAISSES,UNRENDERED_ANIMAL_FAT,NL,NL,Spek (ander dan doorregen spek),Spek (ander dan doorregen spek),,CELEX_02013R1308-20260818_NL_TXT.pdf,145,"Annexe I XVII NC0209 10, gras sans partie maigre et non fondu",495,"en van varkens (huisdieren), andere  dan voor de vervaardiging van 
farmaceutische producten, vers, gekoeld of bevroren  
0209 10 Spek (ander dan doorregen spek), alsmede niet-gesmolten  of anderszins geëxtraheerd var­
kensvet, vers, gekoeld, bevroren, gezouten, gepekeld, gedroogd of gerookt  
ex 0210 Vlees en",99ee3d7c91c02249f6ca6ffca15e06cf2e9603ab9718919138dd2a981281bb74,Rubriques/entrées réglementaires parallèles ; seules les formes explicitement listées sont retenues dans chaque langue,EXACT_SOURCE_SUBTERM,animal_fat,animal_fat:NON_VEGAN,pork_backfat,NON_ATTRIBUE_CONCEPT_ABSENT,DEFER_COMPOSITE_OR_TAXON_ALIAS,REVIEW_REQUIRED,NO,"BLOQUANT pour un alias FR lard nu : animal_fat possède déjà EN lard, index global sans langue. Spek seul englobe parfois poitrine ; les formes qualifiées restent préférables.","Produit adipeux solide alimentaire distinct du saindoux fondu et de la poitrine entrelardée ; concept séparé possible si l'usage en ingrédient est confirmé. Une seule distinction de produit, pas un concept par langue.",NONE,,spek ander dan doorregen spek,,NONE,,spek ander dan doorregen spek,NONE,,spek ander dan doorregen spek,,NONE,,spek ander dan doorregen spek,spek ander dan doorregen spek,NL,FAMILY_OR_CURRENT_OWNER_NOT_PROOF_OF_RECOGNITION,BROADER_FAMILY_OR_SPECIFIC_DENOMINATION_REVIEW_REQUIRED,DOCUMENTARY_ONLY,NO_NEW_ALIAS_KEY_PROPOSED,,,,,,,,NOT_PROPOSED_CONTEXT_ONLY,Cd38619e61b4700,Cd38619e61b4700,,BROAD_CSV_AND_PRIMARY_PDF,02013R1308,2026-08-18,2026-10-06,fc74f08aa87e22c0fe38cf896a1a323c64cbf7ea
M0252,F03,GRAISSES,UNRENDERED_ANIMAL_FAT,NL,NL,Spek,Spek,Spek,CELEX_02013R1308-20260818_NL_TXT.pdf,145,"Annexe I XVII NC0209 10, gras sans partie maigre et non fondu",495,"en van varkens (huisdieren), andere  dan voor de vervaardiging van 
farmaceutische producten, vers, gekoeld of bevroren  
0209 10 Spek (ander dan doorregen spek), alsmede niet-gesmolten  of anderszins geëxtraheerd var­
kensvet, vers, gekoeld, bevroren, gezouten, gepekeld, gedroogd of",99ee3d7c91c02249f6ca6ffca15e06cf2e9603ab9718919138dd2a981281bb74,Rubriques/entrées réglementaires parallèles ; seules les formes explicitement listées sont retenues dans chaque langue,EXACT_SOURCE_SUBTERM,animal_fat,animal_fat:NON_VEGAN,pork_backfat,NON_ATTRIBUE_CONCEPT_ABSENT,PROPOSE_DISTINCT_CONCEPT,REVIEW_REQUIRED,NO,"BLOQUANT pour un alias FR lard nu : animal_fat possède déjà EN lard, index global sans langue. Spek seul englobe parfois poitrine ; les formes qualifiées restent préférables.","Produit adipeux solide alimentaire distinct du saindoux fondu et de la poitrine entrelardée ; concept séparé possible si l'usage en ingrédient est confirmé. Une seule distinction de produit, pas un concept par langue.",NONE,,spek,,NONE,,spek,NONE,,spek,,NONE,,spek,spek,NL,FAMILY_OR_CURRENT_OWNER_NOT_PROOF_OF_RECOGNITION,BROADER_FAMILY_OR_SPECIFIC_DENOMINATION_REVIEW_REQUIRED,LABEL_CANDIDATE,CONTEXT_VALIDATION_REQUIRED,,,,,,,pork_backfat|NL|spek,POTENTIAL_NEW_SURFACE,,Cd38619e61b4700,,BROAD_CSV_AND_PRIMARY_PDF,02013R1308,2026-08-18,2026-10-06,fc74f08aa87e22c0fe38cf896a1a323c64cbf7ea
M0253,F03,GRAISSES,UNRENDERED_ANIMAL_FAT,EN,EN,"Pig fat, free of lean meat","Pig fat, free of lean meat",,CELEX_02013R1308-20260818_EN_TXT.pdf,145,"Annexe I XVII NC0209 10, gras sans partie maigre et non fondu",456,"6 Edible offal of domestic swine, other than for the manu facture of pharmaceutical products, 
fresh, chilled or frozen  
0209 10 Pig fat, free of lean meat, not rendered or otherwise e xtracted, fresh, chilled, frozen, salted, 
in brine, dried or smoked  
ex 0210 Meat and edible meat offal of domestic sw",b5cc2ea8e761cc408cca7f8930de7b2c01c2609f88dcb5a6bdbc4882e4455d11,Rubriques/entrées réglementaires parallèles ; seules les formes explicitement listées sont retenues dans chaque langue,EXACT_SOURCE_SUBTERM,animal_fat,animal_fat:NON_VEGAN,pork_backfat,NON_ATTRIBUE_CONCEPT_ABSENT,DEFER_COMPOSITE_OR_TAXON_ALIAS,REVIEW_REQUIRED,NO,"BLOQUANT pour un alias FR lard nu : animal_fat possède déjà EN lard, index global sans langue. Spek seul englobe parfois poitrine ; les formes qualifiées restent préférables.","Produit adipeux solide alimentaire distinct du saindoux fondu et de la poitrine entrelardée ; concept séparé possible si l'usage en ingrédient est confirmé. Une seule distinction de produit, pas un concept par langue.",PARTIAL_CONTEXTUAL,animal_fat|meat,free of lean,,PARTIAL_CONTEXTUAL,animal_fat|meat,free of lean,PARTIAL_CONTEXTUAL,animal_fat|meat,free of lean,,PARTIAL_CONTEXTUAL,animal_fat|meat,free of lean,pig fat free of lean meat,EN,FAMILY_OR_CURRENT_OWNER_NOT_PROOF_OF_RECOGNITION,BROADER_FAMILY_OR_SPECIFIC_DENOMINATION_REVIEW_REQUIRED,DOCUMENTARY_ONLY,NO_NEW_ALIAS_KEY_PROPOSED,,,,animal_fat:NON_VEGAN|meat:NON_VEGAN,fats of bovine animals,,,NOT_PROPOSED_CONTEXT_ONLY,,,,TARGETED_PRIMARY_PDF,02013R1308,2026-08-18,2026-10-06,fc74f08aa87e22c0fe38cf896a1a323c64cbf7ea
M0254,F03,GRAISSES,UNRENDERED_ANIMAL_FAT,EN,EN,Pig fat,Pig fat,,CELEX_02013R1308-20260818_EN_TXT.pdf,145,"Annexe I XVII NC0209 10, gras sans partie maigre et non fondu",456,"6 Edible offal of domestic swine, other than for the manu facture of pharmaceutical products, 
fresh, chilled or frozen  
0209 10 Pig fat, free of lean meat, not rendered or otherwise e xtracted, fresh, chilled, frozen, salted, 
in brine, dried or smoked  
ex 0210 Meat and edible meat o",b5cc2ea8e761cc408cca7f8930de7b2c01c2609f88dcb5a6bdbc4882e4455d11,Rubriques/entrées réglementaires parallèles ; seules les formes explicitement listées sont retenues dans chaque langue,EXACT_SOURCE_SUBTERM,animal_fat,animal_fat:NON_VEGAN,pork_backfat,NON_ATTRIBUE_CONCEPT_ABSENT,DEFER_COMPOSITE_OR_TAXON_ALIAS,REVIEW_REQUIRED,NO,"BLOQUANT pour un alias FR lard nu : animal_fat possède déjà EN lard, index global sans langue. Spek seul englobe parfois poitrine ; les formes qualifiées restent préférables.","Produit adipeux solide alimentaire distinct du saindoux fondu et de la poitrine entrelardée ; concept séparé possible si l'usage en ingrédient est confirmé. Une seule distinction de produit, pas un concept par langue.",EXACT,animal_fat,,animal_fat,EXACT,animal_fat,,EXACT,animal_fat,,animal_fat,EXACT,animal_fat,,pig fat,EN,FAMILY_OR_CURRENT_OWNER_NOT_PROOF_OF_RECOGNITION,BROADER_FAMILY_OR_SPECIFIC_DENOMINATION_REVIEW_REQUIRED,DOCUMENTARY_ONLY,NO_NEW_ALIAS_KEY_PROPOSED,animal_fat,animal_fat,animal_fat,animal_fat:NON_VEGAN,,animal_fat,,ALREADY_RECOGNIZED_NO_ALIAS_PROPOSED,Cfe9e1be51efbb4,Cfe9e1be51efbb4,A98b06cb91547,BROAD_CSV_AND_PRIMARY_PDF,02013R1308,2026-08-18,2026-10-06,fc74f08aa87e22c0fe38cf896a1a323c64cbf7ea
M0255,F03,GRAISSES,UNRENDERED_ANIMAL_FAT,DE,DE,Schweinespeck ohne magere Teile,Schweinespeck ohne magere Teile,,CELEX_02013R1308-20260818_DE_TXT.pdf,145,"Annexe I XVII NC0209 10, gras sans partie maigre et non fondu",501,"eugnisse von Hausschweinen, andere als zum Herstellen von 
pharmazeutischen Erzeugnissen, frisch, gekühlt oder gefroren  
0209 10 Schweinespeck ohne magere Teile, Schweinefett, weder au sgeschmolzen noch anders aus­
gezogen, frisch, gekühlt, gefroren, gesalzen, in Salzlake, getr ocknet oder geräuchert  
ex 021",64a45b265e50b848f0a1ae239b94a1feef40608b69c69c9e5e14f0ffb7328dda,Rubriques/entrées réglementaires parallèles ; seules les formes explicitement listées sont retenues dans chaque langue,EXACT_SOURCE_SUBTERM,animal_fat,animal_fat:NON_VEGAN,pork_backfat,NON_ATTRIBUE_CONCEPT_ABSENT,DEFER_COMPOSITE_OR_TAXON_ALIAS,REVIEW_REQUIRED,NO,"BLOQUANT pour un alias FR lard nu : animal_fat possède déjà EN lard, index global sans langue. Spek seul englobe parfois poitrine ; les formes qualifiées restent préférables.","Produit adipeux solide alimentaire distinct du saindoux fondu et de la poitrine entrelardée ; concept séparé possible si l'usage en ingrédient est confirmé. Une seule distinction de produit, pas un concept par langue.",NONE,,schweinespeck ohne magere teile,,NONE,,schweinespeck ohne magere teile,NONE,,schweinespeck ohne magere teile,,NONE,,schweinespeck ohne magere teile,schweinespeck ohne magere teile,DE,FAMILY_OR_CURRENT_OWNER_NOT_PROOF_OF_RECOGNITION,BROADER_FAMILY_OR_SPECIFIC_DENOMINATION_REVIEW_REQUIRED,DOCUMENTARY_ONLY,NO_NEW_ALIAS_KEY_PROPOSED,,,,,schweineschmalz|schapen of geitenvet,,,NOT_PROPOSED_CONTEXT_ONLY,C72f8950a4ca3c4,C72f8950a4ca3c4,,BROAD_CSV_AND_PRIMARY_PDF,02013R1308,2026-08-18,2026-10-06,fc74f08aa87e22c0fe38cf896a1a323c64cbf7ea
M0256,F03,GRAISSES,UNRENDERED_ANIMAL_FAT,DE,DE,Schweinespeck,Schweinespeck,Schweinespeck,CELEX_02013R1308-20260818_DE_TXT.pdf,145,"Annexe I XVII NC0209 10, gras sans partie maigre et non fondu",501,"eugnisse von Hausschweinen, andere als zum Herstellen von 
pharmazeutischen Erzeugnissen, frisch, gekühlt oder gefroren  
0209 10 Schweinespeck ohne magere Teile, Schweinefett, weder au sgeschmolzen noch anders aus­
gezogen, frisch, gekühlt, gefroren, gesalzen, in Salzlake, getr ocknet oder g",64a45b265e50b848f0a1ae239b94a1feef40608b69c69c9e5e14f0ffb7328dda,Rubriques/entrées réglementaires parallèles ; seules les formes explicitement listées sont retenues dans chaque langue,EXACT_SOURCE_SUBTERM,animal_fat,animal_fat:NON_VEGAN,pork_backfat,NON_ATTRIBUE_CONCEPT_ABSENT,PROPOSE_DISTINCT_CONCEPT,REVIEW_REQUIRED,NO,"BLOQUANT pour un alias FR lard nu : animal_fat possède déjà EN lard, index global sans langue. Spek seul englobe parfois poitrine ; les formes qualifiées restent préférables.","Produit adipeux solide alimentaire distinct du saindoux fondu et de la poitrine entrelardée ; concept séparé possible si l'usage en ingrédient est confirmé. Une seule distinction de produit, pas un concept par langue.",NONE,,schweinespeck,,NONE,,schweinespeck,NONE,,schweinespeck,,NONE,,schweinespeck,schweinespeck,DE,FAMILY_OR_CURRENT_OWNER_NOT_PROOF_OF_RECOGNITION,BROADER_FAMILY_OR_SPECIFIC_DENOMINATION_REVIEW_REQUIRED,LABEL_CANDIDATE,CONTEXT_VALIDATION_REQUIRED,,,,,schweinefett|schweineschmalz,,pork_backfat|DE|schweinespeck,POTENTIAL_NEW_SURFACE,,C72f8950a4ca3c4,,BROAD_CSV_AND_PRIMARY_PDF,02013R1308,2026-08-18,2026-10-06,fc74f08aa87e22c0fe38cf896a1a323c64cbf7ea
M0257,F04,GRAISSES,SPECIES_ANIMAL_FAT,FR,FR,Graisses des animaux de l'espèce bovine,Graisses des animaux de l'espèce bovine,,CELEX_02013R1308-20260818_FR_TXT.pdf,144,Annexe I XV NCex1502 10 90 p.144 ; XVIII ex1502 90 90 p.146 ; XX 1501 90 00 p.146,217," comestibles des animaux de l'espèce bovine, sa lés ou en saumure, séchés ou fumés, 
autres que onglets et hampes  
ex 1502 10 90 Graisses des animaux de l'espèce bovine, autres q ue celles de la position 1503  
1602 50 31 et 
1602 50 95 
Autres préparations et conserves de viande ou d'abats de l'espè ce bovine, autre",5ea4e8f11d1ad1871ae780bbdc05ee4beff9a2283b8876be6bffaec4e73f4a4c,Rubriques/entrées réglementaires parallèles ; seules les formes explicitement listées sont retenues dans chaque langue,EXACT_SOURCE_SUBTERM,animal_fat,animal_fat:NON_VEGAN,,,ALREADY_COVERED,REVIEW_REQUIRED,NO,La catégorie de gras bovin/ovin ne permet pas de fabriquer le nom suif/tallow/Talg/talk.,Les noms sont déjà dans animal_fat après fc74f08. Aucun déplacement ni multiplication de concepts par espèce ou flexion.,EXACT,animal_fat,,animal_fat,EXACT,animal_fat,,EXACT,animal_fat,,animal_fat,EXACT,animal_fat,,graisses des animaux de l espece bovine,FR,FAMILY_OR_CURRENT_OWNER_NOT_PROOF_OF_RECOGNITION,BROADER_FAMILY_OR_SPECIFIC_DENOMINATION_REVIEW_REQUIRED,DOCUMENTARY_ONLY,NO_NEW_ALIAS_KEY_PROPOSED,animal_fat,animal_fat,animal_fat,animal_fat:NON_VEGAN,,,,ALREADY_RECOGNIZED_NO_ALIAS_PROPOSED,C08b6a25de1020f,C08b6a25de1020f,Adba12345da26,BROAD_CSV_AND_PRIMARY_PDF,02013R1308,2026-08-18,2026-10-06,fc74f08aa87e22c0fe38cf896a1a323c64cbf7ea
M0258,F04,GRAISSES,SPECIES_ANIMAL_FAT,FR,FR,Graisse des animaux des espèces ovine et caprine,Graisse des animaux des espèces ovine et caprine,,CELEX_02013R1308-20260818_FR_TXT.pdf,146,Annexe I XV NCex1502 10 90 p.144 ; XVIII ex1502 90 90 p.146 ; XX 1501 90 00 p.146,351,"es  
0210 99 85 Abats comestibles des animaux des espèces ovine et c aprine, salés ou en saumure, séchés ou 
fumés 
ex 1502 90 90 Graisse des animaux des espèces ovine et caprine,  autres que celles de la position 1503  
c) 1602 90 91 Autres préparations et conserves de viandes ou d' abats d'ovins ou de caprins  
1602 90 95 
P",5ea4e8f11d1ad1871ae780bbdc05ee4beff9a2283b8876be6bffaec4e73f4a4c,Rubriques/entrées réglementaires parallèles ; seules les formes explicitement listées sont retenues dans chaque langue,EXACT_SOURCE_SUBTERM,animal_fat,animal_fat:NON_VEGAN,,,ALREADY_COVERED,REVIEW_REQUIRED,NO,La catégorie de gras bovin/ovin ne permet pas de fabriquer le nom suif/tallow/Talg/talk.,Les noms sont déjà dans animal_fat après fc74f08. Aucun déplacement ni multiplication de concepts par espèce ou flexion.,EXACT,animal_fat,,animal_fat,EXACT,animal_fat,,EXACT,animal_fat,,animal_fat,EXACT,animal_fat,,graisse des animaux des especes ovine et caprine,FR,FAMILY_OR_CURRENT_OWNER_NOT_PROOF_OF_RECOGNITION,BROADER_FAMILY_OR_SPECIFIC_DENOMINATION_REVIEW_REQUIRED,DOCUMENTARY_ONLY,NO_NEW_ALIAS_KEY_PROPOSED,animal_fat,animal_fat,animal_fat,animal_fat:NON_VEGAN,,,,ALREADY_RECOGNIZED_NO_ALIAS_PROPOSED,Cb21592100dc3cf,Cb21592100dc3cf,Aa7cc4fa90db1,BROAD_CSV_AND_PRIMARY_PDF,02013R1308,2026-08-18,2026-10-06,fc74f08aa87e22c0fe38cf896a1a323c64cbf7ea
M0259,F04,GRAISSES,SPECIES_ANIMAL_FAT,FR,FR,Graisses de volaille,Graisses de volaille,,CELEX_02013R1308-20260818_FR_TXT.pdf,146,Annexe I XV NCex1502 10 90 p.144 ; XVIII ex1502 90 90 p.146 ; XX 1501 90 00 p.146,1930," non fondue ou extraite d'une  autre manière, fraîche, réfrigérée, congelée, 
salée ou en saumure séchée ou fumée  
e) 1501 90 00 Graisses de volaille  
▼B",5ea4e8f11d1ad1871ae780bbdc05ee4beff9a2283b8876be6bffaec4e73f4a4c,Rubriques/entrées réglementaires parallèles ; seules les formes explicitement listées sont retenues dans chaque langue,EXACT_SOURCE_SUBTERM,animal_fat,animal_fat:NON_VEGAN,,,ALREADY_COVERED,REVIEW_REQUIRED,NO,La catégorie de gras bovin/ovin ne permet pas de fabriquer le nom suif/tallow/Talg/talk.,Les noms sont déjà dans animal_fat après fc74f08. Aucun déplacement ni multiplication de concepts par espèce ou flexion.,EXACT,animal_fat,,animal_fat,EXACT,animal_fat,,EXACT,animal_fat,,animal_fat,EXACT,animal_fat,,graisses de volaille,FR,FAMILY_OR_CURRENT_OWNER_NOT_PROOF_OF_RECOGNITION,BROADER_FAMILY_OR_SPECIFIC_DENOMINATION_REVIEW_REQUIRED,DOCUMENTARY_ONLY,NO_NEW_ALIAS_KEY_PROPOSED,animal_fat,animal_fat,animal_fat,animal_fat:NON_VEGAN,,,,ALREADY_RECOGNIZED_NO_ALIAS_PROPOSED,Cf4c3e8d317e540,Cf4c3e8d317e540,Abf8d004ce576,BROAD_CSV_AND_PRIMARY_PDF,02013R1308,2026-08-18,2026-10-06,fc74f08aa87e22c0fe38cf896a1a323c64cbf7ea
M0260,F04,GRAISSES,SPECIES_ANIMAL_FAT,NL,NL,Rundervet,Rundervet,,CELEX_02013R1308-20260818_NL_TXT.pdf,144,Annexe I XV NCex1502 10 90 p.144 ; XVIII ex1502 90 90 p.146 ; XX 1501 90 00 p.146,213,"Eetbare slachtafvallen van runderen, gezouten, gepek eld, gedroogd of gerookt, andere dan 
longhaasjes en omlopen  
ex 1502 10 90 Rundervet, ander dan dat bedoeld bij post 1503  
1602 50 31 en 
1602 50 95 
Andere bereidingen en conserven, van vlees of van slachtafvalle n van runderen, and",99ee3d7c91c02249f6ca6ffca15e06cf2e9603ab9718919138dd2a981281bb74,Rubriques/entrées réglementaires parallèles ; seules les formes explicitement listées sont retenues dans chaque langue,EXACT_SOURCE_SUBTERM,animal_fat,animal_fat:NON_VEGAN,,,ALREADY_COVERED,REVIEW_REQUIRED,NO,La catégorie de gras bovin/ovin ne permet pas de fabriquer le nom suif/tallow/Talg/talk.,Les noms sont déjà dans animal_fat après fc74f08. Aucun déplacement ni multiplication de concepts par espèce ou flexion.,EXACT,animal_fat,,animal_fat,EXACT,animal_fat,,EXACT,animal_fat,,animal_fat,EXACT,animal_fat,,rundervet,NL,FAMILY_OR_CURRENT_OWNER_NOT_PROOF_OF_RECOGNITION,BROADER_FAMILY_OR_SPECIFIC_DENOMINATION_REVIEW_REQUIRED,DOCUMENTARY_ONLY,NO_NEW_ALIAS_KEY_PROPOSED,animal_fat,animal_fat,animal_fat,animal_fat:NON_VEGAN,,,,ALREADY_RECOGNIZED_NO_ALIAS_PROPOSED,C203ea1eb6736b9,C203ea1eb6736b9,A6df3fba4a0e7,BROAD_CSV_AND_PRIMARY_PDF,02013R1308,2026-08-18,2026-10-06,fc74f08aa87e22c0fe38cf896a1a323c64cbf7ea
M0261,F04,GRAISSES,SPECIES_ANIMAL_FAT,NL,NL,Schapen- of geitenvet,Schapen- of geitenvet,,CELEX_02013R1308-20260818_NL_TXT.pdf,146,Annexe I XV NCex1502 10 90 p.144 ; XVIII ex1502 90 90 p.146 ; XX 1501 90 00 p.146,335,"producten  
0210 99 85 Eetbare slachtafvallen van schapen en van geiten, ge zouten, gepekeld, gedroogd of gerookt  
ex 1502 90 90 Schapen- of geitenvet, ander dan dat bedoeld bij post 1503  
c) 1602 90 91 Andere bereidingen en conserven, van vlees of van  vleesafvallen, van schapen of van geiten;  
1",99ee3d7c91c02249f6ca6ffca15e06cf2e9603ab9718919138dd2a981281bb74,Rubriques/entrées réglementaires parallèles ; seules les formes explicitement listées sont retenues dans chaque langue,EXACT_SOURCE_SUBTERM,animal_fat,animal_fat:NON_VEGAN,,,ALREADY_COVERED,REVIEW_REQUIRED,NO,La catégorie de gras bovin/ovin ne permet pas de fabriquer le nom suif/tallow/Talg/talk.,Les noms sont déjà dans animal_fat après fc74f08. Aucun déplacement ni multiplication de concepts par espèce ou flexion.,EXACT,animal_fat,,animal_fat,EXACT,animal_fat,,EXACT,animal_fat,,animal_fat,EXACT,animal_fat,,schapen of geitenvet,NL,FAMILY_OR_CURRENT_OWNER_NOT_PROOF_OF_RECOGNITION,BROADER_FAMILY_OR_SPECIFIC_DENOMINATION_REVIEW_REQUIRED,DOCUMENTARY_ONLY,NO_NEW_ALIAS_KEY_PROPOSED,animal_fat,animal_fat,animal_fat,animal_fat:NON_VEGAN,,,,ALREADY_RECOGNIZED_NO_ALIAS_PROPOSED,Cd67c90f7f9f7a9,Cd67c90f7f9f7a9,A96ad2cedeb95,BROAD_CSV_AND_PRIMARY_PDF,02013R1308,2026-08-18,2026-10-06,fc74f08aa87e22c0fe38cf896a1a323c64cbf7ea
M0262,F04,GRAISSES,SPECIES_ANIMAL_FAT,NL,NL,Vet van gevogelte,Vet van gevogelte,,CELEX_02013R1308-20260818_NL_TXT.pdf,146,Annexe I XV NCex1502 10 90 p.144 ; XVIII ex1502 90 90 p.146 ; XX 1501 90 00 p.146,1737,"e, vers, gekoeld, bevroren  
0210 99 71 
0210 99 79 
Levers van pluimvee, gezouten, gepekeld, gedroogd of gerookt  
d) 0209 90 00 Vet van gevogelte (niet gesmolten of anderszins g eëxtraheerd), vers, gekoeld, bevroren, 
gezouten, gepekeld, gedroogd of gerookt  
e) 1501 90 00 Vet van gevogelte  
▼",99ee3d7c91c02249f6ca6ffca15e06cf2e9603ab9718919138dd2a981281bb74,Rubriques/entrées réglementaires parallèles ; seules les formes explicitement listées sont retenues dans chaque langue,EXACT_SOURCE_SUBTERM,animal_fat,animal_fat:NON_VEGAN,,,ALREADY_COVERED,REVIEW_REQUIRED,NO,La catégorie de gras bovin/ovin ne permet pas de fabriquer le nom suif/tallow/Talg/talk.,Les noms sont déjà dans animal_fat après fc74f08. Aucun déplacement ni multiplication de concepts par espèce ou flexion.,EXACT,animal_fat,,animal_fat,EXACT,animal_fat,,EXACT,animal_fat,,animal_fat,EXACT,animal_fat,,vet van gevogelte,NL,FAMILY_OR_CURRENT_OWNER_NOT_PROOF_OF_RECOGNITION,BROADER_FAMILY_OR_SPECIFIC_DENOMINATION_REVIEW_REQUIRED,DOCUMENTARY_ONLY,NO_NEW_ALIAS_KEY_PROPOSED,animal_fat,animal_fat,animal_fat,animal_fat:NON_VEGAN,,,,ALREADY_RECOGNIZED_NO_ALIAS_PROPOSED,,,Ae13338bfb26d,TARGETED_PRIMARY_PDF,02013R1308,2026-08-18,2026-10-06,fc74f08aa87e22c0fe38cf896a1a323c64cbf7ea
M0263,F04,GRAISSES,SPECIES_ANIMAL_FAT,EN,EN,Fats of bovine animals,Fats of bovine animals,,CELEX_02013R1308-20260818_EN_TXT.pdf,144,Annexe I XV NCex1502 10 90 p.144 ; XVIII ex1502 90 90 p.146 ; XX 1501 90 00 p.146,210,"9 Edible meat offal of bovine animals, salted, in brin e, dried or smoked, other than thick skirt 
and thin skirt  
ex 1502 10 90 Fats of bovine animals other than those of headin g 1503  
1602 50 31 and 
1602 50 95 
Other prepared or preserved meat or meat offal, of bovine anima ls, other than uncook",b5cc2ea8e761cc408cca7f8930de7b2c01c2609f88dcb5a6bdbc4882e4455d11,Rubriques/entrées réglementaires parallèles ; seules les formes explicitement listées sont retenues dans chaque langue,EXACT_SOURCE_SUBTERM,animal_fat,animal_fat:NON_VEGAN,,,ALREADY_COVERED,REVIEW_REQUIRED,NO,La catégorie de gras bovin/ovin ne permet pas de fabriquer le nom suif/tallow/Talg/talk.,Les noms sont déjà dans animal_fat après fc74f08. Aucun déplacement ni multiplication de concepts par espèce ou flexion.,EXACT,animal_fat,,animal_fat,EXACT,animal_fat,,EXACT,animal_fat,,animal_fat,EXACT,animal_fat,,fats of bovine animals,EN,FAMILY_OR_CURRENT_OWNER_NOT_PROOF_OF_RECOGNITION,BROADER_FAMILY_OR_SPECIFIC_DENOMINATION_REVIEW_REQUIRED,DOCUMENTARY_ONLY,NO_NEW_ALIAS_KEY_PROPOSED,animal_fat,animal_fat,animal_fat,animal_fat:NON_VEGAN,,,,ALREADY_RECOGNIZED_NO_ALIAS_PROPOSED,C6d242159079df4,C6d242159079df4,A617e8de7ce15,BROAD_CSV_AND_PRIMARY_PDF,02013R1308,2026-08-18,2026-10-06,fc74f08aa87e22c0fe38cf896a1a323c64cbf7ea
M0264,F04,GRAISSES,SPECIES_ANIMAL_FAT,EN,EN,Fats of sheep or goats,Fats of sheep or goats,,CELEX_02013R1308-20260818_EN_TXT.pdf,146,Annexe I XV NCex1502 10 90 p.144 ; XVIII ex1502 90 90 p.146 ; XX 1501 90 00 p.146,278,"cture of pharmaceutical 
products 
0210 99 85 Edible offal of sheep and goats, salted, in brine, d ried or smoked  
ex 1502 90 90 Fats of sheep or goats, other than those of headi ng 1503  
(c) 1602 90 91 Other prepared or preserved meat or meat offal o f sheep or goats;  
1602 90 95 
PART XIX  
Eggs ",b5cc2ea8e761cc408cca7f8930de7b2c01c2609f88dcb5a6bdbc4882e4455d11,Rubriques/entrées réglementaires parallèles ; seules les formes explicitement listées sont retenues dans chaque langue,EXACT_SOURCE_SUBTERM,animal_fat,animal_fat:NON_VEGAN,,,ALREADY_COVERED,REVIEW_REQUIRED,NO,La catégorie de gras bovin/ovin ne permet pas de fabriquer le nom suif/tallow/Talg/talk.,Les noms sont déjà dans animal_fat après fc74f08. Aucun déplacement ni multiplication de concepts par espèce ou flexion.,EXACT,animal_fat,,animal_fat,EXACT,animal_fat,,EXACT,animal_fat,,animal_fat,EXACT,animal_fat,,fats of sheep or goats,EN,FAMILY_OR_CURRENT_OWNER_NOT_PROOF_OF_RECOGNITION,BROADER_FAMILY_OR_SPECIFIC_DENOMINATION_REVIEW_REQUIRED,DOCUMENTARY_ONLY,NO_NEW_ALIAS_KEY_PROPOSED,animal_fat,animal_fat,animal_fat,animal_fat:NON_VEGAN,,,,ALREADY_RECOGNIZED_NO_ALIAS_PROPOSED,C4897b491a304bc,C4897b491a304bc,A6dae67671904,BROAD_CSV_AND_PRIMARY_PDF,02013R1308,2026-08-18,2026-10-06,fc74f08aa87e22c0fe38cf896a1a323c64cbf7ea
M0265,F04,GRAISSES,SPECIES_ANIMAL_FAT,EN,EN,Poultry fat,Poultry fat,,CELEX_02013R1308-20260818_EN_TXT.pdf,146,Annexe I XV NCex1502 10 90 p.144 ; XVIII ex1502 90 90 p.146 ; XX 1501 90 00 p.146,1611,"ltry liver, fresh, chilled or frozen  
0210 99 71 
0210 99 79 
Poultry livers, salted, in brine, dried or smoked  
(d) 0209 90 00 Poultry fat, not rendered or otherwise extracted , fresh, chilled, frozen, salted, in brine, dried 
or smoked  
(e) 1501 90 00 Poultry fat  
▼B",b5cc2ea8e761cc408cca7f8930de7b2c01c2609f88dcb5a6bdbc4882e4455d11,Rubriques/entrées réglementaires parallèles ; seules les formes explicitement listées sont retenues dans chaque langue,EXACT_SOURCE_SUBTERM,animal_fat,animal_fat:NON_VEGAN,,,ALREADY_COVERED,REVIEW_REQUIRED,NO,La catégorie de gras bovin/ovin ne permet pas de fabriquer le nom suif/tallow/Talg/talk.,Les noms sont déjà dans animal_fat après fc74f08. Aucun déplacement ni multiplication de concepts par espèce ou flexion.,EXACT,animal_fat,,animal_fat,EXACT,animal_fat,,EXACT,animal_fat,,animal_fat,EXACT,animal_fat,,poultry fat,EN,FAMILY_OR_CURRENT_OWNER_NOT_PROOF_OF_RECOGNITION,BROADER_FAMILY_OR_SPECIFIC_DENOMINATION_REVIEW_REQUIRED,DOCUMENTARY_ONLY,NO_NEW_ALIAS_KEY_PROPOSED,animal_fat,animal_fat,animal_fat,animal_fat:NON_VEGAN,,,,ALREADY_RECOGNIZED_NO_ALIAS_PROPOSED,C500f8f437e4f9d,C500f8f437e4f9d,Ac71bfbed5422,BROAD_CSV_AND_PRIMARY_PDF,02013R1308,2026-08-18,2026-10-06,fc74f08aa87e22c0fe38cf896a1a323c64cbf7ea
M0266,F04,GRAISSES,SPECIES_ANIMAL_FAT,DE,DE,Fett von Rindern,Fett von Rindern,,CELEX_02013R1308-20260818_DE_TXT.pdf,144,Annexe I XV NCex1502 10 90 p.144 ; XVIII ex1502 90 90 p.146 ; XX 1501 90 00 p.146,265," ges alzen, in Salzlake, getrocknet oder 
geräuchert, andere als Zwerchfellpfeiler (Nierenzapfen) und Sau mfleisch 
ex 1502 10 90 Fett von Rindern, ausgenommen solches der Positio n 1503  
1602 50 31 und 
1602 50 95 
Fleisch und Schlachtnebenerzeugnisse von Rindern, anders zubere itet oder haltb",64a45b265e50b848f0a1ae239b94a1feef40608b69c69c9e5e14f0ffb7328dda,Rubriques/entrées réglementaires parallèles ; seules les formes explicitement listées sont retenues dans chaque langue,EXACT_SOURCE_SUBTERM,animal_fat,animal_fat:NON_VEGAN,,,ALREADY_COVERED,REVIEW_REQUIRED,NO,La catégorie de gras bovin/ovin ne permet pas de fabriquer le nom suif/tallow/Talg/talk.,Les noms sont déjà dans animal_fat après fc74f08. Aucun déplacement ni multiplication de concepts par espèce ou flexion.,EXACT,animal_fat,,animal_fat,EXACT,animal_fat,,EXACT,animal_fat,,animal_fat,EXACT,animal_fat,,fett von rindern,DE,FAMILY_OR_CURRENT_OWNER_NOT_PROOF_OF_RECOGNITION,BROADER_FAMILY_OR_SPECIFIC_DENOMINATION_REVIEW_REQUIRED,DOCUMENTARY_ONLY,NO_NEW_ALIAS_KEY_PROPOSED,animal_fat,animal_fat,animal_fat,animal_fat:NON_VEGAN,,,,ALREADY_RECOGNIZED_NO_ALIAS_PROPOSED,C3e160801611bf8,C3e160801611bf8,A4bfa1ef450fc,BROAD_CSV_AND_PRIMARY_PDF,02013R1308,2026-08-18,2026-10-06,fc74f08aa87e22c0fe38cf896a1a323c64cbf7ea
M0267,F04,GRAISSES,SPECIES_ANIMAL_FAT,DE,DE,Fett von Schafen oder Ziegen,Fett von Schafen oder Ziegen,,CELEX_02013R1308-20260818_DE_TXT.pdf,146,Annexe I XV NCex1502 10 90 p.144 ; XVIII ex1502 90 90 p.146 ; XX 1501 90 00 p.146,367,"Genießbare Schlachtnebenerzeugnisse von Schafen oder  Ziegen, gesalzen, in Salzlake, ge­
trocknet oder geräuchert  
ex 1502 90 90 Fett von Schafen oder Ziegen, ausgenommen solches  der Position 1503  
c) 1602 90 91 Fleisch oder Schlachtnebenerzeugnisse von Schafen  oder Ziegen, anders zubereitet oder 
haltb",64a45b265e50b848f0a1ae239b94a1feef40608b69c69c9e5e14f0ffb7328dda,Rubriques/entrées réglementaires parallèles ; seules les formes explicitement listées sont retenues dans chaque langue,EXACT_SOURCE_SUBTERM,animal_fat,animal_fat:NON_VEGAN,,,ALREADY_COVERED,REVIEW_REQUIRED,NO,La catégorie de gras bovin/ovin ne permet pas de fabriquer le nom suif/tallow/Talg/talk.,Les noms sont déjà dans animal_fat après fc74f08. Aucun déplacement ni multiplication de concepts par espèce ou flexion.,EXACT,animal_fat,,animal_fat,EXACT,animal_fat,,EXACT,animal_fat,,animal_fat,EXACT,animal_fat,,fett von schafen oder ziegen,DE,FAMILY_OR_CURRENT_OWNER_NOT_PROOF_OF_RECOGNITION,BROADER_FAMILY_OR_SPECIFIC_DENOMINATION_REVIEW_REQUIRED,DOCUMENTARY_ONLY,NO_NEW_ALIAS_KEY_PROPOSED,animal_fat,animal_fat,animal_fat,animal_fat:NON_VEGAN,,,,ALREADY_RECOGNIZED_NO_ALIAS_PROPOSED,C6127ce892f45eb,C6127ce892f45eb,A5bf94d849f1b,BROAD_CSV_AND_PRIMARY_PDF,02013R1308,2026-08-18,2026-10-06,fc74f08aa87e22c0fe38cf896a1a323c64cbf7ea
M0268,F04,GRAISSES,SPECIES_ANIMAL_FAT,DE,DE,Geflügelfett,Geflügelfett,,CELEX_02013R1308-20260818_DE_TXT.pdf,146,Annexe I XV NCex1502 10 90 p.144 ; XVIII ex1502 90 90 p.146 ; XX 1501 90 00 p.146,1804,"gekühlt oder gefroren  
0210 99 71 
0210 99 79 
Geflügellebern, gesalzen, in Salzlake, getrocknet oder geräuche rt 
d) 0209 90 00 Geflügelfett, weder ausgeschmolzen noch anders au sgezogen, frisch, gekühlt, gefroren, ge­
salzen, in Salzlake, getrocknet oder geräuchert  
e) 1501 90 00 Geflüge",64a45b265e50b848f0a1ae239b94a1feef40608b69c69c9e5e14f0ffb7328dda,Rubriques/entrées réglementaires parallèles ; seules les formes explicitement listées sont retenues dans chaque langue,EXACT_SOURCE_SUBTERM,animal_fat,animal_fat:NON_VEGAN,,,ALREADY_COVERED,REVIEW_REQUIRED,NO,La catégorie de gras bovin/ovin ne permet pas de fabriquer le nom suif/tallow/Talg/talk.,Les noms sont déjà dans animal_fat après fc74f08. Aucun déplacement ni multiplication de concepts par espèce ou flexion.,EXACT,animal_fat,,animal_fat,EXACT,animal_fat,,EXACT,animal_fat,,animal_fat,EXACT,animal_fat,,geflugelfett,DE,FAMILY_OR_CURRENT_OWNER_NOT_PROOF_OF_RECOGNITION,BROADER_FAMILY_OR_SPECIFIC_DENOMINATION_REVIEW_REQUIRED,DOCUMENTARY_ONLY,NO_NEW_ALIAS_KEY_PROPOSED,animal_fat,animal_fat,animal_fat,animal_fat:NON_VEGAN,,,,ALREADY_RECOGNIZED_NO_ALIAS_PROPOSED,Caf498c1061358d,Caf498c1061358d,Aea78fce14025,BROAD_CSV_AND_PRIMARY_PDF,02013R1308,2026-08-18,2026-10-06,fc74f08aa87e22c0fe38cf896a1a323c64cbf7ea
M0269,F05,GRAISSES,ANIMAL_FAT_FRACTION,FR,FR,huile de suif,huile de suif,huile de suif,CELEX_02013R1308-20260818_FR_TXT.pdf,153,Annexe I XXIV section 1 NC1503 00 p.153,2546," l'exclusion des graisses d'os et de déchets (  γ ) 
1503 00 Stéarine solaire, huile de saindoux, oléostéarine, oléo margarine et huile de suif, non émul­
sionnées, ni mélangées ni autrement préparées  
ex 1504 Graisses et huiles et leurs fractions, de poissons ou d e mammifères marins, même ",5ea4e8f11d1ad1871ae780bbdc05ee4beff9a2283b8876be6bffaec4e73f4a4c,Rubriques/entrées réglementaires parallèles ; seules les formes explicitement listées sont retenues dans chaque langue,EXACT_SOURCE_SUBTERM,animal_fat,animal_fat:NON_VEGAN,,,PROPOSE_ALIAS_EXISTING,REVIEW_REQUIRED,NO,Nom technique de fraction ; NC1503 seule ne garantit pas l'usage comme ingrédient humain. tallow oil comporte un espace artificiel dans la couche EN.,Produit nommé précisément : rattachement à animal_fat suffisant pour la reconnaissance. Pas de concept tallow séparé ni de réduction silencieuse du nom au seul suif.,NONE,,huile de suif,,NONE,,huile de suif,NONE,,huile de suif,,NONE,,huile de suif,huile de suif,FR,FAMILY_OR_CURRENT_OWNER_NOT_PROOF_OF_RECOGNITION,BROADER_FAMILY_OR_SPECIFIC_DENOMINATION_REVIEW_REQUIRED,LOW_SOURCE_CATEGORY,SEMANTIC_OR_LANGUAGE_REVIEW_REQUIRED,,,,,,,animal_fat|FR|huile de suif,POTENTIAL_NEW_SURFACE,C4437ff1dd2d790,C4437ff1dd2d790,,BROAD_CSV_AND_PRIMARY_PDF,02013R1308,2026-08-18,2026-10-06,fc74f08aa87e22c0fe38cf896a1a323c64cbf7ea
M0270,F05,GRAISSES,ANIMAL_FAT_FRACTION,NL,NL,talkolie,talkolie,talkolie,CELEX_02013R1308-20260818_NL_TXT.pdf,153,Annexe I XXIV section 1 NC1503 00 p.153,2421,"nsumptie, met uitzondering van beendervet en kadav ervet ( γ ) 
1503 00 Varkensstearine, spekolie, oleostearine, oleomargarine en talkolie, niet geëmulgeerd, niet 
vermengd, noch op andere wijze bereid  
ex 1504 Vetten en oliën, van vis of van zeezoogdieren, alsmede fracties daarvan, ook",99ee3d7c91c02249f6ca6ffca15e06cf2e9603ab9718919138dd2a981281bb74,Rubriques/entrées réglementaires parallèles ; seules les formes explicitement listées sont retenues dans chaque langue,EXACT_SOURCE_SUBTERM,animal_fat,animal_fat:NON_VEGAN,,,PROPOSE_ALIAS_EXISTING,REVIEW_REQUIRED,NO,Nom technique de fraction ; NC1503 seule ne garantit pas l'usage comme ingrédient humain. tallow oil comporte un espace artificiel dans la couche EN.,Produit nommé précisément : rattachement à animal_fat suffisant pour la reconnaissance. Pas de concept tallow séparé ni de réduction silencieuse du nom au seul suif.,NONE,,talkolie,,NONE,,talkolie,NONE,,talkolie,,NONE,,talkolie,talkolie,NL,FAMILY_OR_CURRENT_OWNER_NOT_PROOF_OF_RECOGNITION,BROADER_FAMILY_OR_SPECIFIC_DENOMINATION_REVIEW_REQUIRED,LOW_SOURCE_CATEGORY,SEMANTIC_OR_LANGUAGE_REVIEW_REQUIRED,,,,,,,animal_fat|NL|talkolie,POTENTIAL_NEW_SURFACE,C568f5936a95a60,C568f5936a95a60,,BROAD_CSV_AND_PRIMARY_PDF,02013R1308,2026-08-18,2026-10-06,fc74f08aa87e22c0fe38cf896a1a323c64cbf7ea
M0271,F05,GRAISSES,ANIMAL_FAT_FRACTION,EN,EN,tallo w oil,tallow oil,tallow oil,CELEX_02013R1308-20260818_EN_TXT.pdf,153,Annexe I XXIV section 1 NC1503 00 p.153,2205,"uman consumption, 
excluding fats obtained from bones and waste (  γ ) 
1503 00 Lard stearin, lard oil, oleostearin, oleo-oil and tallo w oil, not emulsified or mixed or 
otherwise prepared  
ex 1504 Fats and oils and their fractions, of fish or marine ma mmals, whether or not refined, but ",b5cc2ea8e761cc408cca7f8930de7b2c01c2609f88dcb5a6bdbc4882e4455d11,Rubriques/entrées réglementaires parallèles ; seules les formes explicitement listées sont retenues dans chaque langue,SOURCE_TEXT_WITH_LAYOUT_REPAIR,animal_fat,animal_fat:NON_VEGAN,,,PROPOSE_ALIAS_EXISTING,REVIEW_REQUIRED,NO,Nom technique de fraction ; NC1503 seule ne garantit pas l'usage comme ingrédient humain. tallow oil comporte un espace artificiel dans la couche EN.,Produit nommé précisément : rattachement à animal_fat suffisant pour la reconnaissance. Pas de concept tallow séparé ni de réduction silencieuse du nom au seul suif.,NONE,,tallo w oil,,NONE,,tallo w oil,NONE,,tallow oil,,NONE,,tallow oil,tallow oil,EN,FAMILY_OR_CURRENT_OWNER_NOT_PROOF_OF_RECOGNITION,BROADER_FAMILY_OR_SPECIFIC_DENOMINATION_REVIEW_REQUIRED,LOW_SOURCE_CATEGORY,SEMANTIC_OR_LANGUAGE_REVIEW_REQUIRED,,,,,,,animal_fat|EN|tallow oil,POTENTIAL_NEW_SURFACE,C2ff9184bac0b43,C2ff9184bac0b43,,BROAD_CSV_AND_PRIMARY_PDF,02013R1308,2026-08-18,2026-10-06,fc74f08aa87e22c0fe38cf896a1a323c64cbf7ea
M0272,F05,GRAISSES,ANIMAL_FAT_FRACTION,DE,DE,Talgöl,Talgöl,Talgöl,CELEX_02013R1308-20260818_DE_TXT.pdf,153,Annexe I XXIV section 1 NC1503 00 p.153,2386,"ebe nsmitteln, ausgenom­
men Knochenfett und Abfallfett (  γ ) 
1503 00 Schmalzstearin, Schmalzöl, Oleostearin, Oleomargarin un d Talgöl, weder emulgiert, ver­
mischt noch anders verarbeitet  
ex 1504 Fette und Öle sowie deren Fraktionen, von Fischen oder Meeressäugetieren, auch raffin",64a45b265e50b848f0a1ae239b94a1feef40608b69c69c9e5e14f0ffb7328dda,Rubriques/entrées réglementaires parallèles ; seules les formes explicitement listées sont retenues dans chaque langue,EXACT_SOURCE_SUBTERM,animal_fat,animal_fat:NON_VEGAN,,,PROPOSE_ALIAS_EXISTING,REVIEW_REQUIRED,NO,Nom technique de fraction ; NC1503 seule ne garantit pas l'usage comme ingrédient humain. tallow oil comporte un espace artificiel dans la couche EN.,Produit nommé précisément : rattachement à animal_fat suffisant pour la reconnaissance. Pas de concept tallow séparé ni de réduction silencieuse du nom au seul suif.,NONE,,talgol,,NONE,,talgol,NONE,,talgol,,NONE,,talgol,talgol,DE,FAMILY_OR_CURRENT_OWNER_NOT_PROOF_OF_RECOGNITION,BROADER_FAMILY_OR_SPECIFIC_DENOMINATION_REVIEW_REQUIRED,LOW_SOURCE_CATEGORY,SEMANTIC_OR_LANGUAGE_REVIEW_REQUIRED,,,,,,,animal_fat|DE|talgol,POTENTIAL_NEW_SURFACE,C94d70d92319155,C94d70d92319155,,BROAD_CSV_AND_PRIMARY_PDF,02013R1308,2026-08-18,2026-10-06,fc74f08aa87e22c0fe38cf896a1a323c64cbf7ea
M0273,F06,GRAISSES,ANIMAL_FAT_FRACTION,FR,FR,huile de saindoux,huile de saindoux,huile de saindoux,CELEX_02013R1308-20260818_FR_TXT.pdf,153,Annexe I XXIV section 1 NC1503 00 p.153,2495,"ication de produits pour l'alimentation 
humaine, à l'exclusion des graisses d'os et de déchets (  γ ) 
1503 00 Stéarine solaire, huile de saindoux, oléostéarine, oléo margarine et huile de suif, non émul­
sionnées, ni mélangées ni autrement préparées  
ex 1504 Graisses et huiles et leurs fractio",5ea4e8f11d1ad1871ae780bbdc05ee4beff9a2283b8876be6bffaec4e73f4a4c,Rubriques/entrées réglementaires parallèles ; seules les formes explicitement listées sont retenues dans chaque langue,EXACT_SOURCE_SUBTERM,animal_fat,animal_fat:NON_VEGAN,,,PROPOSE_ALIAS_EXISTING,REVIEW_REQUIRED,NO,Spek/Schmalz ne sont pas automatiquement des synonymes du produit fractionné ; ne pas inclure des huiles végétales sous la même logique.,Alias complet possible pour animal_fat ; pas de concept distinct sans utilité d'étiquette mieux établie. Une base saindoux/lard reconnue n'est pas la couverture de l'expression complète.,COVERED,animal_fat,huile de,,COVERED,animal_fat,huile de,COVERED,animal_fat,huile de,,COVERED,animal_fat,huile de,huile de saindoux,FR,FAMILY_OR_CURRENT_OWNER_NOT_PROOF_OF_RECOGNITION,BROADER_FAMILY_OR_SPECIFIC_DENOMINATION_REVIEW_REQUIRED,LOW_SOURCE_CATEGORY,SEMANTIC_OR_LANGUAGE_REVIEW_REQUIRED,,,,animal_fat:NON_VEGAN,saindoux|graisses de porc y compris le saindoux,,animal_fat|FR|huile de saindoux,POTENTIAL_NEW_SURFACE,Cd58e2419e91794,Cd58e2419e91794,,BROAD_CSV_AND_PRIMARY_PDF,02013R1308,2026-08-18,2026-10-06,fc74f08aa87e22c0fe38cf896a1a323c64cbf7ea
M0274,F06,GRAISSES,ANIMAL_FAT_FRACTION,NL,NL,spekolie,spekolie,spekolie,CELEX_02013R1308-20260818_NL_TXT.pdf,153,Annexe I XXIV section 1 NC1503 00 p.153,2380,"dig ing van producten voor 
menselijke consumptie, met uitzondering van beendervet en kadav ervet ( γ ) 
1503 00 Varkensstearine, spekolie, oleostearine, oleomargarine en talkolie, niet geëmulgeerd, niet 
vermengd, noch op andere wijze bereid  
ex 1504 Vetten en oliën, van vis of van zee",99ee3d7c91c02249f6ca6ffca15e06cf2e9603ab9718919138dd2a981281bb74,Rubriques/entrées réglementaires parallèles ; seules les formes explicitement listées sont retenues dans chaque langue,EXACT_SOURCE_SUBTERM,animal_fat,animal_fat:NON_VEGAN,,,PROPOSE_ALIAS_EXISTING,REVIEW_REQUIRED,NO,Spek/Schmalz ne sont pas automatiquement des synonymes du produit fractionné ; ne pas inclure des huiles végétales sous la même logique.,Alias complet possible pour animal_fat ; pas de concept distinct sans utilité d'étiquette mieux établie. Une base saindoux/lard reconnue n'est pas la couverture de l'expression complète.,NONE,,spekolie,,NONE,,spekolie,NONE,,spekolie,,NONE,,spekolie,spekolie,NL,FAMILY_OR_CURRENT_OWNER_NOT_PROOF_OF_RECOGNITION,BROADER_FAMILY_OR_SPECIFIC_DENOMINATION_REVIEW_REQUIRED,LOW_SOURCE_CATEGORY,SEMANTIC_OR_LANGUAGE_REVIEW_REQUIRED,,,,,,,animal_fat|NL|spekolie,POTENTIAL_NEW_SURFACE,C475f16d04f6f97,C475f16d04f6f97,,BROAD_CSV_AND_PRIMARY_PDF,02013R1308,2026-08-18,2026-10-06,fc74f08aa87e22c0fe38cf896a1a323c64cbf7ea
M0275,F06,GRAISSES,ANIMAL_FAT_FRACTION,EN,EN,lard oil,lard oil,lard oil,CELEX_02013R1308-20260818_EN_TXT.pdf,153,Annexe I XXIV section 1 NC1503 00 p.153,2169," the manufacture of foodstuffs for human consumption, 
excluding fats obtained from bones and waste (  γ ) 
1503 00 Lard stearin, lard oil, oleostearin, oleo-oil and tallo w oil, not emulsified or mixed or 
otherwise prepared  
ex 1504 Fats and oils and their fractions, of fish or marine",b5cc2ea8e761cc408cca7f8930de7b2c01c2609f88dcb5a6bdbc4882e4455d11,Rubriques/entrées réglementaires parallèles ; seules les formes explicitement listées sont retenues dans chaque langue,EXACT_SOURCE_SUBTERM,animal_fat,animal_fat:NON_VEGAN,,,PROPOSE_ALIAS_EXISTING,REVIEW_REQUIRED,NO,Spek/Schmalz ne sont pas automatiquement des synonymes du produit fractionné ; ne pas inclure des huiles végétales sous la même logique.,Alias complet possible pour animal_fat ; pas de concept distinct sans utilité d'étiquette mieux établie. Une base saindoux/lard reconnue n'est pas la couverture de l'expression complète.,PARTIAL_CONTEXTUAL,animal_fat,oil,,PARTIAL_CONTEXTUAL,animal_fat,oil,PARTIAL_CONTEXTUAL,animal_fat,oil,,PARTIAL_CONTEXTUAL,animal_fat,oil,lard oil,EN,FAMILY_OR_CURRENT_OWNER_NOT_PROOF_OF_RECOGNITION,BROADER_FAMILY_OR_SPECIFIC_DENOMINATION_REVIEW_REQUIRED,LOW_SOURCE_CATEGORY,SEMANTIC_OR_LANGUAGE_REVIEW_REQUIRED,,,,animal_fat:NON_VEGAN,lard,,animal_fat|EN|lard oil,POTENTIAL_NEW_SURFACE,C61040bcc790344,C61040bcc790344,,BROAD_CSV_AND_PRIMARY_PDF,02013R1308,2026-08-18,2026-10-06,fc74f08aa87e22c0fe38cf896a1a323c64cbf7ea
M0276,F06,GRAISSES,ANIMAL_FAT_FRACTION,DE,DE,Schmalzöl,Schmalzöl,Schmalzöl,CELEX_02013R1308-20260818_DE_TXT.pdf,153,Annexe I XXIV section 1 NC1503 00 p.153,2344," Zwecken, ausgenommen zum Herstellen von Lebe nsmitteln, ausgenom­
men Knochenfett und Abfallfett (  γ ) 
1503 00 Schmalzstearin, Schmalzöl, Oleostearin, Oleomargarin un d Talgöl, weder emulgiert, ver­
mischt noch anders verarbeitet  
ex 1504 Fette und Öle sowie deren Fraktionen, von Fisc",64a45b265e50b848f0a1ae239b94a1feef40608b69c69c9e5e14f0ffb7328dda,Rubriques/entrées réglementaires parallèles ; seules les formes explicitement listées sont retenues dans chaque langue,EXACT_SOURCE_SUBTERM,animal_fat,animal_fat:NON_VEGAN,,,PROPOSE_ALIAS_EXISTING,REVIEW_REQUIRED,NO,Spek/Schmalz ne sont pas automatiquement des synonymes du produit fractionné ; ne pas inclure des huiles végétales sous la même logique.,Alias complet possible pour animal_fat ; pas de concept distinct sans utilité d'étiquette mieux établie. Une base saindoux/lard reconnue n'est pas la couverture de l'expression complète.,NONE,,schmalzol,,NONE,,schmalzol,NONE,,schmalzol,,NONE,,schmalzol,schmalzol,DE,FAMILY_OR_CURRENT_OWNER_NOT_PROOF_OF_RECOGNITION,BROADER_FAMILY_OR_SPECIFIC_DENOMINATION_REVIEW_REQUIRED,LOW_SOURCE_CATEGORY,SEMANTIC_OR_LANGUAGE_REVIEW_REQUIRED,,,,,schweineschmalz,,animal_fat|DE|schmalzol,POTENTIAL_NEW_SURFACE,C411e8a68dcfb2a,C411e8a68dcfb2a,,BROAD_CSV_AND_PRIMARY_PDF,02013R1308,2026-08-18,2026-10-06,fc74f08aa87e22c0fe38cf896a1a323c64cbf7ea
M0277,F07,GRAISSES,TECHNICAL_FAT_FRACTION,FR,FR,Stéarine solaire,Stéarine solaire,,CELEX_02013R1308-20260818_FR_TXT.pdf,153,Annexe I XXIV section 1 NC1503 00 p.153,2477,"autres que la fabrication de produits pour l'alimentation 
humaine, à l'exclusion des graisses d'os et de déchets (  γ ) 
1503 00 Stéarine solaire, huile de saindoux, oléostéarine, oléo margarine et huile de suif, non émul­
sionnées, ni mélangées ni autrement préparées  
ex 1504 Graisses et huil",5ea4e8f11d1ad1871ae780bbdc05ee4beff9a2283b8876be6bffaec4e73f4a4c,Rubriques/entrées réglementaires parallèles ; seules les formes explicitement listées sont retenues dans chaque langue,EXACT_SOURCE_SUBTERM,animal_fat,animal_fat:NON_VEGAN,,,DEFER_CONTEXT_ONLY,REVIEW_REQUIRED,NO,NC et noms industriels ne prouvent pas un ingrédient usuel ; ne pas confondre oléomargarine avec toute margarine végétale.,Termes techniques gardés comme preuve documentaire. Aucun alias ni concept alimentaire proposé sans étude d'usage et de composition ; Stéarine solaire est conservé sans correction.,NONE,,stearine solaire,,NONE,,stearine solaire,NONE,,stearine solaire,,NONE,,stearine solaire,stearine solaire,FR,FAMILY_OR_CURRENT_OWNER_NOT_PROOF_OF_RECOGNITION,BROADER_FAMILY_OR_SPECIFIC_DENOMINATION_REVIEW_REQUIRED,LOW_SOURCE_CATEGORY,NO_NEW_ALIAS_KEY_PROPOSED,,,,,graisses de volaille,,,NOT_PROPOSED_CONTEXT_ONLY,Cecf5c3446e337b,Cecf5c3446e337b,,BROAD_CSV_AND_PRIMARY_PDF,02013R1308,2026-08-18,2026-10-06,fc74f08aa87e22c0fe38cf896a1a323c64cbf7ea
M0278,F07,GRAISSES,TECHNICAL_FAT_FRACTION,FR,FR,oléostéarine,oléostéarine,,CELEX_02013R1308-20260818_FR_TXT.pdf,153,Annexe I XXIV section 1 NC1503 00 p.153,2514," pour l'alimentation 
humaine, à l'exclusion des graisses d'os et de déchets (  γ ) 
1503 00 Stéarine solaire, huile de saindoux, oléostéarine, oléo margarine et huile de suif, non émul­
sionnées, ni mélangées ni autrement préparées  
ex 1504 Graisses et huiles et leurs fractions, de poisson",5ea4e8f11d1ad1871ae780bbdc05ee4beff9a2283b8876be6bffaec4e73f4a4c,Rubriques/entrées réglementaires parallèles ; seules les formes explicitement listées sont retenues dans chaque langue,EXACT_SOURCE_SUBTERM,animal_fat,animal_fat:NON_VEGAN,,,DEFER_CONTEXT_ONLY,REVIEW_REQUIRED,NO,NC et noms industriels ne prouvent pas un ingrédient usuel ; ne pas confondre oléomargarine avec toute margarine végétale.,Termes techniques gardés comme preuve documentaire. Aucun alias ni concept alimentaire proposé sans étude d'usage et de composition ; Stéarine solaire est conservé sans correction.,NONE,,oleostearine,,NONE,,oleostearine,NONE,,oleostearine,,NONE,,oleostearine,oleostearine,FR,FAMILY_OR_CURRENT_OWNER_NOT_PROOF_OF_RECOGNITION,BROADER_FAMILY_OR_SPECIFIC_DENOMINATION_REVIEW_REQUIRED,LOW_SOURCE_CATEGORY,NO_NEW_ALIAS_KEY_PROPOSED,,,,,,,,NOT_PROPOSED_CONTEXT_ONLY,C2ab60db5a0f5b4,C2ab60db5a0f5b4,,BROAD_CSV_AND_PRIMARY_PDF,02013R1308,2026-08-18,2026-10-06,fc74f08aa87e22c0fe38cf896a1a323c64cbf7ea
M0279,F07,GRAISSES,TECHNICAL_FAT_FRACTION,FR,FR,oléo margarine,oléomargarine,,CELEX_02013R1308-20260818_FR_TXT.pdf,153,Annexe I XXIV section 1 NC1503 00 p.153,2528,"tation 
humaine, à l'exclusion des graisses d'os et de déchets (  γ ) 
1503 00 Stéarine solaire, huile de saindoux, oléostéarine, oléo margarine et huile de suif, non émul­
sionnées, ni mélangées ni autrement préparées  
ex 1504 Graisses et huiles et leurs fractions, de poissons ou d e mammifè",5ea4e8f11d1ad1871ae780bbdc05ee4beff9a2283b8876be6bffaec4e73f4a4c,Rubriques/entrées réglementaires parallèles ; seules les formes explicitement listées sont retenues dans chaque langue,SOURCE_TEXT_WITH_LAYOUT_REPAIR,animal_fat,animal_fat:NON_VEGAN,,,DEFER_CONTEXT_ONLY,REVIEW_REQUIRED,NO,NC et noms industriels ne prouvent pas un ingrédient usuel ; ne pas confondre oléomargarine avec toute margarine végétale.,Termes techniques gardés comme preuve documentaire. Aucun alias ni concept alimentaire proposé sans étude d'usage et de composition ; Stéarine solaire est conservé sans correction.,NONE,,oleo margarine,,NONE,,oleo margarine,NONE,,oleomargarine,,NONE,,oleomargarine,oleomargarine,FR,FAMILY_OR_CURRENT_OWNER_NOT_PROOF_OF_RECOGNITION,BROADER_FAMILY_OR_SPECIFIC_DENOMINATION_REVIEW_REQUIRED,LOW_SOURCE_CATEGORY,NO_NEW_ALIAS_KEY_PROPOSED,,,,,,,,NOT_PROPOSED_CONTEXT_ONLY,Ccce808c60687e3,Ccce808c60687e3,,BROAD_CSV_AND_PRIMARY_PDF,02013R1308,2026-08-18,2026-10-06,fc74f08aa87e22c0fe38cf896a1a323c64cbf7ea
M0280,F07,GRAISSES,TECHNICAL_FAT_FRACTION,NL,NL,Varkensstearine,Varkensstearine,,CELEX_02013R1308-20260818_NL_TXT.pdf,153,Annexe I XXIV section 1 NC1503 00 p.153,2363,"n voor de vervaardig ing van producten voor 
menselijke consumptie, met uitzondering van beendervet en kadav ervet ( γ ) 
1503 00 Varkensstearine, spekolie, oleostearine, oleomargarine en talkolie, niet geëmulgeerd, niet 
vermengd, noch op andere wijze bereid  
ex 1504 Vetten en oliën, van vis ",99ee3d7c91c02249f6ca6ffca15e06cf2e9603ab9718919138dd2a981281bb74,Rubriques/entrées réglementaires parallèles ; seules les formes explicitement listées sont retenues dans chaque langue,EXACT_SOURCE_SUBTERM,animal_fat,animal_fat:NON_VEGAN,,,DEFER_CONTEXT_ONLY,REVIEW_REQUIRED,NO,NC et noms industriels ne prouvent pas un ingrédient usuel ; ne pas confondre oléomargarine avec toute margarine végétale.,Termes techniques gardés comme preuve documentaire. Aucun alias ni concept alimentaire proposé sans étude d'usage et de composition ; Stéarine solaire est conservé sans correction.,NONE,,varkensstearine,,NONE,,varkensstearine,NONE,,varkensstearine,,NONE,,varkensstearine,varkensstearine,NL,FAMILY_OR_CURRENT_OWNER_NOT_PROOF_OF_RECOGNITION,BROADER_FAMILY_OR_SPECIFIC_DENOMINATION_REVIEW_REQUIRED,LOW_SOURCE_CATEGORY,NO_NEW_ALIAS_KEY_PROPOSED,,,,,varkensvet,,,NOT_PROPOSED_CONTEXT_ONLY,Cf9d78c31bb4b14,Cf9d78c31bb4b14,,BROAD_CSV_AND_PRIMARY_PDF,02013R1308,2026-08-18,2026-10-06,fc74f08aa87e22c0fe38cf896a1a323c64cbf7ea
M0281,F07,GRAISSES,TECHNICAL_FAT_FRACTION,NL,NL,oleostearine,oleostearine,,CELEX_02013R1308-20260818_NL_TXT.pdf,153,Annexe I XXIV section 1 NC1503 00 p.153,2390,"n producten voor 
menselijke consumptie, met uitzondering van beendervet en kadav ervet ( γ ) 
1503 00 Varkensstearine, spekolie, oleostearine, oleomargarine en talkolie, niet geëmulgeerd, niet 
vermengd, noch op andere wijze bereid  
ex 1504 Vetten en oliën, van vis of van zeezoogdieren, al",99ee3d7c91c02249f6ca6ffca15e06cf2e9603ab9718919138dd2a981281bb74,Rubriques/entrées réglementaires parallèles ; seules les formes explicitement listées sont retenues dans chaque langue,EXACT_SOURCE_SUBTERM,animal_fat,animal_fat:NON_VEGAN,,,DEFER_CONTEXT_ONLY,REVIEW_REQUIRED,NO,NC et noms industriels ne prouvent pas un ingrédient usuel ; ne pas confondre oléomargarine avec toute margarine végétale.,Termes techniques gardés comme preuve documentaire. Aucun alias ni concept alimentaire proposé sans étude d'usage et de composition ; Stéarine solaire est conservé sans correction.,NONE,,oleostearine,,NONE,,oleostearine,NONE,,oleostearine,,NONE,,oleostearine,oleostearine,NL,FAMILY_OR_CURRENT_OWNER_NOT_PROOF_OF_RECOGNITION,BROADER_FAMILY_OR_SPECIFIC_DENOMINATION_REVIEW_REQUIRED,LOW_SOURCE_CATEGORY,NO_NEW_ALIAS_KEY_PROPOSED,,,,,,,,NOT_PROPOSED_CONTEXT_ONLY,C1ca90b14bb2c29,C1ca90b14bb2c29,,BROAD_CSV_AND_PRIMARY_PDF,02013R1308,2026-08-18,2026-10-06,fc74f08aa87e22c0fe38cf896a1a323c64cbf7ea
M0282,F07,GRAISSES,TECHNICAL_FAT_FRACTION,NL,NL,oleomargarine,oleomargarine,,CELEX_02013R1308-20260818_NL_TXT.pdf,153,Annexe I XXIV section 1 NC1503 00 p.153,2404,"or 
menselijke consumptie, met uitzondering van beendervet en kadav ervet ( γ ) 
1503 00 Varkensstearine, spekolie, oleostearine, oleomargarine en talkolie, niet geëmulgeerd, niet 
vermengd, noch op andere wijze bereid  
ex 1504 Vetten en oliën, van vis of van zeezoogdieren, alsmede fracties ",99ee3d7c91c02249f6ca6ffca15e06cf2e9603ab9718919138dd2a981281bb74,Rubriques/entrées réglementaires parallèles ; seules les formes explicitement listées sont retenues dans chaque langue,EXACT_SOURCE_SUBTERM,animal_fat,animal_fat:NON_VEGAN,,,DEFER_CONTEXT_ONLY,REVIEW_REQUIRED,NO,NC et noms industriels ne prouvent pas un ingrédient usuel ; ne pas confondre oléomargarine avec toute margarine végétale.,Termes techniques gardés comme preuve documentaire. Aucun alias ni concept alimentaire proposé sans étude d'usage et de composition ; Stéarine solaire est conservé sans correction.,NONE,,oleomargarine,,NONE,,oleomargarine,NONE,,oleomargarine,,NONE,,oleomargarine,oleomargarine,NL,FAMILY_OR_CURRENT_OWNER_NOT_PROOF_OF_RECOGNITION,BROADER_FAMILY_OR_SPECIFIC_DENOMINATION_REVIEW_REQUIRED,LOW_SOURCE_CATEGORY,NO_NEW_ALIAS_KEY_PROPOSED,,,,,,,,NOT_PROPOSED_CONTEXT_ONLY,Cfac27e5756222e,Cfac27e5756222e,,BROAD_CSV_AND_PRIMARY_PDF,02013R1308,2026-08-18,2026-10-06,fc74f08aa87e22c0fe38cf896a1a323c64cbf7ea
M0283,F07,GRAISSES,TECHNICAL_FAT_FRACTION,EN,EN,Lard stearin,Lard stearin,,CELEX_02013R1308-20260818_EN_TXT.pdf,153,Annexe I XXIV section 1 NC1503 00 p.153,2155,"ses other than the manufacture of foodstuffs for human consumption, 
excluding fats obtained from bones and waste (  γ ) 
1503 00 Lard stearin, lard oil, oleostearin, oleo-oil and tallo w oil, not emulsified or mixed or 
otherwise prepared  
ex 1504 Fats and oils and their fractions, of fish",b5cc2ea8e761cc408cca7f8930de7b2c01c2609f88dcb5a6bdbc4882e4455d11,Rubriques/entrées réglementaires parallèles ; seules les formes explicitement listées sont retenues dans chaque langue,EXACT_SOURCE_SUBTERM,animal_fat,animal_fat:NON_VEGAN,,,DEFER_CONTEXT_ONLY,REVIEW_REQUIRED,NO,NC et noms industriels ne prouvent pas un ingrédient usuel ; ne pas confondre oléomargarine avec toute margarine végétale.,Termes techniques gardés comme preuve documentaire. Aucun alias ni concept alimentaire proposé sans étude d'usage et de composition ; Stéarine solaire est conservé sans correction.,PARTIAL_CONTEXTUAL,animal_fat,stearin,,PARTIAL_CONTEXTUAL,animal_fat,stearin,PARTIAL_CONTEXTUAL,animal_fat,stearin,,PARTIAL_CONTEXTUAL,animal_fat,stearin,lard stearin,EN,FAMILY_OR_CURRENT_OWNER_NOT_PROOF_OF_RECOGNITION,BROADER_FAMILY_OR_SPECIFIC_DENOMINATION_REVIEW_REQUIRED,LOW_SOURCE_CATEGORY,NO_NEW_ALIAS_KEY_PROPOSED,,,,animal_fat:NON_VEGAN,lard,,,NOT_PROPOSED_CONTEXT_ONLY,Cc966da2d206c61,Cc966da2d206c61,,BROAD_CSV_AND_PRIMARY_PDF,02013R1308,2026-08-18,2026-10-06,fc74f08aa87e22c0fe38cf896a1a323c64cbf7ea
M0284,F07,GRAISSES,TECHNICAL_FAT_FRACTION,EN,EN,oleostearin,oleostearin,,CELEX_02013R1308-20260818_EN_TXT.pdf,153,Annexe I XXIV section 1 NC1503 00 p.153,2179,"acture of foodstuffs for human consumption, 
excluding fats obtained from bones and waste (  γ ) 
1503 00 Lard stearin, lard oil, oleostearin, oleo-oil and tallo w oil, not emulsified or mixed or 
otherwise prepared  
ex 1504 Fats and oils and their fractions, of fish or marine ma mmals, wh",b5cc2ea8e761cc408cca7f8930de7b2c01c2609f88dcb5a6bdbc4882e4455d11,Rubriques/entrées réglementaires parallèles ; seules les formes explicitement listées sont retenues dans chaque langue,EXACT_SOURCE_SUBTERM,animal_fat,animal_fat:NON_VEGAN,,,DEFER_CONTEXT_ONLY,REVIEW_REQUIRED,NO,NC et noms industriels ne prouvent pas un ingrédient usuel ; ne pas confondre oléomargarine avec toute margarine végétale.,Termes techniques gardés comme preuve documentaire. Aucun alias ni concept alimentaire proposé sans étude d'usage et de composition ; Stéarine solaire est conservé sans correction.,NONE,,oleostearin,,NONE,,oleostearin,NONE,,oleostearin,,NONE,,oleostearin,oleostearin,EN,FAMILY_OR_CURRENT_OWNER_NOT_PROOF_OF_RECOGNITION,BROADER_FAMILY_OR_SPECIFIC_DENOMINATION_REVIEW_REQUIRED,LOW_SOURCE_CATEGORY,NO_NEW_ALIAS_KEY_PROPOSED,,,,,,,,NOT_PROPOSED_CONTEXT_ONLY,Ce7a8ce8a13d17a,Ce7a8ce8a13d17a,,BROAD_CSV_AND_PRIMARY_PDF,02013R1308,2026-08-18,2026-10-06,fc74f08aa87e22c0fe38cf896a1a323c64cbf7ea
M0285,F07,GRAISSES,TECHNICAL_FAT_FRACTION,EN,EN,oleo-oil,oleo-oil,,CELEX_02013R1308-20260818_EN_TXT.pdf,153,Annexe I XXIV section 1 NC1503 00 p.153,2192,"dstuffs for human consumption, 
excluding fats obtained from bones and waste (  γ ) 
1503 00 Lard stearin, lard oil, oleostearin, oleo-oil and tallo w oil, not emulsified or mixed or 
otherwise prepared  
ex 1504 Fats and oils and their fractions, of fish or marine ma mmals, whether or n",b5cc2ea8e761cc408cca7f8930de7b2c01c2609f88dcb5a6bdbc4882e4455d11,Rubriques/entrées réglementaires parallèles ; seules les formes explicitement listées sont retenues dans chaque langue,EXACT_SOURCE_SUBTERM,animal_fat,animal_fat:NON_VEGAN,,,DEFER_CONTEXT_ONLY,REVIEW_REQUIRED,NO,NC et noms industriels ne prouvent pas un ingrédient usuel ; ne pas confondre oléomargarine avec toute margarine végétale.,Termes techniques gardés comme preuve documentaire. Aucun alias ni concept alimentaire proposé sans étude d'usage et de composition ; Stéarine solaire est conservé sans correction.,NONE,,oleo oil,,NONE,,oleo oil,NONE,,oleo oil,,NONE,,oleo oil,oleo oil,EN,FAMILY_OR_CURRENT_OWNER_NOT_PROOF_OF_RECOGNITION,BROADER_FAMILY_OR_SPECIFIC_DENOMINATION_REVIEW_REQUIRED,LOW_SOURCE_CATEGORY,NO_NEW_ALIAS_KEY_PROPOSED,,,,,,,,NOT_PROPOSED_CONTEXT_ONLY,Cdaf06b88c3d015,Cdaf06b88c3d015,,BROAD_CSV_AND_PRIMARY_PDF,02013R1308,2026-08-18,2026-10-06,fc74f08aa87e22c0fe38cf896a1a323c64cbf7ea
M0286,F07,GRAISSES,TECHNICAL_FAT_FRACTION,DE,DE,Schmalzstearin,Schmalzstearin,,CELEX_02013R1308-20260818_DE_TXT.pdf,153,Annexe I XXIV section 1 NC1503 00 p.153,2328,"zu industriellen Zwecken, ausgenommen zum Herstellen von Lebe nsmitteln, ausgenom­
men Knochenfett und Abfallfett (  γ ) 
1503 00 Schmalzstearin, Schmalzöl, Oleostearin, Oleomargarin un d Talgöl, weder emulgiert, ver­
mischt noch anders verarbeitet  
ex 1504 Fette und Öle sowie deren Fraktione",64a45b265e50b848f0a1ae239b94a1feef40608b69c69c9e5e14f0ffb7328dda,Rubriques/entrées réglementaires parallèles ; seules les formes explicitement listées sont retenues dans chaque langue,EXACT_SOURCE_SUBTERM,animal_fat,animal_fat:NON_VEGAN,,,DEFER_CONTEXT_ONLY,REVIEW_REQUIRED,NO,NC et noms industriels ne prouvent pas un ingrédient usuel ; ne pas confondre oléomargarine avec toute margarine végétale.,Termes techniques gardés comme preuve documentaire. Aucun alias ni concept alimentaire proposé sans étude d'usage et de composition ; Stéarine solaire est conservé sans correction.,NONE,,schmalzstearin,,NONE,,schmalzstearin,NONE,,schmalzstearin,,NONE,,schmalzstearin,schmalzstearin,DE,FAMILY_OR_CURRENT_OWNER_NOT_PROOF_OF_RECOGNITION,BROADER_FAMILY_OR_SPECIFIC_DENOMINATION_REVIEW_REQUIRED,LOW_SOURCE_CATEGORY,NO_NEW_ALIAS_KEY_PROPOSED,,,,,,,,NOT_PROPOSED_CONTEXT_ONLY,C940a0d3d3c2302,C940a0d3d3c2302,,BROAD_CSV_AND_PRIMARY_PDF,02013R1308,2026-08-18,2026-10-06,fc74f08aa87e22c0fe38cf896a1a323c64cbf7ea
M0287,F07,GRAISSES,TECHNICAL_FAT_FRACTION,DE,DE,Oleostearin,Oleostearin,,CELEX_02013R1308-20260818_DE_TXT.pdf,153,Annexe I XXIV section 1 NC1503 00 p.153,2355,"usgenommen zum Herstellen von Lebe nsmitteln, ausgenom­
men Knochenfett und Abfallfett (  γ ) 
1503 00 Schmalzstearin, Schmalzöl, Oleostearin, Oleomargarin un d Talgöl, weder emulgiert, ver­
mischt noch anders verarbeitet  
ex 1504 Fette und Öle sowie deren Fraktionen, von Fischen oder Meer",64a45b265e50b848f0a1ae239b94a1feef40608b69c69c9e5e14f0ffb7328dda,Rubriques/entrées réglementaires parallèles ; seules les formes explicitement listées sont retenues dans chaque langue,EXACT_SOURCE_SUBTERM,animal_fat,animal_fat:NON_VEGAN,,,DEFER_CONTEXT_ONLY,REVIEW_REQUIRED,NO,NC et noms industriels ne prouvent pas un ingrédient usuel ; ne pas confondre oléomargarine avec toute margarine végétale.,Termes techniques gardés comme preuve documentaire. Aucun alias ni concept alimentaire proposé sans étude d'usage et de composition ; Stéarine solaire est conservé sans correction.,NONE,,oleostearin,,NONE,,oleostearin,NONE,,oleostearin,,NONE,,oleostearin,oleostearin,DE,FAMILY_OR_CURRENT_OWNER_NOT_PROOF_OF_RECOGNITION,BROADER_FAMILY_OR_SPECIFIC_DENOMINATION_REVIEW_REQUIRED,LOW_SOURCE_CATEGORY,NO_NEW_ALIAS_KEY_PROPOSED,,,,,,,,NOT_PROPOSED_CONTEXT_ONLY,Ce8e61b0fa8a626,Ce8e61b0fa8a626,,BROAD_CSV_AND_PRIMARY_PDF,02013R1308,2026-08-18,2026-10-06,fc74f08aa87e22c0fe38cf896a1a323c64cbf7ea
M0288,F07,GRAISSES,TECHNICAL_FAT_FRACTION,DE,DE,Oleomargarin,Oleomargarin,,CELEX_02013R1308-20260818_DE_TXT.pdf,153,Annexe I XXIV section 1 NC1503 00 p.153,2368,"m Herstellen von Lebe nsmitteln, ausgenom­
men Knochenfett und Abfallfett (  γ ) 
1503 00 Schmalzstearin, Schmalzöl, Oleostearin, Oleomargarin un d Talgöl, weder emulgiert, ver­
mischt noch anders verarbeitet  
ex 1504 Fette und Öle sowie deren Fraktionen, von Fischen oder Meeressäugetieren,",64a45b265e50b848f0a1ae239b94a1feef40608b69c69c9e5e14f0ffb7328dda,Rubriques/entrées réglementaires parallèles ; seules les formes explicitement listées sont retenues dans chaque langue,EXACT_SOURCE_SUBTERM,animal_fat,animal_fat:NON_VEGAN,,,DEFER_CONTEXT_ONLY,REVIEW_REQUIRED,NO,NC et noms industriels ne prouvent pas un ingrédient usuel ; ne pas confondre oléomargarine avec toute margarine végétale.,Termes techniques gardés comme preuve documentaire. Aucun alias ni concept alimentaire proposé sans étude d'usage et de composition ; Stéarine solaire est conservé sans correction.,NONE,,oleomargarin,,NONE,,oleomargarin,NONE,,oleomargarin,,NONE,,oleomargarin,oleomargarin,DE,FAMILY_OR_CURRENT_OWNER_NOT_PROOF_OF_RECOGNITION,BROADER_FAMILY_OR_SPECIFIC_DENOMINATION_REVIEW_REQUIRED,LOW_SOURCE_CATEGORY,NO_NEW_ALIAS_KEY_PROPOSED,,,,,,,,NOT_PROPOSED_CONTEXT_ONLY,C0855df6ef090eb,C0855df6ef090eb,,BROAD_CSV_AND_PRIMARY_PDF,02013R1308,2026-08-18,2026-10-06,fc74f08aa87e22c0fe38cf896a1a323c64cbf7ea
M0289,F08,GRAISSES,ANATOMICAL_FAT,FR,FR,graisse de rognon,graisse de rognon,,CELEX_02013R1308-20260818_FR_TXT.pdf,167,Annexe IV A.IV p.167 ; B.III p.168 ; C.IV p.169,1410,"es ou tarsométatarsiques;  
b) sans les organes contenus dans les cavités thoracique et abd ominale avec ou 
sans les rognons, la graisse de rognon, ainsi que la graisse de  bassin;  
c) sans les organes sexuels avec les muscles attenants, sans la  mamelle et la 
graisse mammaire.  
V. Classement",5ea4e8f11d1ad1871ae780bbdc05ee4beff9a2283b8876be6bffaec4e73f4a4c,Rubriques/entrées réglementaires parallèles ; seules les formes explicitement listées sont retenues dans chaque langue,EXACT_SOURCE_SUBTERM,animal_fat,animal_fat:NON_VEGAN,,,DEFER_CONTEXT_ONLY,REVIEW_REQUIRED,NO,panne a un sens courant non alimentaire ; Nierenfettgewebe est coupé par une césure PDF. Ne pas prendre tout dépôt de gras pour un produit d'étiquette.,Présentation des carcasses : preuve anatomique uniquement. Une attestation culinaire supplémentaire serait nécessaire avant alias d'ingrédient.,NONE,,graisse de rognon,,NONE,,graisse de rognon,NONE,,graisse de rognon,,NONE,,graisse de rognon,graisse de rognon,FR,FAMILY_OR_CURRENT_OWNER_NOT_PROOF_OF_RECOGNITION,BROADER_FAMILY_OR_SPECIFIC_DENOMINATION_REVIEW_REQUIRED,DOCUMENTARY_ONLY,NO_NEW_ALIAS_KEY_PROPOSED,,,,,graisse de porc|graisses de volaille|graisse animale,,,NOT_PROPOSED_CONTEXT_ONLY,,,,TARGETED_PRIMARY_PDF,02013R1308,2026-08-18,2026-10-06,fc74f08aa87e22c0fe38cf896a1a323c64cbf7ea
M0290,F08,GRAISSES,ANATOMICAL_FAT,FR,FR,panne,panne,,CELEX_02013R1308-20260818_FR_TXT.pdf,168,Annexe IV A.IV p.167 ; B.III p.168 ; C.IV p.169,740,"oins de 40  
III. Présentation  
Les carcasses sont présentées sans la langue, les soies, les on glons, les organes 
génitaux, la panne, les rognons et le diaphragme.  
IV. Teneur en viande maigre  
1. La teneur en viande maigre est estimée au moyen de méthodes de classement 
autorisé",5ea4e8f11d1ad1871ae780bbdc05ee4beff9a2283b8876be6bffaec4e73f4a4c,Rubriques/entrées réglementaires parallèles ; seules les formes explicitement listées sont retenues dans chaque langue,EXACT_SOURCE_SUBTERM,animal_fat,animal_fat:NON_VEGAN,,,DEFER_CONTEXT_ONLY,REVIEW_REQUIRED,NO,panne a un sens courant non alimentaire ; Nierenfettgewebe est coupé par une césure PDF. Ne pas prendre tout dépôt de gras pour un produit d'étiquette.,Présentation des carcasses : preuve anatomique uniquement. Une attestation culinaire supplémentaire serait nécessaire avant alias d'ingrédient.,NONE,,panne,,NONE,,panne,NONE,,panne,,NONE,,panne,panne,FR,FAMILY_OR_CURRENT_OWNER_NOT_PROOF_OF_RECOGNITION,BROADER_FAMILY_OR_SPECIFIC_DENOMINATION_REVIEW_REQUIRED,DOCUMENTARY_ONLY,NO_NEW_ALIAS_KEY_PROPOSED,,,,,,,,NOT_PROPOSED_CONTEXT_ONLY,,,,TARGETED_PRIMARY_PDF,02013R1308,2026-08-18,2026-10-06,fc74f08aa87e22c0fe38cf896a1a323c64cbf7ea
M0291,F08,GRAISSES,ANATOMICAL_FAT,NL,NL,niervet,niervet,,CELEX_02013R1308-20260818_NL_TXT.pdf,167,Annexe IV A.IV p.167 ; B.III p.168 ; C.IV p.169,1172,"orkniegewrichten, respectievelijk sprong­
gewrichten; 
b) zonder de organen in de borst- en buikholte, met of zonder n ieren, het niervet 
en het slotvet;  
c) zonder de geslachtsorganen met de bijbehorende spieren, zond er de uier en 
het uiervet.  
V. Indeling en identificatie  
Slach",99ee3d7c91c02249f6ca6ffca15e06cf2e9603ab9718919138dd2a981281bb74,Rubriques/entrées réglementaires parallèles ; seules les formes explicitement listées sont retenues dans chaque langue,EXACT_SOURCE_SUBTERM,animal_fat,animal_fat:NON_VEGAN,,,DEFER_CONTEXT_ONLY,REVIEW_REQUIRED,NO,panne a un sens courant non alimentaire ; Nierenfettgewebe est coupé par une césure PDF. Ne pas prendre tout dépôt de gras pour un produit d'étiquette.,Présentation des carcasses : preuve anatomique uniquement. Une attestation culinaire supplémentaire serait nécessaire avant alias d'ingrédient.,NONE,,niervet,,NONE,,niervet,NONE,,niervet,,NONE,,niervet,niervet,NL,FAMILY_OR_CURRENT_OWNER_NOT_PROOF_OF_RECOGNITION,BROADER_FAMILY_OR_SPECIFIC_DENOMINATION_REVIEW_REQUIRED,DOCUMENTARY_ONLY,NO_NEW_ALIAS_KEY_PROPOSED,,,,,rundervet,,,NOT_PROPOSED_CONTEXT_ONLY,,,,TARGETED_PRIMARY_PDF,02013R1308,2026-08-18,2026-10-06,fc74f08aa87e22c0fe38cf896a1a323c64cbf7ea
M0292,F08,GRAISSES,ANATOMICAL_FAT,EN,EN,kidney fat,kidney fat,,CELEX_02013R1308-20260818_EN_TXT.pdf,167,Annexe IV A.IV p.167 ; B.III p.168 ; C.IV p.169,1185,"rsometatarsal joints;  
(b) without the organs contained in the thoracic and abdominal cavities with or 
without the kidneys, the kidney fat and the pelvic fat;  
(c) without the sexual organs and the attached muscles and with out the udder or 
the mammary fat.  
V. Classification and iden",b5cc2ea8e761cc408cca7f8930de7b2c01c2609f88dcb5a6bdbc4882e4455d11,Rubriques/entrées réglementaires parallèles ; seules les formes explicitement listées sont retenues dans chaque langue,EXACT_SOURCE_SUBTERM,animal_fat,animal_fat:NON_VEGAN,,,DEFER_CONTEXT_ONLY,REVIEW_REQUIRED,NO,panne a un sens courant non alimentaire ; Nierenfettgewebe est coupé par une césure PDF. Ne pas prendre tout dépôt de gras pour un produit d'étiquette.,Présentation des carcasses : preuve anatomique uniquement. Une attestation culinaire supplémentaire serait nécessaire avant alias d'ingrédient.,NONE,,kidney fat,,NONE,,kidney fat,NONE,,kidney fat,,NONE,,kidney fat,kidney fat,EN,FAMILY_OR_CURRENT_OWNER_NOT_PROOF_OF_RECOGNITION,BROADER_FAMILY_OR_SPECIFIC_DENOMINATION_REVIEW_REQUIRED,DOCUMENTARY_ONLY,NO_NEW_ALIAS_KEY_PROPOSED,,,,,pig fat,,,NOT_PROPOSED_CONTEXT_ONLY,,,,TARGETED_PRIMARY_PDF,02013R1308,2026-08-18,2026-10-06,fc74f08aa87e22c0fe38cf896a1a323c64cbf7ea
M0293,F08,GRAISSES,ANATOMICAL_FAT,EN,EN,flare fat,flare fat,,CELEX_02013R1308-20260818_EN_TXT.pdf,168,Annexe IV A.IV p.167 ; B.III p.168 ; C.IV p.169,683,"ss than 45  
P less than 40  
III. Presentation  
Carcasses shall be presented without tongue, bristles, hooves, genital organs, 
flare fat, kidneys and diaphragm.  
IV. Lean-meat content  
1. The lean-meat content shall be assessed by means grading met hods auth­
orised by the Commission",b5cc2ea8e761cc408cca7f8930de7b2c01c2609f88dcb5a6bdbc4882e4455d11,Rubriques/entrées réglementaires parallèles ; seules les formes explicitement listées sont retenues dans chaque langue,EXACT_SOURCE_SUBTERM,animal_fat,animal_fat:NON_VEGAN,,,DEFER_CONTEXT_ONLY,REVIEW_REQUIRED,NO,panne a un sens courant non alimentaire ; Nierenfettgewebe est coupé par une césure PDF. Ne pas prendre tout dépôt de gras pour un produit d'étiquette.,Présentation des carcasses : preuve anatomique uniquement. Une attestation culinaire supplémentaire serait nécessaire avant alias d'ingrédient.,NONE,,flare fat,,NONE,,flare fat,NONE,,flare fat,,NONE,,flare fat,flare fat,EN,FAMILY_OR_CURRENT_OWNER_NOT_PROOF_OF_RECOGNITION,BROADER_FAMILY_OR_SPECIFIC_DENOMINATION_REVIEW_REQUIRED,DOCUMENTARY_ONLY,NO_NEW_ALIAS_KEY_PROPOSED,,,,,poultry fat|pig fat,,,NOT_PROPOSED_CONTEXT_ONLY,,,,TARGETED_PRIMARY_PDF,02013R1308,2026-08-18,2026-10-06,fc74f08aa87e22c0fe38cf896a1a323c64cbf7ea
M0294,F08,GRAISSES,ANATOMICAL_FAT,DE,DE,"Nieren­
fettgewebe",Nierenfettgewebe,,CELEX_02013R1308-20260818_DE_TXT.pdf,167,Annexe IV A.IV p.167 ; B.III p.168 ; C.IV p.169,1208,"e im Karpalgelenk od er im 
Tarsalgelenk abgetrennt;  
▼B 
b) ohne die Organe in der Brust- und Bauchhöhle, mit oder ohne Nieren, Nieren­
fettgewebe sowie Beckenfettgewebe;  
c) ohne die Geschlechtsorgane und die dazugehörigen Muskeln, oh ne das Ge­
säuge und das Euterfett.  
V. Einstufung und Ken",64a45b265e50b848f0a1ae239b94a1feef40608b69c69c9e5e14f0ffb7328dda,Rubriques/entrées réglementaires parallèles ; seules les formes explicitement listées sont retenues dans chaque langue,SOURCE_TEXT_WITH_LAYOUT_REPAIR,animal_fat,animal_fat:NON_VEGAN,,,DEFER_CONTEXT_ONLY,REVIEW_REQUIRED,NO,panne a un sens courant non alimentaire ; Nierenfettgewebe est coupé par une césure PDF. Ne pas prendre tout dépôt de gras pour un produit d'étiquette.,Présentation des carcasses : preuve anatomique uniquement. Une attestation culinaire supplémentaire serait nécessaire avant alias d'ingrédient.,NONE,,nieren fettgewebe,,NONE,,nieren fettgewebe,NONE,,nierenfettgewebe,,NONE,,nierenfettgewebe,nierenfettgewebe,DE,FAMILY_OR_CURRENT_OWNER_NOT_PROOF_OF_RECOGNITION,BROADER_FAMILY_OR_SPECIFIC_DENOMINATION_REVIEW_REQUIRED,DOCUMENTARY_ONLY,NO_NEW_ALIAS_KEY_PROPOSED,,,,,,,,NOT_PROPOSED_CONTEXT_ONLY,,,,TARGETED_PRIMARY_PDF,02013R1308,2026-08-18,2026-10-06,fc74f08aa87e22c0fe38cf896a1a323c64cbf7ea
M0295,F08,GRAISSES,ANATOMICAL_FAT,DE,DE,Flomen,Flomen,,CELEX_02013R1308-20260818_DE_TXT.pdf,168,Annexe IV A.IV p.167 ; B.III p.168 ; C.IV p.169,814,"45  
P weniger als 40  
III. Aufmachung  
▼C2 
Die Schlachtkörper werden ohne Zunge, Borsten, Klauenschuhe, Ge schlechts­
organe, Flomen, Nieren, Zwerchfell und Zwerchfellpfeiler aufgem acht. 
▼B 
IV. Muskelfleischanteil  
1. Der Muskelfleischanteil wird mit von der Kommission zugelass",64a45b265e50b848f0a1ae239b94a1feef40608b69c69c9e5e14f0ffb7328dda,Rubriques/entrées réglementaires parallèles ; seules les formes explicitement listées sont retenues dans chaque langue,EXACT_SOURCE_SUBTERM,animal_fat,animal_fat:NON_VEGAN,,,DEFER_CONTEXT_ONLY,REVIEW_REQUIRED,NO,panne a un sens courant non alimentaire ; Nierenfettgewebe est coupé par une césure PDF. Ne pas prendre tout dépôt de gras pour un produit d'étiquette.,Présentation des carcasses : preuve anatomique uniquement. Une attestation culinaire supplémentaire serait nécessaire avant alias d'ingrédient.,NONE,,flomen,,NONE,,flomen,NONE,,flomen,,NONE,,flomen,flomen,DE,FAMILY_OR_CURRENT_OWNER_NOT_PROOF_OF_RECOGNITION,BROADER_FAMILY_OR_SPECIFIC_DENOMINATION_REVIEW_REQUIRED,DOCUMENTARY_ONLY,NO_NEW_ALIAS_KEY_PROPOSED,,,,,,,,NOT_PROPOSED_CONTEXT_ONLY,,,,TARGETED_PRIMARY_PDF,02013R1308,2026-08-18,2026-10-06,fc74f08aa87e22c0fe38cf896a1a323c64cbf7ea
M0296,F09,GRAISSES,MIXED_ORIGIN_CATEGORY,FR,FR,Graisses et huiles animales ou végétales,Graisses et huiles animales ou végétales,,CELEX_02013R1308-20260818_FR_TXT.pdf,154,Annexe I XXIV section 1 NCex1516 p.154,738," de jojoba de la sous-position 
1515 90 11) et leurs fractions, fixes, même raffinées, mais non  chimiquement modifiées  
ex 1516 Graisses et huiles animales ou végétales et leurs fract ions, partiellement ou totalement 
hydrogénées, interestérifiées, réestérifiées ou élaïdinisées, m ême raffinées, mais non autre­
ment",5ea4e8f11d1ad1871ae780bbdc05ee4beff9a2283b8876be6bffaec4e73f4a4c,Rubriques/entrées réglementaires parallèles ; seules les formes explicitement listées sont retenues dans chaque langue,EXACT_SOURCE_SUBTERM,,,,,DEFER_CONTEXT_ONLY,REVIEW_REQUIRED,NO,Ne pas transformer la possibilité animale ou la catégorie de marché en présence animale certaine.,"Catégorie alternative/mixte ; aucun statut existant applicable à toute la ligne, aucun alias animal_fat proposé.",NONE,,graisses et huiles animales ou vegetales,,NONE,,graisses et huiles animales ou vegetales,NONE,,graisses et huiles animales ou vegetales,,NONE,,graisses et huiles animales ou vegetales,graisses et huiles animales ou vegetales,FR,FAMILY_OR_CURRENT_OWNER_NOT_PROOF_OF_RECOGNITION,BROADER_FAMILY_OR_SPECIFIC_DENOMINATION_REVIEW_REQUIRED,DOCUMENTARY_ONLY,NO_NEW_ALIAS_KEY_PROPOSED,,,,,,,,NOT_PROPOSED_CONTEXT_ONLY,,C820dc2e03651e6,,BROAD_CSV_AND_PRIMARY_PDF,02013R1308,2026-08-18,2026-10-06,fc74f08aa87e22c0fe38cf896a1a323c64cbf7ea
M0297,F09,GRAISSES,MIXED_ORIGIN_CATEGORY,NL,NL,Dierlijke en plantaardige vetten en oliën,Dierlijke en plantaardige vetten en oliën,,CELEX_02013R1308-20260818_NL_TXT.pdf,154,Annexe I XXIV section 1 NCex1516 p.154,778,"e van onderverdeling 
ex 1515 90 11), alsmede fracties daarvan, ook indien geraffinee rd, doch niet chemisch ge­
wijzigd 
ex 1516 Dierlijke en plantaardige vetten en oliën, alsmede frac ties daarvan, geheel of gedeeltelijk 
gehydrogeneerd, veresterd, opnieuw veresterd of geëlaïdiniseerd , ook indien geraffineerd, 
doch ",99ee3d7c91c02249f6ca6ffca15e06cf2e9603ab9718919138dd2a981281bb74,Rubriques/entrées réglementaires parallèles ; seules les formes explicitement listées sont retenues dans chaque langue,EXACT_SOURCE_SUBTERM,,,,,DEFER_CONTEXT_ONLY,REVIEW_REQUIRED,NO,Ne pas transformer la possibilité animale ou la catégorie de marché en présence animale certaine.,"Catégorie alternative/mixte ; aucun statut existant applicable à toute la ligne, aucun alias animal_fat proposé.",NONE,,dierlijke en plantaardige vetten en olien,,NONE,,dierlijke en plantaardige vetten en olien,NONE,,dierlijke en plantaardige vetten en olien,,NONE,,dierlijke en plantaardige vetten en olien,dierlijke en plantaardige vetten en olien,NL,FAMILY_OR_CURRENT_OWNER_NOT_PROOF_OF_RECOGNITION,BROADER_FAMILY_OR_SPECIFIC_DENOMINATION_REVIEW_REQUIRED,DOCUMENTARY_ONLY,NO_NEW_ALIAS_KEY_PROPOSED,,,,,,,,NOT_PROPOSED_CONTEXT_ONLY,Ce7c4641a1d37ce,Ce7c4641a1d37ce,,BROAD_CSV_AND_PRIMARY_PDF,02013R1308,2026-08-18,2026-10-06,fc74f08aa87e22c0fe38cf896a1a323c64cbf7ea
M0298,F09,GRAISSES,MIXED_ORIGIN_CATEGORY,EN,EN,Animal or vegetable fats and oils,Animal or vegetable fats and oils,,CELEX_02013R1308-20260818_EN_TXT.pdf,154,Annexe I XXIV section 1 NCex1516 p.154,704,"ding jojoba o il of subheading ex 1515 90 11) and 
their fractions, whether or not refined, but not chemically mod ified 
ex 1516 Animal or vegetable fats and oils and their fractions, partly or wholly hydrogenated, 
inter-esterified, re-esterified or elaidinised, whether or not refined, but not further prepared",b5cc2ea8e761cc408cca7f8930de7b2c01c2609f88dcb5a6bdbc4882e4455d11,Rubriques/entrées réglementaires parallèles ; seules les formes explicitement listées sont retenues dans chaque langue,EXACT_SOURCE_SUBTERM,,,,,DEFER_CONTEXT_ONLY,REVIEW_REQUIRED,NO,Ne pas transformer la possibilité animale ou la catégorie de marché en présence animale certaine.,"Catégorie alternative/mixte ; aucun statut existant applicable à toute la ligne, aucun alias animal_fat proposé.",NONE,,animal or vegetable fats and oils,,NONE,,animal or vegetable fats and oils,NONE,,animal or vegetable fats and oils,,NONE,,animal or vegetable fats and oils,animal or vegetable fats and oils,EN,FAMILY_OR_CURRENT_OWNER_NOT_PROOF_OF_RECOGNITION,BROADER_FAMILY_OR_SPECIFIC_DENOMINATION_REVIEW_REQUIRED,DOCUMENTARY_ONLY,NO_NEW_ALIAS_KEY_PROPOSED,,,,,,,,NOT_PROPOSED_CONTEXT_ONLY,,C885bcab3f2c239,,BROAD_CSV_AND_PRIMARY_PDF,02013R1308,2026-08-18,2026-10-06,fc74f08aa87e22c0fe38cf896a1a323c64cbf7ea
M0299,F09,GRAISSES,MIXED_ORIGIN_CATEGORY,DE,DE,Tierische und pflanzliche Fette und Öle,Tierische und pflanzliche Fette und Öle,,CELEX_02013R1308-20260818_DE_TXT.pdf,154,Annexe I XXIV section 1 NCex1516 p.154,725," Joj obaöl der Unterposition 
ex 1515 90 11) sowie deren Fraktionen, auch raffiniert, jedoch nicht chemisch modifiziert  
ex 1516 Tierische und pflanzliche Fette und Öle sowie deren Fra ktionen, ganz oder teilweise hy­
driert, umgeestert, wiederverestert oder elaidiniert, auch raff iniert, jedoch nicht weiter ver­
arb",64a45b265e50b848f0a1ae239b94a1feef40608b69c69c9e5e14f0ffb7328dda,Rubriques/entrées réglementaires parallèles ; seules les formes explicitement listées sont retenues dans chaque langue,EXACT_SOURCE_SUBTERM,,,,,DEFER_CONTEXT_ONLY,REVIEW_REQUIRED,NO,Ne pas transformer la possibilité animale ou la catégorie de marché en présence animale certaine.,"Catégorie alternative/mixte ; aucun statut existant applicable à toute la ligne, aucun alias animal_fat proposé.",NONE,,tierische und pflanzliche fette und ole,,NONE,,tierische und pflanzliche fette und ole,NONE,,tierische und pflanzliche fette und ole,,NONE,,tierische und pflanzliche fette und ole,tierische und pflanzliche fette und ole,DE,FAMILY_OR_CURRENT_OWNER_NOT_PROOF_OF_RECOGNITION,BROADER_FAMILY_OR_SPECIFIC_DENOMINATION_REVIEW_REQUIRED,DOCUMENTARY_ONLY,NO_NEW_ALIAS_KEY_PROPOSED,,,,,,,,NOT_PROPOSED_CONTEXT_ONLY,,C8d65e6c277e031,,BROAD_CSV_AND_PRIMARY_PDF,02013R1308,2026-08-18,2026-10-06,fc74f08aa87e22c0fe38cf896a1a323c64cbf7ea
